2,Era,#:,Song Title,Credited Artist(s):,Producer(s):,Engineer(s):,Additional Information:,File Name(s) | Metadata:,Instrumental Name(s):,Recording Location(s):,Record Date(s):,Preview Date:,Date(s):,Duration,Category:,Available Files:
5,JUTE,1,2MININHELL 2MININHELL ( Pt. 1 ) | 2 Minutes In Hell ( Pt. 1 ),JuiceTheKidd,J Knight,Pedro Ramirez,-,2MININHELL,Playboi Carti x Maxo Kream x Father x Robb Banks Type Beat - Cash Talk (Prod. J. Knight),"Enviyon Entertainment Recording Studio, Country Club Hills, Chicago, IL.","Recorded January 19, 2016. File Exported January 19, 2016.","First Previewed January 19, 2016.","Surfaced January 15, 2019.",3:42,Single Track ( Complete ),Original Files 2117kbps (.wav) 320kbps (.mp3)
6,JUTE,2,Ain't Talkin' Toronto (with RoadRunner GDo),JuiceTheKidd & RoadRunner GDo,TrellGotWings,Romel Williams,"Originally released on SoundCloud as a single track, but was later removed for unknown reasons.",File Name: AINT TALKIN TORONTO Session Title: AINT TALKING TORONTO.ptx,"Instrumental (1): Future - Halftime [Type Beat] Instrumental (2): Future ft. Young Thug - ""Halftime"" [Type Beat]","Enviyon Entertainment Recording Studio, Country Club Hills, Chicago, IL.","Recorded September 13, 2015.","First Previewed September 24, 2015. First Teased September 24, 2015.","Released October 20, 2015. Session Surfaced December 21, 2025.",4:04,Single Track ( Complete ),Studio Session & Original File 320kbps (.mp3)
7,JUTE,3,Aye Aye,JuiceTheKidd,Dez Wright,Unknown,-,aye aye,,"[ ? ], [ ? ], Chicago, IL.",-,-,"Surfaced August 3, 2021.",6:07,Throwaway Track ( Complete ),Original File 375kbps (.caf)
8,JUTE,4,Blowin' Up Tuesday ( Remix ),JuiceTheKidd,Metro Boomin' & Sonny Digital,Romel Williams,Remixes ILOVEMAKONNEN's 'Tuesday'.,BLOWIN UP-JUICE,,"Enviyon Entertainment Recording Studio, Country Club Hills, Chicago, IL.","Recorded September 27, 2015. File Exported September 27, 2015.",-,"Surfaced June 11, 2020.",4:26,Throwaway Track ( Complete ),Original File 2117kbps (.wav)
9,JUTE,5,Bout That (with RoadRunner GDo) Song was originally called 'About That'.,JuiceTheKidd & RoadRunner GDo,Bobby Williams,Pedro Ramirez,"Originally released on SoundCloud as a single track, but was later removed for unknown reasons.",File Name: ABOUTTHAT_ Session Title: Juice da kidd enviyon session 17.ptx,Drake X ITRTITL X Noah 40 Shebib Type Beat w_ Change - 6shots,"Enviyon Entertainment Recording Studio, Country Club Hills, Chicago, IL.","GDo's Intro & Hook, Juice's Verse November 13, 2015. GDo's Verse November 15, 2015. File Exported November 15, 2015.",-,"Released February 28, 2016. Session Surfaced January 25, 2026.",4:52,Single Track ( Complete ),Studio Session & Original File 2117kbps (.wav)
10,JUTE,6,Don't Waste My Time Only You On My Mind,JuiceTheKidd,Unknown,Pedro Ramirez,-,DONTWASTEMYTIME,,"Enviyon Entertainment Recording Studio, Country Club Hills, Chicago, IL.","Recorded December 10, 2015. File Exported December 10, 2015.",-,"Surfaced June 11, 2020.",3:26,Throwaway Track ( Complete ),Original File 2117kbps (.wav)
11,JUTE,7,Dough,JuiceTheKidd,L Beats,Dorian Snowden,Shares the same instrumental as Baylen's 'Maintain'.,Jay.B X Juice DaKidd - No Course,,"Homewood Public Library Digital Media Lab Recording Studio, Homewood, Chicago, IL.",-,"First Previewed July 15, 2025.","Surfaced January 6, 2026.",4:05,Throwaway Track ( Complete ),Original File 192kbps (.mp3)
12,JUTE,8,Fall Through Song is titled after the instrumental.,JuiceTheKidd,Niko Skipz Productions,Unknown,"Originally released on SoundCloud as a single track, but was later removed for unknown reasons.",,Fall Through | DRAKE TYPE BEAT,"[ ? ], [ ? ], Chicago, IL.",-,-,"Released September 5, 2015.",4:05,Single Track ( Complete ),128kbps (.mp3)
13,JUTE,9,Finesse Me (feat. JuiceTheKidd) New Finesse,King Jefe,Unknown,Pedro Ramirez,-,FINESSEME,,"Enviyon Entertainment Recording Studio, Country Club Hills, Chicago, IL.","Recorded December 27, 2015. File Exported December 27, 2015.",-,"Surfaced July 7, 2020.",3:20,Feature Track ( Complete ),Original File 2117kbps (.wav)
14,JUTE,10,Fuck It How It Go?,JuiceTheKidd,Morgan Lightle,Unknown,-,fuck it,Monark The Producer-Warrior,"[ ? ], [ ? ], Chicago, IL.","Recorded July 3, 2015.",-,"Surfaced January 15, 2019.",3:28,Single Track ( Complete ),Original File 375kbps (.caf)
15,JUTE,11,Goin' Crazy,JuiceTheKidd,IAmMillzMusic,Unknown,-,My Song 23,,"[ ? ] Home Recording Studio, [ ? ], Chicago, IL.","Recorded August 2, 2015.","First Previewed August 2, 2015.","Surfaced July 21, 2021.",4:26,Throwaway Track ( Complete ),Original File 128kbps (.mp3)
16,JUTE,12,I Don't Know,JuiceTheKidd,Classix Beats,Romel Williams,-,i dont know-juicethekid,"Drake Type Beat - ""The View""","Enviyon Entertainment Recording Studio, Country Club Hills, Chicago, IL.","Recorded November 12, 2015. File Exported November 12, 2015.","First Teased July 18, 2016.","Surfaced June 24, 2019.",3:00,Throwaway Track ( Complete ),Original File 2117kbps (.wav)
17,JUTE,13,In My Mind Forever,JuiceTheKidd,Unknown,Pedro Ramirez,Shares the same sample as 'Forever' & 'Forever (Pt. 2)'. Samples Yuna's 'Lullabies (Adventure Club Remix)'. Shares the same instrumental as ShowSlimStunna's 'Forever In My Life'.,INMYMIND,,"Enviyon Entertainment Recording Studio, Country Club Hills, Chicago, IL.","Recorded December 9, 2015. File Exported December 9, 2015.",-,"Surfaced July 31, 2020.",4:14,Throwaway Track ( Complete ),Original File 2117kbps (.wav)
18,JUTE,14,Jordan (Woah) [Pt. 2] WOAH ( Pt. 2 ) Song was originally called 'Jordan'.,JuiceTheKidd,Cam Beats,Dorian Snowden,"Originally released on SoundCloud as a single track, but was later removed for unknown reasons. Sequel song to 'WOAH'.",JuiceTheKidd - Jordan,,"Homewood Public Library Digital Media Lab Recording Studio, Homewood, Chicago, IL.","Recorded January 21, 2016.","First Previewed February 5, 2016. First Teased February 5, 2016.","Released February 5, 2016. Resurfaced July 16, 2018.",3:52,Single Track ( Complete ),Original File 192kbps (.mp3)
19,JUTE,15,KKK Ku Klux Klan,JuiceTheKidd,UrBan Nerd Beats,Romel Williams,-,KKK-JUICE,"""COLD""- UrBan Nerd Beats","Enviyon Entertainment Recording Studio, Country Club Hills, Chicago, IL.","Recorded October 25, 2015. File Exported October 25, 2015.",-,"Surfaced May 21, 2020.",3:34,Throwaway Track ( Complete ),Original File 2117kbps (.wav)
20,JUTE,16,LET'S GO,JuiceTheKidd,DJ Anuedy,Romel Williams,"Originally released on Streaming Platforms as a single track, then it was reissued as track #6 on 'JUICED UP THE EP'.",LETS GO,,"Enviyon Entertainment Recording Studio, Country Club Hills, Chicago, IL.","Recorded October 25, 2015. File Exported October 25, 2015.",-,"Released January 30, 2016. Reissued January 31, 2016. Resurfaced November 5, 2018.",3:43,EP Track ( Complete ),Original File 2117kbps (.wav)
21,JUTE,17,Let's Go (with Gunbo & Mr. Goon) Tube,"JuiceTheKidd, Gunbo & Mr. Goon",Unknown,Unknown,-,tube,Do It for the bag (Instrumental),"[ ? ], [ ? ], Chicago, IL.","Recorded June 28, 2014.",-,"Surfaced June 4, 2023.",5:41,Throwaway Track ( Complete ),Original File 192kbps (.mp3)
22,JUTE,18,Man Man,JuiceTheKidd,Superstaar Beats,Pedro Ramirez,-,MANMAN,,"Enviyon Entertainment Recording Studio, Country Club Hills, Chicago, IL.","Recorded December 27, 2015. File Exported December 27, 2015.",-,"Surfaced June 19, 2020.",4:21,Throwaway Track ( Complete ),Original Files 2117kbps (.wav) 320kbps (.mp3)
23,JUTE,19,"Ohh My, Ohh My",JuiceTheKidd,Derzy,Romel Williams,-,OHH MY OHH MY-JUICE,,"Enviyon Entertainment Recording Studio, Country Club Hills, Chicago, IL.","Recorded January 25-26, 2016. File Exported January 26, 2016.",-,"Surfaced July 28, 2020.",3:30,Throwaway Track ( Complete ),Original Files 2117kbps (.wav) 320kbps (.mp3)
24,JUTE,20,On The Low Let You Know,JuiceTheKidd,Superstaar Beats,Pedro Ramirez,-,ONTHELOW,,"Enviyon Entertainment Recording Studio, Country Club Hills, Chicago, IL.","Recorded December 10, 2015. File Exported December 10, 2015.","First Teased December 10, 2015.","Surfaced June 13, 2020.",4:05,Single Track ( Complete ),Original File 2117kbps (.wav)
25,JUTE,21,Only For You Only For U,JuiceTheKidd,Unknown,Unknown,Samples Anita Baker's 'Whatever It Takes'.,only for u 2,,"[ ? ], [ ? ], Chicago, IL.",-,-,"Surfaced January 15, 2019.",3:52,Single Track ( Complete ),Original File 375kbps (.caf)
26,JUTE,22,Over & Over Song was originally called 'Over 'N Over'.,JuiceTheKidd,Unknown,Romel Williams,"Originally released on SoundCloud as a single track, but was later removed for unknown reasons.",OVER N OVER-JUICE,,"Enviyon Entertainment Recording Studio, Country Club Hills, Chicago, IL.","Recorded September 27, 2015. File Exported September 27, 2015.","First Teased October 29, 2016.","Released October 29, 2015. Resurfaced August 25, 2019.",3:12,Single Track ( Complete ),Original Files 2117kbps (.wav) 320kbps (.mp3)
27,JUTE,23,Thoughts,JuiceTheKidd,Cam Beats,Dorian Snowden,-,JuiceTheKidd - Thoughts 2,,"Homewood Public Library Digital Media Lab Recording Studio, Homewood, Chicago, IL.","Recorded January 21, 2016.","First Previewed February 11, 2016.","Surfaced July 16, 2018.",3:39,Throwaway Track ( Complete ),Original File 192kbps (.mp3)
28,JUTE,24,Trap Phone Bling Hotline Bling ( Remix ),JuiceTheKidd,Kid Jimi & Nineteen85,Romel Williams,"Originally released on SoundCloud as a single track, but was later removed for unknown reasons. Remixes Drake's 'Hotline Bling'.",02 Trap Phone Bling,hotline bling instrumental (prod by kid jimi),"Enviyon Entertainment Recording Studio, Country Club Hills, Chicago, IL.","Recorded September 13, 2015.","First Previewed October 1, 2015. First Teased November 6, 2015.","Released December 2, 2015. Resurfaced December 2, 2018.",4:06,Single Track ( Complete ),Original File 261kbps (.m4a)
29,JUTE,25,Tweekin' (with Zay Loco) Lavender Town,JuiceTheKidd & Zay Loco,Junichi Masuda & TAMALHI,Romel Williams,"Originally released on SoundCloud as a single track, but was later removed for unknown reasons. Samples Junichi Masuda's 'Lavender Town' a song from 'Pokémon Red', 'Blue', 'Green' & 'Yellow'.",File Name: TWEEKIN_NEW Session Title: TWEEKIN-S.ptx Folder Title: TWEEKIN,Instrumental (1): NEW 2015) Instrumental (2): Chris Travis x Denzel Curry x Pouya x Xavier Wulf Type Beat (NEW 2015),"Enviyon Entertainment Recording Studio, Country Club Hills, Chicago, IL.","Recorded September 5, 2015.",-,"Released October 21, 2015. Surfaced November 5, 2018. Session Surfaced January 25, 2026.",3:12,Single Track ( Complete ),Studio Session & Original File 320kbps (.mp3)
30,JUTE,26,Who Are You?,JuiceTheKidd,GLORIOUS BEATS,Dorian Snowden,-,JuiceTheKidd,,"Homewood Public Library Digital Media Lab Recording Studio, Homewood, Chicago, IL.","Recorded January 19, 2016. File Exported January 20, 2016.","First Teased January 19, 2016.","Surfaced August 25, 2019.",3:08,Throwaway Track ( Complete ),Original File 192kbps (.mp3)
31,JUTE,27,You & I,JuiceTheKidd,Unknown,Pedro Ramirez,-,YOU&I,,"Enviyon Entertainment Recording Studio, Country Club Hills, Chicago, IL.","Recorded November 12-13, 2015. File Exported November 13, 2015.",-,"Surfaced July 25, 2020.",4:08,Throwaway Track ( Complete ),Original File 2117kbps (.wav)
33,AFF,1,2MININHELL (Pt. 2) 2 Minutes ( Pt. 2 ) | 2 Minutes In Hell ( Pt. 2 ) | Lose Me,JuiceTheKidd,Unknown,Unknown,Sequel track to '2MININHELL'.,2 MINUTES PART TWO,,"Enviyon Entertainment Recording Studio, Country Club Hills, Chicago, IL.",-,-,"Surfaced May 24, 2020.",3:24,Throwaway Track ( Complete ),Original File 320kbps (.mp3)
34,AFF,2,Chop A Brick SAD ROCKSTAR </3,JuiceTheKidd,King LeeBoy,RoadRunner GDo,-,Chop A Brick (Final),"XXXTENTACION Type Beat 2017 - ""Riot"" (Prod. By King LeeBoy)","RoadRunner GDo's Home Recording Studio, Country Club Hills, Chicago, IL.",-,"First Previewed February 21, 2017. First Teased January 26, 2017.","Surfaced October 12, 2021.",3:19,Throwaway Track ( Complete ),Original File 261kbps (.m4a)
35,AFF,3,DRUGZ (feat. JuiceTheKidd) DRUGS,King Jefe,CaliBaset Beats,Unknown,"Originally released on SoundCloud as a single track, but was later removed for unknown reasons.",,,"Enviyon Entertainment Recording Studio, Country Club Hills, Chicago, IL.","Recorded July [ ? ], 2016.","First Teased August 4, 2016.","Released August 6, 2016.",2:54,Feature & Single Track ( Complete ),128kbps (.mp3)
36,AFF,4,Fuck It Up (feat. JuiceTheKidd),King Jefe,CaliBaset Beats & Don-K,Unknown,"Originally released on SoundCloud as a single track, but was later removed for unknown reasons.",,,"Enviyon Entertainment Recording Studio, Country Club Hills, Chicago, IL.","Recorded July [ ? ], 2016.","First Previewed July 20, 2016.","Released July 22, 2016.",2:26,Feature & Single Track ( Complete ),128kbps (.mp3)
37,AFF,5,GO Paid,JuiceTheKidd,Cam Beats,Dorian Snowden,"Song is unfinished, contains an open verse.",JuiceTheKidd - GO,,"Homewood Public Library Digital Media Lab Recording Studio, Homewood, Chicago, IL.","Recorded May 4, 2016.","First Previewed May 15, 2016.","Surfaced October 13, 2021.",3:26,Throwaway Track ( Hook Only ),Original File 192kbps (.mp3)
38,AFF,6,High Tide Surfin',JuiceTheKidd,Unknown,Unknown,-,high tide 2,,"[ ? ], [ ? ], Chicago, IL.",-,-,"Surfaced August 3, 2021.",2:54,Throwaway Track ( Complete ),Original File 375kbps (.caf)
39,AFF,7,I Love It,JuiceTheKidd,Xavier Jordan,Unknown,-,I LOVE IT _NEW,Instrumental: Luv Instrumental Stems: wizx,"Enviyon Entertainment Recording Studio, Country Club Hills, Chicago, IL.","Recorded August 1-2, 2016.","First Previewed August 2, 2016. First Teased July 26, 2016.","Surfaced July 10, 2023.",3:48,Original Solo Demo Track ( Complete ),Original File 320kbps (.mp3)
40,AFF,8,I Love It (feat. YdotGdot),JuiceTheKidd,Xavier Jordan,Unknown,"Originally released on Spinrilla as track #5 on Enviyon Entertainment's 'THE NEXT', but was later removed after permanent closure of the site. Song originally began as a solo Juice WRLD track.",,Instrumental: Luv Instrumental Stems: wizx,"Enviyon Entertainment Recording Studio, Country Club Hills, Chicago, IL.","Juice's Vocals August 1-2, 2016.",-,"Released September 1, 2016. Resurfaced February 11, 2024.",3:51,Feature & Single Track ( Complete ),320kbps (.mp3)
41,AFF,9,I Wanna,JuiceTheKidd,Nick Mira,Romel Williams,-,I WANNA-JUICETHEKID,,"Enviyon Entertainment Recording Studio, Country Club Hills, Chicago, IL.","Recorded August 15, 2016.","First Previewed August 16, 2016.","Surfaced July 24, 2018.",3:36,Throwaway Track ( Complete ),Original File 320kbps (.mp3)
42,AFF,10,IMDA$$HIXX I'm Da Shit,JuiceTheKidd,6Skilky,Pedro Ramirez,-,IMDA$$HIXX,,"Enviyon Entertainment Recording Studio, Country Club Hills, Chicago, IL.","Recorded March 18, 2016.","First Previewed March 18, 2016.","Surfaced October 27, 2020.",2:18,Throwaway Track ( Complete ),Original File 320kbps (.mp3)
43,AFF,11,Kawasaki,Juice WRLD,Dorien Theus,Unknown,-,KAWASAKI,Wonderland,"Enviyon Entertainment Recording Studio, Country Club Hills, Chicago, IL.","Recorded February 1, 2017.","First Previewed February 1, 2017.","Surfaced June 3, 2018.",3:50,Throwaway Track ( Complete ),Original File 320kbps (.mp3)
44,AFF,12,"Like, Yeah Don't Care",Juice WRLD,Dorien Theus,Unknown,-,LIKE YEAH,,"Enviyon Entertainment Recording Studio, Country Club Hills, Chicago, IL.","Recorded January 18, 2017.",-,"Surfaced May 7, 2020.",3:57,Throwaway Track ( Complete ),Original File 320kbps (.mp3)
45,AFF,13,Masterpiece,JuiceTheKidd,Lord Khep & Unknown,Unknown,Samples Joyner Lucas' 'Ross Capicchioni'.,Juice masterpiece,,"Enviyon Entertainment Recording Studio, Country Club Hills, Chicago, IL.","Recorded May 11, 2016. File Exported May 11, 2016.",-,"Surfaced August 7, 2020.",3:29,Throwaway Track ( Complete ),Original File 2117kbps (.wav)
46,AFF,14,Matrix Different Phases,Juice WRLD,JRHITMAKER & Nick Mira,Unknown,Shares the same instrumental as 'this can't be happening <3'.,MATRIX,Instrumental: Afterparty [Untagged] 140 (Nick Mira & JRHITMAKER) Loop Stems: Capital Loop Kit: JRHITMAKER - Caffeine,"Enviyon Entertainment Recording Studio, Country Club Hills, Chicago, IL.",-,-,"Surfaced April 22, 2020.",4:21,Throwaway Track ( Complete ),Original File 320kbps (.mp3)
47,AFF,15,No Reason,Juice WRLD,Dorien Theus,Romel Williams,-,NO REASON,Valley Untagged 146,"Enviyon Entertainment Recording Studio, Country Club Hills, Chicago, IL.","Recorded December 29, 2016.","First Previewed December 31, 2016.","Surfaced January 19, 2020.",3:45,Throwaway Track ( Complete ),Original File 320kbps (.mp3)
48,AFF,16,On The Rise Count My Dough,JuiceTheKidd,KayGW,Romel Williams,-,ON THE RISE-JUICE THE KID,Lil Uzi Vert Type Beat 2016 - Fetti,"Enviyon Entertainment Recording Studio, Country Club Hills, Chicago, IL.","Recorded August 1-2, 2016.","First Previewed August 2, 2016.","Surfaced June 4, 2020.",3:05,Throwaway Track ( Complete ),Original File 320kbps (.mp3)
49,AFF,17,Pesos,Juice WRLD,Nick Mira,Romel Williams,-,PESOS-,Instrumental: Penthouse [Untagged] 128 Loop: Velocity 125 Loop Kit: Nick Mira - Valkyrie,"Enviyon Entertainment Recording Studio, Country Club Hills, Chicago, IL.","Recorded December 29, 2016.","First Previewed December 29, 2016.","Surfaced May 26, 2018.",4:15,Throwaway Track ( Complete ),Original File 320kbps (.mp3)
50,AFF,18,Ran Off Song is titled after the instrumental.,JuiceTheKidd,CorMill,Unknown,-,ran off,"Instrumental (1): ""RAN OFF"" Madeintyo Type Beat x Lil Yachty x Playboi Carti x Lil Uzi Vert Instrumental (2): LANKY2","Enviyon Entertainment Recording Studio, Country Club Hills, Chicago, IL.","Recorded May 11, 2016. File Exported May 11, 2016.","First Previewed May 14, 2016.","Surfaced August 11, 2020.",3:54,Throwaway Track ( Complete ),Original File 2117kbps (.wav)
51,AFF,19,"Right, Left On My Right",JuiceTheKidd,Dorien Theus & The Martianz,RoadRunner GDo,-,"RL - 1 11 17, 6.01 PM",Loop: Darkly - Blind Spot,"RoadRunner GDo's Home Recording Studio, Country Club Hills, Chicago, IL.","Recorded January 11, 2017.","First Previewed August 22, 2020.","Surfaced May 23, 2023.",4:49,Throwaway Track ( Complete ),Original File 263kbps (.m4a)
52,AFF,20,Watch Me,Juice WRLD,Nick Mira,Unknown,-,watch me,Carter [Untagged] 131,"Enviyon Entertainment Recording Studio, Country Club Hills, Chicago, IL.",-,-,"Surfaced June 24, 2018.",3:55,Throwaway Track ( Complete ),Original File 320kbps (.mp3)
53,AFF,21,Work,JuiceTheKidd,Hella Sketchy,Romel Williams,-,WORK-JUICETHEKID,shordi,"Enviyon Entertainment Recording Studio, Country Club Hills, Chicago, IL.",-,"First Previewed September 16, 2016.","Surfaced August 26, 2020.",2:26,Throwaway Track ( Complete ),Original File 320kbps (.mp3)
54,AFF,22,"Xan, Xan, Xan (with RoadRunner GDo) XXX",Juice WRLD & RoadRunner GDo,GALASSIA,RoadRunner GDo,-,XXX,"Future x YFN Lucci Type Beat ""Hybrid"" | Galassia Beats","RoadRunner GDo's Home Recording Studio, Country Club Hills, Chicago, IL.","Recorded February 4, 2017.",-,"Surfaced May 23, 2023.",3:57,Throwaway Track ( Complete ),Original File 261kbps (.m4a)
55,AFF,23,Yo' Bishh Crew,JuiceTheKidd,Unknown,Unknown,"Originally released on SoundCloud as a single track, but was later removed for unknown reasons.",My Song 40,,"Homewood Public Library Digital Media Lab Recording Studio, Homewood, Chicago, IL.","Recorded February 3, 2016.","First Teased February 4, 2016.","Released February 4, 2016. Resurfaced August 25, 2019.",2:49,Single Track ( Complete ),Original File 192kbps (.mp3)
56,AFF,24,You Freestyle Best I Ever Had ( Remix ),JuiceTheKidd,Boi-1da,Unknown,Remixes Drake's 'Best I Ever Had'.,you freestyle,,"[ ? ], [ ? ], Chicago, IL.",-,-,"Surfaced May 3, 2022.",4:12,Throwaway Track ( Complete ),Original File 375kbps (.caf)
58,HIH 9 9 9,1,Franky On Me (with RoadRunner GDo) Franky On Me ( Pt. 1 ),Juice WRLD & RoadRunner GDo,DeCicco Beats,RoadRunner GDo,"Originally released on SoundCloud & YouTube as a single track, but was later removed for unknown reasons.",,,"RoadRunner GDo's Home Recording Studio, Country Club Hills, Chicago, IL.",-,-,"Released April 18, 2017.",2:52,Single Track ( Complete ),128kbps (.mp3)
59,HIH 9 9 9,2,Hell,Juice WRLD,Dorien Theus,Pedro Ramirez,"Song is unfinished, contains an open verse.",HELL,Remedy Untagged 134,"Enviyon Entertainment Recording Studio, Country Club Hills, Chicago, IL.","Recorded March 20, 2017.","First Teased March 18, 2017.","Surfaced July 3, 2022.",4:18,Throwaway Track ( Open Verse ),Original File 320kbps (.mp3)
60,HIH 9 9 9,3,Tuff Talk Club Wit' A K | Tough Talk,Juice WRLD,IVN,Pedro Ramirez,-,TUFF TALK,"Instrumental (1): ""Flacko"" A$AP Rocky Type Beat (Prod. IVN) Instrumental (2): 424Mastered","Enviyon Entertainment Recording Studio, Country Club Hills, Chicago, IL.","Recorded March 20, 2017.",-,"Surfaced November 27, 2021.",3:13,Throwaway Track ( Complete ),Original File 320kbps (.mp3)
62,JW 9 9 9,1,Money Hunt Double Dutch,Juice WRLD,Joey88,Marcus Gibson,-,File Name: Money Hunt_1st Mix Session Title: 5-27-17.ptx Folder Title: Money Hunt,Goggles115BPM,"Unhkl Flex's Home Recording Studio, Matteson, Chicago, IL.","Recorded May 27, 2017. File Exported July 7, 2017.",-,"Surfaced June 3, 2018. Session Surfaced September 27, 2023.",3:37,Original Solo Demo Track ( Complete ),Studio Session & Original File 320kbps (.mp3)
63,JW 9 9 9,2,No More,Juice WRLD,Nick Mira,Unknown,-,No More,Beat Pack: juicewrld may 2017,"Enviyon Entertainment Recording Studio, Country Club Hills, Chicago, IL.","Recorded May 11, 2017.","First Previewed May 11, 2017. First Teased August 20, 2017.","Surfaced July 16, 2018.",3:26,Throwaway Track ( Complete ),Original File 320kbps (.mp3)
64,JW 9 9 9,3,No Promo Like A Pro,Juice WRLD,IAmMillzMusic & Leaf,Marcus Gibson,-,File Name: NO PROMO 1ST MIX Session Title: 5-27-17 (2).ptx Folder Title: No Promo,BrainstormMASTER (revised)_01,"Unhkl Flex's Home Recording Studio, Matteson, Chicago, IL.","Recorded May 27, 2017. File Exported July 7, 2017.","First Previewed October 18, 2021.","Surfaced August 16, 2022. Session Surfaced December 20, 2023.",4:39,Throwaway Track ( Complete ),Studio Session & Original File 320kbps (.mp3)
65,JW 9 9 9,4,"Oh, No",Juice WRLD,NV,Pedro Ramirez,-,OH NO,Juice WRLD Beat1,"Enviyon Entertainment Recording Studio, Country Club Hills, Chicago, IL.","Recorded April 26, 2017.","First Teased April 28, 2017.","Surfaced July 7, 2020.",3:15,Throwaway Track ( Complete ),Original File 320kbps (.mp3)
66,JW 9 9 9,5,Radio,Juice WRLD,Nick Mira,Unknown,-,RADIO,Instrumental (1): Omega [Untagged] 125 Instrumental (2): Big Sean Type Beat - Omega (Prod. Bricc Flair),"Enviyon Entertainment Recording Studio, Country Club Hills, Chicago, IL.","Recorded May 11, 2017.",-,"Surfaced May 3, 2021.",3:15,Throwaway Track ( Complete ),Original File 320kbps (.mp3)
67,JW 9 9 9,6,Studio Sessions (I don't wanna lose freestyle) </3 I DON'T WANNA LOSE Song was originally untitled.,Juice WRLD,Morgan Lightle,Morgan Lightle,"Originally released on SoundCloud as a single track, but was later removed for unknown reasons.",File Name: Juice Session Title (1): Untitled 1 .logicx Session Title (2): juice.logicx,Smoke Shop,"Morgan Lightle's Home Recording Studio, Homewood, Chicago, IL.","Recorded April 19, 2017.","First Previewed April 19, 2017. First Teased August 2, 2017.","Released May 22, 2017. Resurfaced April 28, 2022. Session Surfaced December 9, 2024.",4:04,Single Track ( Complete ),Studio Session & Original File 263kbps (.m4a)
69,BDM,1,Grace (Teaser),Juice WRLD,Nick Mira & Taz Taylor,RoadRunner GDo,"Song is unfinished, contains an open verse.",Grace (Teaser),Instrumental: NM x TT - Miles 115 BPM Loop Stems: Takeoff Loop Kit: Taz Taylor - Analog Money Beat Pack: Juice August Pack,"RoadRunner GDo's Home Recording Studio, Country Club Hills, Chicago, IL.",-,"First Previewed May 5, 2021. First Teased January 16, 2018.","Surfaced May 9, 2021.",4:27,Throwaway Track ( Open Verse ),Original File 261kbps (.m4a)
70,BDM,2,On My Ex (Don't Know How To Act),Juice WRLD,CashMoneyAp,RoadRunner GDo,Shares the same instrumental as Convolk's 'Diamond Tea Leaves' & 9TAILS' 'Eat That Dirt'.,On My Ex (Dont know how to act),"Lil Uzi Vert Type Beat 2017 - ""Regardless""","RoadRunner GDo's Home Recording Studio, Country Club Hills, Chicago, IL.",-,"First Previewed July 8, 2017. First Teased July 7, 2017.","Surfaced January 18, 2026.",3:39,Throwaway Track ( Complete ),Original File 261kbps (.m4a)
71,BDM,3,Rock,Juice WRLD,Unknown,Morgan Lightle,-,rock,,"Morgan Lightle's Home Recording Studio, Homewood, Chicago, IL.","Recorded July 24, 2017.","First Previewed July 24, 2017.","Surfaced January 30, 2020.",2:57,Throwaway Track ( Complete ),Original File 160kbps (.mp3)
72,BDM,4,Slightly Less Of A Seizure Mind Games,Juice WRLD,E-Trou & Nick Mira,Gary Walker,-,Slighty less of a seazure,Instrumental: NM - Contrast 155 BPM Loop Stems: Ultra Loop Kit: E-Trou - Sapphire,"Columbia College University Center Dormitory Recording Studio, South Loop, Chicago, IL.","Recorded October 29, 2017.",-,"Surfaced January 17, 2022.",1:45,Throwaway Track ( Complete ),Original File 160kbps (.mp3)
73,BDM,5,Watts Demon Girl | Deserve It | Monster Song is untitled.,Juice WRLD,JRHITMAKER & Nick Mira,Morgan Lightle,-,File Name: august 2 Session Title (1): Juice.logicx Session Title (2): august 2.logicx,Instrumental: NM - Watts 140 BPM MIDI: Glue,"Morgan Lightle's Home Recording Studio, Homewood, Chicago, IL.","Recorded August 1, 2017. File Exported August 2, 2017.","First Previewed August 1, 2017.","Surfaced December 18, 2023. Session Surfaced December 9, 2024.",3:12,Throwaway Track ( Complete ),Studio Session & Original File 160kbps (.mp3)
74,BDM,6,Your Man (with 9DSVN) France,Juice WRLD & 9DSVN,Nick Mira,Morgan Lightle,"Song is unfinished, contains an open verse.",File Name: Your Man Session Title (1): Untitled 1 .logicx Session Title (2): Your Man.logicx,Fourty 142 BPM,"Morgan Lightle's Home Recording Studio, Homewood, Chicago, IL.","Recorded July 11, 2017.","First Previewed July 11, 2017.","Surfaced May 2, 2021. Session Surfaced December 9, 2024.",6:47,Throwaway Track ( Open Verse ),Studio Session & Original File 160kbps (.mp3)
76,ND </3,1,Act Right (with RoadRunner GDo) Too Over Attached,Juice WRLD & RoadRunner GDo,Dorien Theus,RoadRunner GDo,"Originally released on SoundCloud for RoadRunner GDo's 'Minor Stepbacks', but was later removed for unknown reasons.",Act Right (Final Draft),Instrumental: Divide UT 161 Loop Stems: Divide,"RoadRunner GDo's Home Recording Studio, Country Club Hills, Chicago, IL.",-,"First Previewed December 3, 2017.","Released December 20, 2017.",2:50,Single Track ( Complete ),Original File 257kbps (.m4a)
77,ND </3,2,All Burnt Up (v1) Anti,Juice WRLD,Dez Wright & Nick Mira,Juice WRLD,"Song is unfinished, contains an open verse.",File Name: Markee Session Session Title (1): anti.ptx Session Title (2): all burnt up.ptx,Instrumental: NM x DW - Treat 147 BPM Beat Pack: 11.25.17 Juice,"Unhkl Flex's Home Recording Studio, Matteson, Chicago, IL.","Recorded December 4, 2017.",-,"Surfaced March 1, 2022. Session Surfaced January 25, 2026.",3:42,Original Demo Track ( Open Verse ),Studio Session & Original File 320kbps (.mp3)
78,ND </3,3,All Burnt Up (v2) Anti,Juice WRLD,Dez Wright & Nick Mira,Juice WRLD,"Song is unfinished, contains an open verse.",File Name: Markee Session_1 Session Title (1): anti.ptx Session Title (2): all burnt up.ptx Folder Title: anti,Instrumental: NM x DW - Treat 147 BPM Beat Pack: 11.25.17 Juice,"Unhkl Flex's Home Recording Studio, Matteson, Chicago, IL.","Recorded December 4, 2017.",-,"Surfaced December 24, 2025. Session Surfaced January 25, 2026.",3:42,Alternate Demo Track ( Open Verse ),Studio Session & Original File 320kbps (.mp3)
79,ND </3,4,Champagne*,Juice WRLD,Nick Mira & The Saint S,Gary Walker,-,,Instrumental: NM x S - Valhalla 150BPM Beat Pack: juice december,"Columbia College University Center Dormitory Recording Studio, South Loop, Chicago, IL.","Recorded December 15-16, 2017.","First Teased December 14, 2017.","Surfaced January 25, 2026.",3:12,Throwaway Track ( Complete ),320kbps (.mp3)
80,ND </3,5,DARK PLACE (demo) Feeling Myself,Juice WRLD,Daniel Cripps & ManuelG,Juice WRLD,"Originally released on SoundCloud as track #2 on 'NOTHING'S DIFFERENT </3', but was later removed for unknown reasons. Samples Daniel Cripps' 'Emotional Song'. Shares the same instrumental as 'Doomed For Life*'.",File Name: dark place Session Title: feeling myself.ptx Folder Title: Feeling Myself,Sad Guitar Song HQ :'(,"Unhkl Flex's Home Recording Studio, Matteson, Chicago, IL.","Recorded December 11, 2017.",-,"Released December 22, 2017. Session Surfaced December 2, 2023.",2:26,EP Track ( Complete ),Studio Session & Original File 320kbps (.mp3)
81,ND </3,6,Don't Know What I'm On (v1) Don't Know What I Know Song was originally called 'Feelin' (They Don't Know)'.,Juice WRLD,Dez Wright & Nick Mira,Juice WRLD,-,File Name: dont know what i know mp3 Session Title (1): feelin.ptx Session Title (2): feelin (they dont know).ptx Folder Title: Don't Know What I Know,Instrumental: NM x DW - Feelin 148BPM Beat Pack: 11.25.17 Juice,"Unhkl Flex's Home Recording Studio, Matteson, Chicago, IL.","Recorded December 20, 2017.","First Previewed December 20, 2017. First Teased December 20, 2017.","Surfaced July 3, 2022. Session Surfaced December 17, 2023.",4:58,Original Demo Track ( Complete ),Studio Session & Original File 320kbps (.mp3)
82,ND </3,7,Don't Know What I'm On (v2) Don't Know What I Know Song was originally called 'Feelin' (They Don't Know)'.,Juice WRLD,Dez Wright & Nick Mira,Juice WRLD,-,File Name: dont know what im on new mix Session Title (1): feelin.ptx Session Title (2): feelin (they dont know).ptx Folder Title: Don't Know What I Know,Instrumental: NM x DW - Feelin 148BPM Beat Pack: 11.25.17 Juice,"Unhkl Flex's Home Recording Studio, Matteson, Chicago, IL.","Recorded December 20, 2017.",-,"Surfaced January 15, 2019. Session Surfaced December 17, 2023.",4:58,Alternate Demo Track ( Complete ),Studio Session & Original File 320kbps (.mp3)
83,ND </3,8,Don't Know What I'm On (v3) Don't Know What I Know Song was originally called 'Feelin' (They Don't Know)'.,Juice WRLD,Dez Wright & Nick Mira,Juice WRLD,-,File Name: dont know what im on final mix Session Title (1): feelin.ptx Session Title (2): feelin (they dont know).ptx Folder Title: Don't Know What I Know,Instrumental: NM x DW - Feelin 148BPM Beat Pack: 11.25.17 Juice,"Unhkl Flex's Home Recording Studio, Matteson, Chicago, IL.","Recorded December 20, 2017.",-,"Surfaced February 16, 2023. Session Surfaced December 17, 2023.",4:58,Alternate Demo Track ( Complete ),Studio Session & Original File 320kbps (.mp3)
84,ND </3,9,Drunk (Pt. 2) Withdrawals,Juice WRLD,Nick Mira & Gary Walker,Gary Walker,Shares the same instrumental as 'Psychedelics'.,File Name: Drunk Part 2_mixdown Session Title: Drunk Part 2.sesx,Instrumental: NM - Sore 144BPM Beat Pack: juice december,"Columbia College University Center Dormitory Recording Studio, South Loop, Chicago, IL.","Recorded December 15-16, 2017.","First Previewed September 9, 2020.","Surfaced April 22, 2022.",3:22,Throwaway Track ( Complete ),Original File 192kbps (.mp3)
85,ND </3,10,Freestyle Buckle My Shoe,Juice WRLD,Dorien Theus,Unknown,-,FREESYLE,beam 143,"Enviyon Entertainment Recording Studio, Country Club Hills, Chicago, IL.",-,-,"Surfaced October 22, 2020.",3:07,Throwaway Track ( Complete ),Original File 320kbps (.mp3)
86,ND </3,11,Go Home,Juice WRLD,Nick Mira,Unknown,-,go home,Instrumental: Digital [Untagged] 112 Loop: DigitalLife 131 Loop Kit: Nick Mira - Valkyrie,"Enviyon Entertainment Recording Studio, Country Club Hills, Chicago, IL.",-,"First Previewed November 24, 2019.","Surfaced July 2, 2020.",3:43,Throwaway Track ( Complete ),Original File 320kbps (.mp3)
87,ND </3,12,Insanity Like This | No Vanity,Juice WRLD,JRHITMAKER & Nick Mira,Juice WRLD,-,File Name: Markee Session Session Title (1): like this.ptx Session Title (2): insanity.ptx Folder Title: like this,Instrumental: NM x JR - Christian 158 BPM MIDI: Delta Beat Pack: 11.25.17 Juice,"Unhkl Flex's Home Recording Studio, Matteson, Chicago, IL.","Recorded December 4, 2017.","First Previewed December 6, 2017.","Surfaced March 3, 2022. Session Surfaced January 25, 2026.",3:14,Throwaway Track ( Complete ),Studio Session & Original File 320kbps (.mp3)
88,ND </3,13,Let Me Go 999 | Left Me Cold,Juice WRLD,E-Trou & Nick Mira,Juice WRLD,"Song is unfinished, contains an open verse.",File Name: let me go Session Title: 999.ptx,Instrumental: NM - Rose 146 BPM Loop: FuxThisUp 138bpm Loop Kit: E-Trou - Paracosm Beat Pack: 11.25.17 Juice,"Unhkl Flex's Home Recording Studio, Matteson, Chicago, IL.","Recorded December 2, 2017.","First Previewed January 4, 2018.","Surfaced December 15, 2025.",4:09,Throwaway Track ( Open Verse ),Original File 320kbps (.mp3)
89,ND </3,14,Like That,Juice WRLD,Dez Wright & Nick Mira,Gary Walker,-,File Name: Like That_mixdown Session Title: Like That.sesx,Loop: ex 150bpm Loop Kit: Dez Wright - Wildflower Beat Pack: 11.25.17 Juice,"Columbia College University Center Dormitory Recording Studio, South Loop, Chicago, IL.","Recorded December 16, 2017.",-,"Surfaced May 10, 2024.",3:51,Throwaway Track ( Complete ),Original File 320kbps (.mp3)
90,ND </3,15,Lost Myself Kiss And Tell Song is titled after the instrumental.,Juice WRLD,The Beat Asylum,Juice WRLD,-,File Name: LOST MY SELF Session Title: LOST MYSELF.ptx,LOST MYSELF BPM120,"Unhkl Flex's Home Recording Studio, Matteson, Chicago, IL.","Recorded December 4, 2017. File Exported January 17, 2023.","First Previewed January 17, 2023.","Surfaced July 12, 2025. Session Surfaced July 12, 2025.",3:29,Throwaway Track ( Complete ),Studio Session & Original File 2117kbps (.wav)
91,ND </3,16,Make It Sell,Juice WRLD,Nick Mira,Romel Williams,Shares the same instrumental as 'Take No Chance'.,MAKE IT SELL,Instrumental: NM - Forever 160 BPM Beat Pack: Juice August Pack,"Enviyon Entertainment Recording Studio, Country Club Hills, Chicago, IL.","Recorded November 19, 2017.","First Previewed January 7, 2018.","Surfaced June 27, 2018.",3:00,Throwaway Track ( Complete ),Original File 320kbps (.mp3)
92,ND </3,17,Miracle* Spiritual,Juice WRLD,Dorien Theus & Klimax Productions,Juice WRLD,Shares the same instrumental as 'Shoot For Love'.,Session Title: juice.ptx,"Instrumental (1): Lift UT 158 Instrumental (2): Tory Lanez Type Beat - ""Lift"" (Prod. by Klimax Productions x Sidepce) 2017","Unhkl Flex's Home Recording Studio, Matteson, Chicago, IL.","Recorded December 2, 2017.","First Previewed December 2, 2017.","Surfaced January 24, 2026. Session Surfaced January 25, 2026.",2:47,Throwaway Track ( Complete ),Studio Session & Pro Tools Export
93,ND </3,18,"No Love, No Trust 999 (v1) Trust No One ( Pt. 1 ) | Trust No One, Love No One 999 </3 Song was originally called 'No Love, No Trust'.",Juice WRLD,The Beat Asylum,Juice WRLD,-,File Name: no love no trust Session Title: Auto Dot.ptx Folder Title: no love x love myself,BETS BELIEVE BPM141,"Unhkl Flex's Home Recording Studio, Matteson, Chicago, IL.","Recorded November 22-23, 2017.","First Previewed November 23, 2017. First Teased November 23, 2017.","Surfaced January 25, 2026. Session Surfaced October 13, 2025.",3:05,Original Demo Track ( Complete ),Studio Session & Original File 320kbps (.mp3)
94,ND </3,19,"No Love, No Trust 999 (v2) Trust No One ( Pt. 1 ) | Trust No One, Love No One 999 </3 Song was originally called 'No Love, No Trust'.",Juice WRLD,The Beat Asylum,Juice WRLD,-,File Name: no love no trust_1 Session Title: Auto Dot.ptx Folder Title: no love x love myself,BETS BELIEVE BPM141,"Unhkl Flex's Home Recording Studio, Matteson, Chicago, IL.","Recorded November 22-23, 2017.",-,"Surfaced July 7, 2019. Session Surfaced October 13, 2025.",3:04,Alternate Demo Track ( Complete ),Studio Session & Original File 320kbps (.mp3)
95,ND </3,20,No Smoke (v1) Get Smoked Song was originally called 'You Want Smoke?'.,Juice WRLD,Dorien Theus,Juice WRLD,Shares the same instrumental as 'Break'.,File Name: NO SMOKE Session Title: you want smoke.ptx Folder Title: Wathca Doin,Instrumental: Break UT 165 Loop: sauceitdown 155,"Unhkl Flex's Home Recording Studio, Matteson, Chicago, IL.","Recorded December 10-19, 2017.",-,"Surfaced October 12, 2023. Session Surfaced December 2, 2023.",2:07,Original Demo Track ( Complete ),Studio Session & Original File 320kbps (.mp3)
96,ND </3,21,No Smoke (v2) Get Smoked Song was originally called 'You Want Smoke?'.,Juice WRLD,Dorien Theus,Juice WRLD,Shares the same instrumental as 'Break'.,File Name: NO SMOKE new mix Session Title: you want smoke.ptx Folder Title: Wathca Doin,Instrumental: Break UT 165 Loop: sauceitdown 155,"Unhkl Flex's Home Recording Studio, Matteson, Chicago, IL.","Recorded December 10-19, 2017.",-,"Surfaced November 22, 2024. Session Surfaced December 2, 2023.",2:07,Alternate Demo Track ( Complete ),Studio Session & Original File 320kbps (.mp3)
97,ND </3,22,OK Leave Me Alone | Okay,Juice WRLD,Nick Mira & VONDORK,Romel Williams,-,OK,Instrumental: NM - Loser 155BPM Loop: ALIVE -Guitar Beat Pack: 11.25.17 Juice,"Enviyon Entertainment Recording Studio, Country Club Hills, Chicago, IL.","Recorded November 19, 2017.",-,"Surfaced August 9, 2018.",4:14,Throwaway Track ( Complete ),Original File 320kbps (.mp3)
98,ND </3,23,On And On (v1),Juice WRLD,Dorien Theus & Nick Mira,Juice WRLD,Shares the same instrumental as 'I Can't Remember'.,File Name: on and on Session Title: droptop..ptx Folder Title: Droptop,Instrumental: Droptop 150 BPM Loop Stems: Dreemvill Loop Kit: DT - Elegance Beat Pack: 11.25.17 Juice,"Unhkl Flex's Home Recording Studio, Matteson, Chicago, IL.","Recorded December 10-19, 2017.",-,"Surfaced April 10, 2023. Session Surfaced December 3, 2023.",3:15,Original Demo Track ( Complete ),Studio Session & Original File 320kbps (.mp3)
99,ND </3,24,On And On (v2),Juice WRLD,Dorien Theus & Nick Mira,Juice WRLD,Shares the same instrumental as 'I Can't Remember'.,File Name: on and on new mix Session Title: droptop..ptx Folder Title: Droptop,Instrumental: Droptop 150 BPM Loop Stems: Dreemvill Loop Kit: DT - Elegance Beat Pack: 11.25.17 Juice,"Unhkl Flex's Home Recording Studio, Matteson, Chicago, IL.","Recorded December 10-19, 2017.","First Previewed April 10, 2021.","Surfaced May 6, 2021. Session Surfaced December 3, 2023.",3:15,Alternate Demo Track ( Complete ),Studio Session & Original File 320kbps (.mp3)
100,ND </3,25,Out My Face (v1) Arrow | Going M.I.A | M.I.A,Juice WRLD,Nick Mira,Juice WRLD,-,File Name: Markee Session Session Title: arrow.ptx Folder Title: Arrow,Instrumental: NM - Arrow 85 BPM Beat Pack: 11.25.17 Juice,"Unhkl Flex's Home Recording Studio, Matteson, Chicago, IL.","Recorded December 20, 2017.","First Previewed December 20, 2017.","Surfaced October 10, 2023. Session Surfaced October 10, 2023.",3:00,Original Demo Track ( Complete ),Studio Session & Original File 320kbps (.mp3)
101,ND </3,26,Realize (v1),Juice WRLD,The Beat Asylum,Juice WRLD,"Song is unfinished, contains an open verse.",File Name: rrealize Session Title: realize.ptx,flex21,"Unhkl Flex's Home Recording Studio, Matteson, Chicago, IL.","Recorded December 11, 2017.","First Previewed December [ ? ], 2017. First Teased January 9, 2018.","Surfaced February 26, 2023. Session Surfaced September 13, 2023.",3:38,Original Demo Track ( Open Verse ),Studio Session & Original File 320kbps (.mp3)
102,ND </3,27,Thank Me Later Hate Me Later,Juice WRLD,Dorien Theus & Nick Mira,Juice WRLD,"Song is unfinished, contains an open verse.",File Name: Markee Session Session Title: Auto Dot.ptx,Instrumental: DT x NM - Breeze 150 Loop: nick mira - unknownism 140bpm,"Unhkl Flex's Home Recording Studio, Matteson, Chicago, IL.","Recorded December 3, 2017.","First Previewed March 19, 2025.","Surfaced October 28, 2025. Session Surfaced January 14, 2026.",4:41,Throwaway Track ( Open Verse ),Studio Session & Original File 320kbps (.mp3)
103,ND </3,28,Too Far (v1),Juice WRLD,Nick Mira,Juice WRLD,Shares the same instrumental as 'Track Race'.,File Name: too far Session Title: NM RANCH TOO FAR.ptx Folder Title: Ranch,Instrumental: NM - Ranch 167 BPM Loop Stems: Nick Mira - Return 167 BPM Beat Pack: Juice August Pack,"Unhkl Flex's Home Recording Studio, Matteson, Chicago, IL.","Recorded December 11, 2017. File Exported December 11, 2017.",-,"Surfaced December 1, 2023. Session Surfaced December 3, 2023.",1:59,Original Demo Track ( Complete ),Studio Session & Original File 2117kbps (.wav)
104,ND </3,29,Too Far (v2),Juice WRLD,Nick Mira,Juice WRLD,Shares the same instrumental as 'Track Race'.,File Name: too far_1 Session Title: NM RANCH TOO FAR.ptx Folder Title: Ranch,Instrumental: NM - Ranch 167 BPM Loop Stems: Nick Mira - Return 167 BPM Beat Pack: Juice August Pack,"Unhkl Flex's Home Recording Studio, Matteson, Chicago, IL.","Recorded December 11, 2017.",-,"Surfaced May 21, 2018. Session Surfaced December 3, 2023.",2:05,Alternate Demo Track ( Complete ),Studio Session & Original File 320kbps (.mp3)
105,ND </3,30,Triple 9 999 | Sipping 999,Juice WRLD,Nick Mira,Marcus Gibson,Within the file metadata it mentions that Pollari was meant to be the featured artist over the open verse.,Triple 9 _ 1st Mix Open Verse_1,Instrumental: NM - Outside 145 BPM Beat Pack: 11.25.17 Juice,"Unhkl Flex's Home Recording Studio, Matteson, Chicago, IL.","Recorded November 27, 2017.","First Previewed January 7, 2018. First Teased November 27, 2017.","Surfaced December 30, 2021.",3:35,Original Solo Demo Track ( Open Verse ),Original File 320kbps (.mp3)
107,ND </3,1,Believe In Me (with Joey88) [v1],Juice WRLD & Joey88,Joey88,Juice WRLD,"Song is unfinished, contains an open verse.",Session Title: believe in me.ptx Folder Title: Believe In Me,100BPM,"Unhkl Flex's Home Recording Studio, Matteson, Chicago, IL.","Recorded December 11, 2017.","First Previewed October 23, 2023.","Surfaced November 28, 2023. Session Surfaced May 18, 2024.",3:12,Original Demo Track ( Unexported ) [ Open Verse ],Studio Session & Pro Tools Export
108,ND </3,2,Break Song is untitled.,Juice WRLD,Dorien Theus,Juice WRLD,Shares the same instrumental as 'No Smoke'.,Session Title: Auto Dot.ptx,Instrumental: Break UT 165 Loop: sauceitdown 155,"Unhkl Flex's Home Recording Studio, Matteson, Chicago, IL.","Recorded December 2-3, 2017.",-,"Surfaced December 8, 2025. Session Surfaced January 14, 2026.",4:04,Scrapped Track ( Unexported ) [ Empty Project File ],Studio Session & Pro Tools Edit
109,ND </3,3,I Can't Remember Warm,Juice WRLD,Dorien Theus & Nick Mira,Juice WRLD,"Shares the same instrumental as 'On And On'. Song is unfinished, hook only.",Session Title: i cant remember.ptx,Instrumental: Droptop 150 BPM Loop Stems: Dreemvill Loop Kit: DT - Elegance Beat Pack: 11.25.17 Juice,"Unhkl Flex's Home Recording Studio, Matteson, Chicago, IL.","Recorded December 4, 2017.",-,"Surfaced December 15, 2025. Session Surfaced January 25, 2026.",4:03,Throwaway Track ( Unexported ) [ Hook Only ],Studio Session & Pro Tools Export
110,ND </3,4,Move The Bale (with Unhkl Flex) [v1] Song was originally called 'The Bale'.,Juice WRLD & Unhkl Flex,Joey88,Juice WRLD,-,Session Title: move the bell.ptx Folder Title: Move The Bell,the bell juice and alfred,"Unhkl Flex's Home Recording Studio, Matteson, Chicago, IL.","Recorded December 16, 2017.",-,"Surfaced January 25, 2026. Session Surfaced January 25, 2026.",2:33,Scrapped Original Demo Track ( Unexported ) [ Empty Project File ],Studio Session & Pro Tools Edit
111,ND </3,5,Soldier Song is untitled.,Juice WRLD,Nick Mira & Robin Guthrie,Juice WRLD,Shares the same sample as Kali's 'Przeznaczenie'.,Session Title: 11-11-17.ptx Folder Title: soldier,Instrumental (1): Soldier 131 BPM_Master Instrumental (2): 24hrs Type Beat - Soldier (Prod. Bricc Flair) Loop: Robin Guthrie - Elemental,"Unhkl Flex's Home Recording Studio, Matteson, Chicago, IL.","Recorded November 22, 2017.","First Previewed November 23, 2017.","Surfaced January 25, 2026. Session Surfaced January 25, 2026.",4:25,Scrapped Track ( Unexported ) [ Open Verse ],Studio Session & Pro Tools Export
113,GB&GR,1,27 Club (v1) Show Me Love,Juice WRLD,Mitch Mula,Mitch Mula,-,27 Club,,"Private Stock Recording Studio, Mayfair, Chicago, IL.",-,-,"Surfaced October 5, 2020.",2:08,Original Demo Track ( Complete ),Original File 320kbps (.mp3)
114,GB&GR,2,734 (v1) 7.3.4 | 7/3/4 | Think Too Much,Juice WRLD,InpyJK & Nick Mira,BJ Mekk,-,File Name: Juice WRLD - 7.3.4 Session Title: Juice Wrld - 7/3/4.ptx,Instrumental: NM - Morgue 157BPM Loop: Guitar Theme Beat Pack: NM - Juice 5.16,"Paramount Ameraycan Recording Studio, North Hollywood, Los Angeles, CA.","Recorded May 21-22, 2018. File Exported May 25, 2018.",-,"Surfaced December 29, 2020. Session Surfaced December 29, 2020.",3:15,Original Demo Track ( Complete ),Studio Session & Original Files 3072kbps (.wav) 320kbps (.mp3)
115,GB&GR,3,911* Overdose Song is untitled.,Juice WRLD,Dorien Theus,Blake Harden & James Kang,"Song is unfinished, contains an open verse.",File Name: Juice Wrld_6 Session Title: Juice Wrld_6.ptx,DT - Paralyze 161,"Blue Room West Recording Studio, West Hollywood, Los Angeles, CA.","Recorded May 6, 2018.","First Previewed May 6, 2018.","Surfaced June 24, 2018. Session Surfaced September 26, 2025.",3:22,Throwaway Track ( Open Verse ),Studio Session & Original File 320kbps (.mp3)
116,GB&GR,4,999 Alkaline,Juice WRLD,Nick Mira,James Kang,"Song is unfinished, contains an open verse.",File Name: 999 Session Title: SONG3.ptx,Instrumental: NM - Claymore 140BPM Beat Pack: NM - Juice Feb 18,"Blue Room West Recording Studio, West Hollywood, Los Angeles, CA.","Recorded March 5, 2018.",-,"Surfaced June 9, 2020. Session Surfaced September 1, 2023.",3:12,Throwaway Track ( Open Verse ),Studio Session & Original File 320kbps (.mp3)
117,GB&GR,5,Addicted Song is titled after the instrumental.,Juice WRLD,Mega Beats,Max Lord,-,juice wrld - addicted v1.0,"""Addicted"" - (2017) Future / Lil Uzi Vert / Metro Boomin Type Beat","Blue Room West Recording Studio, West Hollywood, Los Angeles, CA.","Recorded April 7-8, 2018.",-,"Surfaced August 18, 2019.",3:05,Throwaway Track ( Complete ),Original File 320kbps (.mp3)
118,GB&GR,6,Airport Security (with Lil Yachty),Juice WRLD & Lil Yachty,Nick Mira,2Fly & Max Lord,-,Juice x Yachty - Airport Security 4.12.18,Instrumental: NM - Premiere 140BPM Beat Pack: NM Juice 4.12,"Blue Room West Recording Studio, West Hollywood, Los Angeles, CA.","Recorded April 12-13, 2018.",-,"Surfaced October 27, 2019.",3:07,Throwaway Track ( Complete ),Original File 320kbps (.mp3)
119,GB&GR,7,All Girls Are The Same (Remix) [feat. Lil Yachty] AGATS ( Pt. 1 ) | ALL GIRLS ARE THE SAME 999 | Same ( Pt. 1 ) Song was originally called 'Same'.,Juice WRLD,Nick Mira,"Morgan Lightle, Thomas Mann & Unknown","Originally released on SoundCloud as a single track, but was later removed for copyright violations. An alternate version of this track exists containing a verse from G Herbo. Song originally began as a solo Juice WRLD track.",,Instrumental: NM - Maker 162BPM Open Verse File: SAME 162BPM G MAJ (OPEN 2ND)_01-02,"Juice's Vocals Morgan Lightle's Home Recording Studio, Homewood, Chicago, IL.","Juice's Vocals December 14, 2017. Yachty's Vocals March [ ? ], 2018.","First Previewed March 22, 2018.","Released June 25, 2018.",2:46,Feature & Remix Track ( Complete ),128kbps (.mp3)
120,GB&GR,8,All Girls Are The Same ( v2 ) AGATS ( Pt. 1 ) | ALL GIRLS ARE THE SAME 999 | Same ( Pt. 1 ) Song was originally called 'Same'.,Juice WRLD,Nick Mira,Morgan Lightle & Unknown,Open verse version of the song which was sent to G Herbo & Lil Yachty.,SAME 162BPM G MAJ (OPEN 2ND)_01-02,NM - Maker 162BPM,"Morgan Lightle's Home Recording Studio, Homewood, Chicago, IL.","Recorded December 14, 2017.",-,"Surfaced November 4, 2021.",2:49,Alternate Solo Demo Track ( Open Verse ),Original File 320kbps (.mp3)
121,GB&GR,9,All Girls Are The Same 2 (Insecure) [v1] AGATS ( Pt. 2 ) | Same ( Pt. 2 ) Song was originally called 'Insecurities'.,Juice WRLD,Louis Bell,Louis Bell,Sequel track to 'All Girls Are The Same'.,Juice WRLD - Insecurities (All Girls Are The Same) (Part 2),,"Electric Feel Recording Studio, West Hollywood, Los Angeles, CA.","Recorded March 1, 2018.","First Previewed November 15, 2024.","Surfaced November 22, 2024.",3:11,Original Solo Demo Track ( Complete ),Original File 320kbps (.mp3)
122,GB&GR,10,All On My Own,Juice WRLD,Adio & Plu2o Nash,Blake Harden,"Originally released on SoundCloud as a single track, but was later removed for unknown reasons.",File Name: ALL ON MY OWN_RUFF 1 Session Title (1): Song 3_Juice.ptx Session Title (2): ALL ON MY OWN.ptx,adionash2,"Blue Room West Recording Studio, West Hollywood, Los Angeles, CA.","Recorded February 27, 2018.",-,"Released February 27, 2018. Session Surfaced January 25, 2026.",1:59,Throwaway Track ( Complete ),Studio Session & Original File 320kbps (.mp3)
123,GB&GR,11,All Smoke,Juice WRLD,Oz On The Track,Oz On The Track,-,File Name: all Smoke (rough) Session Title: april 16 song.ptx,arpil 16 beat 3 142,"ATS Records Recording Studio, West Loop, Chicago, IL.","Recorded April 16, 2018.",-,"Surfaced May 11, 2020. Session Surfaced June 20, 2022.",2:01,Throwaway Track ( Complete ),Studio Session & Original File 320kbps (.mp3)
124,GB&GR,12,All Talk,Juice WRLD,Cashmere Cat,James Kang,"Song is unfinished, hook only. Intro samples a vocal of the character Jasper Beardly from The Simpsons Season 1, Episode 11 'The Crepes of Wrath'.",File Name: ALL TALK Session Title: SONG.ptx,luvvvvvbox,"Blue Room West Recording Studio, West Hollywood, Los Angeles, CA.","Recorded May 8, 2018.",-,"Surfaced June 16, 2018. Session Surfaced January 25, 2026.",2:37,Throwaway Track ( Hook Only ),Studio Session & Original File 320kbps (.mp3)
125,GB&GR,13,All The Same,Juice WRLD,Chopsquad DJ & CuBeatz,James Kang,-,File Name: ALL THE SAME Session Title: SONG2.ptx,BOOMINATI DJ 341CU},"Blue Room West Recording Studio, West Hollywood, Los Angeles, CA.","Recorded March 21, 2018.","First Previewed March 22, 2018.","Surfaced June 16, 2018. Session Surfaced December 17, 2023.",2:48,Throwaway Track ( Complete ),Studio Session & Original File 320kbps (.mp3)
126,GB&GR,14,Already (v1) Wild Rockstar999,Juice WRLD,Joey88,Juice WRLD,"Song is unfinished, contains an open verse. Samples Jay Rock's 'Wow Freestyle'.",File Name: Markee Session Session Title: wild rockstar999 kta.ptx Folder Title: Wild Rockstar999,TRAP FLUTE BPM137,"Unhkl Flex's Home Recording Studio, Matteson, Chicago, IL.","Recorded January 7, 2018.","First Previewed February 20, 2022.","Surfaced April 24, 2022. Session Surfaced September 10, 2023.",3:30,Original Demo Track ( Open Verse ),Studio Session & Original File 320kbps (.mp3)
127,GB&GR,15,Already (v2),Juice WRLD,Joey88,Unknown,Samples Jay Rock's 'Wow Freestyle'.,juice WRLD - already,TRAP FLUTE BPM137,"Fort Knox Recording Studio, Mayfair, Chicago, IL.","Recorded January 11-12, 2018.","First Previewed January 11-12, 2018.","Surfaced January 17, 2022.",3:30,Alternate Demo Track ( Complete ),Original File 256kbps (.mp3)
128,GB&GR,16,Already Dead (v1) Song was originally called 'Relapse'.,Juice WRLD,Dorien Theus & Nick Mira,Joey Galvan,-,File Name: 03.20.18 Juice Wrld - Relapse V1 Session Title (1): 03.20.18 Juice Wrld Song 4.ptx Session Title (2): 03.20.18 Juice Wrld Song 4 - Relapse.ptx,Instrumental: NM x DT - Quits 167BPM Loop: DT - Quit 165 Loop Kit: DT - Grace Beat Pack: Nick Mira - March 18,"Paramount Recording Studio, Santa Monica, Los Angeles, CA.","Recorded March 21, 2018. File Exported October 21, 2021.","First Previewed March 21, 2018. First Teased March 21, 2018.","Surfaced October 26, 2021. Session Surfaced October 26, 2021.",3:51,Original Demo Track ( Complete ),Studio Session & Original Files 2117kbps (.wav) 320kbps (.mp3)
129,GB&GR,17,Analog,Juice WRLD,Nick Mira,James Kang,"Song is unfinished, contains an open verse.",File Name: ANALOG Session Title: SONG3.ptx,Instrumental: NM - Cartela 153BPM Beat Pack: NM Juice 4.12,"Blue Room West Recording Studio, West Hollywood, Los Angeles, CA.","Recorded April 14, 2018.",-,"Surfaced November 2, 2019. Session Surfaced September 14, 2023.",3:27,Throwaway Track ( Open Verse ),Studio Session & Original File 320kbps (.mp3)
130,GB&GR,18,Another One DJ Khaled,Juice WRLD,"Chase Davis, FreebandE & Sonic",Chris Barnett,-,File Name: ANOTHER ONE @cbmix Session Title: ANOTHER ONE.ptx,Chase x Sonic - Citgo,"Glass Tree Creative Recording Studio, Downtown, Chicago, IL.","Recorded January 28, 2018. File Exported January 28, 2018.","First Previewed January 28, 2018.","Surfaced July 20, 2021. Session Surfaced August 16, 2023.",3:02,Throwaway Track ( Complete ),Studio Session & Original Files 1411kbps (.wav) 320kbps (.mp3)
131,GB&GR,19,Any Other Way (v1),Juice WRLD,Cardo Got Wings & RicandThadeus,Patrik Ehrenbald-Plummer,Samples Cardo & Pi'erre Bourne's 'Kevin Durant'.,Juice WRLD - Any Other Way rough v1,,"NightBird Recording Studio, West Hollywood, Los Angeles, CA.","Recorded March 10-11, 2018.",-,"Surfaced July 31, 2018.",3:20,Original Demo Track ( Complete ),Original File 320kbps (.mp3)
132,GB&GR,20,Any Other Way (v2),Juice WRLD,Cardo Got Wings & RicandThadeus,Patrik Ehrenbald-Plummer,Samples Cardo & Pi'erre Bourne's 'Kevin Durant'.,Juice WRLD - Any Other Way rough v2,,"NightBird Recording Studio, West Hollywood, Los Angeles, CA.","Recorded March 10-11, 2018.","First Previewed March 12-13, 2018.","Surfaced July 5, 2023.",3:20,Alternate Demo Track ( Complete ),Original File 320kbps (.mp3)
133,GB&GR,21,Back In Chicago,Juice WRLD,Robert Mefford & TreeHouzSounds,Oz On The Track,Samples Dellafuente & Rels B's 'BUENES GENES'. Shares the same sample as Trippie Redd's 'Can't Love'.,File Name: Back in Chicago (rough) Session Title: Playlist Temp.ptx,Instrumental: bout you - 160bpm Eminor Loop: TRHZ_guitar_loop_smooth_68_Em,"ATS Records Recording Studio, West Loop, Chicago, IL.","Recorded April 15, 2018.",-,"Surfaced July 7, 2020. Session Surfaced March 2, 2022.",2:24,Throwaway Track ( Complete ),Studio Session & Original File 320kbps (.mp3)
134,GB&GR,22,Bad Romance,Juice WRLD,Danny Wolf & Otxhello,Thomas Cullison,Shares the same sample as Young Thug's 'Pointless'.,File Name: BAD ROMANCE REF Session Title: BAD ROMANCE.ptx,Instrumental: love Loop: BWB WAV R US LOOP 4 122BPM,"Chalice Recording Studio, West Hollywood, Los Angeles, CA.","Recorded February 20, 2018.","First Previewed February 24-25, 2018.","Surfaced September 28, 2022.",2:09,Throwaway Track ( Complete ),Original File 320kbps (.mp3)
135,GB&GR,23,Bank Account,Juice WRLD,JuiceMadeThat,Oz On The Track,-,File Name: Bank Accouint (rough) Session Title: april 16 song 6.ptx,4-14-18,"ATS Records Recording Studio, West Loop, Chicago, IL.","Recorded April 17, 2018.",-,"Surfaced July 7, 2020. Session Surfaced June 14, 2022.",1:54,Throwaway Track ( Complete ),Studio Session & Original File 320kbps (.mp3)
136,GB&GR,24,Been Awhile* Song is untitled.,Juice WRLD,"Chase Davis, GLOhan & Sonic",DJ Victoriouz,-,dj vic 3,,"Fort Knox Recording Studio, Mayfair, Chicago, IL.","Recorded January 10, 2018.","First Previewed January 10, 2018.","Surfaced June 3, 2018.",2:46,Throwaway Track ( Complete ),Original File 256kbps (.mp3)
137,GB&GR,25,Before Tomorrow (feat. Juice WRLD) Slaughter,Lil Bibby,Sonic,Unknown,"Song is unfinished, contains an open verse. Song originally began as a solo Lil Bibby track.",Before Tomorrow - rough 2,Open Verse File: Before Tomorrow - rough,"Fort Knox Recording Studio, Mayfair, Chicago, IL.","Juice's Vocals January 30, 2018.","First Previewed January 31, 2018.","Surfaced August 5, 2022.",2:52,Feature Track ( Open Verse ),Original File 320kbps (.mp3)
138,GB&GR,26,Billy Idol,Juice WRLD,Murda Beatz,James Kang,"Song is unfinished, contains an open verse. Samples Beck's 'Touch The People'.",File Name: BILLY IDOL Session Title: SONG1.ptx,gs 151,"Blue Room West Recording Studio, West Hollywood, Los Angeles, CA.","Recorded March 1, 2018.",-,"Surfaced September 14, 2019. Session Surfaced October 7, 2024.",2:58,Throwaway Track ( Open Verse ),Studio Session & Original File 320kbps (.mp3)
139,GB&GR,27,Black & White ( v1 ) Song was originally called 'Friends'.,Juice WRLD,Benny Blanco & Cashmere Cat,Alex Layne & Benny Blanco,-,friends 1.0,,"Record Plant Recording Studio, West Hollywood, Los Angeles, CA.","Recorded May 8, 2018.","First Previewed May 21, 2018.","Surfaced August 4, 2022.",3:12,Original Demo Track ( Complete ),Original File 320kbps (.mp3)
140,GB&GR,28,Blindfold So Low,Juice WRLD,Oz On The Track,Oz On The Track,-,File Name: Blind Fold (rough) Session Title: song 2.ptx,april 15 sample 4 148,"ATS Records Recording Studio, West Loop, Chicago, IL.","Recorded April 16, 2018.",-,"Surfaced July 7, 2020. Session Surfaced March 2, 2022.",1:57,Throwaway Track ( Complete ),Studio Session & Original File 320kbps (.mp3)
141,GB&GR,29,Blink-182 (with Tyla Yaweh) [v1],Juice WRLD & Tyla Yaweh,Dorien Theus & Nick Mira,Joey Galvan,"Originally released on SoundCloud as a single track, but was later removed for unknown reasons.",03.20.18 Juice Wrld - Blink 182,Instrumental: NM x DT - Shynin 178PM Loop: DT - Chief 150 Loop Kit: DT - Grace Beat Pack: Nick Mira - March 18,"Paramount Recording Studio, Santa Monica, Los Angeles, CA.","Recorded March 20, 2018.","First Teased May 31, 2018.","Released May 31, 2018.",2:33,Original Demo & Single Track ( Complete ),Original File 320kbps (.mp3)
142,GB&GR,30,Blink-182 (with Tyla Yaweh) [v2],Juice WRLD & Tyla Yaweh,Dorien Theus & Nick Mira,Joey Galvan,-,03.20.18 Juice Wrld - Blink 182 V2,Instrumental: NM x DT - Shynin 178PM Loop: DT - Chief 150 Loop Kit: DT - Grace Beat Pack: Nick Mira - March 18,"Paramount Recording Studio, Santa Monica, Los Angeles, CA.","Recorded March 20, 2018.",-,"Surfaced October 17, 2022.",2:30,Alternate Demo Track ( Complete ),Original File 320kbps (.mp3)
143,GB&GR,31,Bonnie And Clyde,Juice WRLD,Da Honorable C.N.O.T.E.,Blake Harden,-,File Name: bonnie and clyde_ruff 1 Session Title: Song 1_02-27-2018_juice.ptx,true 125,"Blue Room West Recording Studio, West Hollywood, Los Angeles, CA.","Recorded February 28, 2018.","First Teased February 28, 2018.","Surfaced June 17, 2018. Session Surfaced November 18, 2023.",3:19,Throwaway Track ( Complete ),Studio Session & Original File 320kbps (.mp3)
144,GB&GR,32,Boss Now* I'm On Fire,Juice WRLD,Dorien Theus,Unknown,"Shares the same instrumental as 'Reach', 'Reach 2' & 'Reach Freestyle'.",,Instrumental: DT - Reach 160BPM MIDI: pager Loop Stems: Taliban160,"Premier Recording Studio, Midtown West, New York City, NY.","Recorded May 17-18, 2018.","First Previewed February 10, 2024.","Surfaced May 31, 2025.",2:00,Throwaway Track ( Complete ),320kbps (.mp3)
145,GB&GR,33,Bottle* Song is untitled.,Juice WRLD,Nick Mira & Pharaoh Vice,Marquis Robinson,-,File Name: Juice 2-13-18 Session Title: Juice 2-13-18.ptx,Instrumental: PV x NM - Glo - 165 Loop: nick mira - willingly 165bpm Loop Kit: Nick Mira - Odyssey,"Complex 2010 Recording Studio, China Town, Chicago, IL.","Recorded February 13, 2018.","First Previewed February 13, 2018.","Surfaced May 21, 2018. Session Surfaced June 4, 2023.",3:06,Throwaway Track ( Complete ),Studio Session & Original File 320kbps (.mp3)
146,GB&GR,34,Bullet For My Valentine (v1) Song is titled after the instrumental.,Juice WRLD,Colin Richardson & Mitch Mula,James Kang,Samples Bullet For My Valentine's 'Tears Don't Fall'.,File Name: BULLET FOR MY VALENTINE Session Title: SONG2.ptx,Bullet For My Valentine[82],"Blue Room West Recording Studio, West Hollywood, Los Angeles, CA.","Recorded May 8, 2018.","First Previewed May 31, 2018. First Teased May 8, 2018.","Surfaced June 16, 2018. Session Surfaced January 29, 2024.",2:55,Original Demo Track ( Complete ),Studio Session & Original File 320kbps (.mp3)
147,GB&GR,35,Burberry Timbs (v1) Song was originally called 'Stomp 'Em Out'.,Juice WRLD,Mustard,Matthew Jacobson,-,Juice WRLD_Stomp Em Out_08,,"Paramount Encore Recording Studios, Burbank, Los Angeles, CA.","Recorded February 27, 2018.",-,"Surfaced July 11, 2019.",3:08,Original Solo Demo Track ( Complete ),Original File 320kbps (.mp3)
148,GB&GR,36,By Myself Lonely,Juice WRLD,Chris Barnett,Chris Barnett,-,File Name: Juice Wrld - By Myself prod by Cbmix Session Title: 1.ptx,Instrumental: Juice Wrld - By Myself prod by Cbmix - instrumental Loop: tr_4 (piano) Instrumental Stems: tr_4,"Blue Room West Recording Studio, West Hollywood, Los Angeles, CA.","Recorded May 3, 2018. File Exported May 3, 2018.","First Previewed May 12, 2023.","Surfaced May 31, 2023. Session Surfaced August 15, 2023.",3:15,Throwaway Track ( Complete ),Studio Session & Original Files 1411kbps (.wav) 320kbps (.mp3)
149,GB&GR,37,Cali Girl Cali ( Pt. 2 ) | Cali Girl ( Pt. 2 ) | cali girl... where are you? </3 ( Pt. 2 ),Juice WRLD,Nick Mira & Taz Taylor,Shaan Singh,Sequel track to 'cali girl... where are you? </3'.,,Instrumental: NM x TT - Bikes 160BPM Loop: Hollywood_Insert 1 Loop Kit: Taz Taylor - Digital Dollars Beat Pack: juice feb 1,"Chalice Recording Studio, West Hollywood, Los Angeles, CA.","Recorded February 17-18, 2018.","First Previewed March 8, 2018. First Teased October 21, 2017.","Surfaced January 25, 2026.",4:00,Throwaway Track ( Complete ),320kbps (.mp3)
150,GB&GR,38,Can't Feel My Face,Juice WRLD,The Beat Asylum,Juice WRLD,"Shares the same instrumental as 'Safe', 'Slowly' & 'Whole Lotta Shots'. Song is unfinished, contains an open verse.",cant feel my face,JUICE XXX,"Unhkl Flex's Home Recording Studio, Matteson, Chicago, IL.","Recorded December 23, 2017.",-,"Surfaced October 7, 2021. Session Surfaced December 2, 2023.",3:13,Throwaway Track ( Open Verse ),Studio Session & Original File 320kbps (.mp3)
151,GB&GR,39,Can't Survive Wrong Side Of The Bed,Juice WRLD,HazeBanga,James Kang,"Song is unfinished, contains an open verse.",File Name: CANT SURVIVE Session Title: SONG1.ptx,,"Blue Room West Recording Studio, West Hollywood, Los Angeles, CA.","Recorded March 23, 2018.",-,"Surfaced June 6, 2019.",2:44,Throwaway Track ( Open Verse ),Original File 320kbps (.mp3)
152,GB&GR,40,Candles (v1) Song is titled after the instrumental.,Juice WRLD,"Jo L'Z, Nick Mira & Taz Taylor",PrettyBoy Pablo,-,File Name: juice- candles Session Title: Candles.ptx,Instrumental: TT x NM - Candles 157BPM MIDI: Jasmine Beat Pack: juice feb 1,"Penthouse Recording Studio, Times Square, New York City, NY.","Recorded February 4-5, 2018. File Exported February 5, 2018.",-,"Surfaced December 5, 2022. Session Surfaced October 1, 2022.",4:03,Original Demo Track ( Complete ),Studio Session & Original Files 2117kbps (.wav) 320kbps (.mp3)
153,GB&GR,41,Carrera Love Cage Song is titled after the instrumental.,Juice WRLD,Nick Mira,Thomas Cullison,"Song is unfinished, contains an open verse. Shares the same instrumental as Iann Dior's 'Who Cares'.",File Name: CARERRA REF Session Title: CARERRA.ptx,Instrumental: NM - Carrera 156BPM MIDI: nm - cables Beat Pack: NM - Juice Feb 18,"Chalice Recording Studio, West Hollywood, Los Angeles, CA.","Recorded February 18-19, 2018.",-,"Surfaced September 28, 2022.",4:20,Throwaway Track ( Open Verse ),Original File 320kbps (.mp3)
154,GB&GR,42,Chase You Down,Juice WRLD,Cardo Got Wings & Yung Exclusive,Patrik Ehrenbald-Plummer,Shares the same instrumental as Pi'erre Bourne's 'Lose Him*'.,Juice WRLD - Change You Down rough v1,,"NightBird Recording Studio, West Hollywood, Los Angeles, CA.","Recorded March 10-11, 2018.",-,"Surfaced March 23, 2019.",2:58,Throwaway Track ( Complete ),Original File 320kbps (.mp3)
155,GB&GR,43,Chemical Imbalance,Juice WRLD,Smokeasac,Eli,-,File Name: JuiceWRLD - Chemical Inbalance (ELIMIX1) Session Title: apr27.3456.ptx,smokeasac - misery loves company 1st 160 bpm,"Glass Tree Creative Recording Studio, Downtown, Chicago, IL.","Recorded April 28, 2018. File Exported April 28, 2018.",-,"Surfaced August 15, 2023. Session Surfaced August 15, 2023.",1:51,Throwaway Track ( Complete ),Studio Session & Original Files 2117kbps (.wav) 320kbps (.mp3)
156,GB&GR,44,Chimp,Juice WRLD,Pi'erre Bourne,Patrik Ehrenbald-Plummer,-,File Name: Juice WRLD - Chimp rough v1 Session Title: JW yoyo6.ptx Folder Title: JW Chimp,yoyo6 157,"Blue Room West Recording Studio, West Hollywood, Los Angeles, CA.","Recorded February 21-22, 2018.","First Previewed March 4-5, 2018.","Surfaced July 16, 2018. Session Surfaced September 28, 2024.",2:50,Throwaway Track ( Complete ),Studio Session & Original File 320kbps (.mp3)
157,GB&GR,45,Choppa (with D. Savage) [v1] Song was originally untitled.,Juice WRLD & D. Savage,Mega Beats,Patrik Ehrenbald-Plummer,-,File Name: JW x D Savage Session Title: JW x G Savage.ptx,"""Murder"" - (2017) Tay-K 47 / Playboi Carti Type Beat","Blue Room West Recording Studio, West Hollywood, Los Angeles, CA.","Recorded February 23, 2018.",-,"Surfaced August 23, 2023.",2:14,Original Demo Track ( Complete ),Original File 320kbps (.mp3)
158,GB&GR,46,Chosen One (feat. Juice WRLD & G Herbo),Prince Bopp,Goose,"Max Lord, Oz On The Track & Unknown","Originally released on YouTube as a single track, but was later removed for unknown reasons. Song originally began as a Juice WRLD & Prince Bopp track.",chosen one (rough),,"Juice's Vocals Blue Room West Recording Studio, West Hollywood, Los Angeles, CA. Herbo's Vocals ATS Records Recording Studio, West Loop, Chicago, IL.","Juice's Vocals April 11-12, 2018. Herbo's Vocals April 22, 2018.",-,"Released June 4, 2020.",3:02,Feature Track ( Complete ),256kbps (.mp3)
159,GB&GR,47,Chosen One (feat. Juice WRLD) [v1],Prince Bopp,Goose,"2Fly, Max Lord & Unknown","Song is unfinished, contains an open verse.",Prince Bopp x Juice WRLD - Chosen One 4.11,,"Juice's Vocals Blue Room West Recording Studio, West Hollywood, Los Angeles, CA.","Juice's Vocals April 11-12, 2018.",-,"Surfaced August 3, 2023.",3:02,Original Feature Demo Track ( Open Verse ),Original File 320kbps (.mp3)
160,GB&GR,48,Chosen One (feat. Juice WRLD) [v2],Prince Bopp,Goose,"2Fly, Max Lord & Unknown","Song is unfinished, contains an open verse.",Prince Bopp x Juice - 2x8bars Chosen One 4.11,,"Juice's Vocals Blue Room West Recording Studio, West Hollywood, Los Angeles, CA.","Juice's Vocals April 11-12, 2018.",-,"Surfaced August 3, 2023.",3:14,Alternate Feature Demo Track ( Open Verse ),Original File 320kbps (.mp3)
161,GB&GR,49,Cigarettes (v1),Juice WRLD,BradoSanz & Nick Mira,Justin Craig,Shares the same instrumental as SwaVay's 'Stargirl'.,File Name: Cigarettes (ROUGH) Session Title: Sans 160.ptx,Instrumental: NM - Sans 160BPM Loop: Run Right Past You - Acoustic Bridge Beat Pack: Nick Mira - March 18,"Glass Tree Creative Recording Studio, Downtown, Chicago, IL.","Recorded March 31, 2018.",-,"Surfaced October 7, 2018. Session Surfaced June 28, 2023.",3:48,Original Demo Track ( Complete ),Studio Session & Original File 320kbps (.mp3)
162,GB&GR,50,Cigarettes (v2),Juice WRLD,BradoSanz & Nick Mira,Justin Craig,Shares the same instrumental as SwaVay's 'Stargirl'.,File Name: Cigarettes (JcraigMix)160Bpm Session Title: Sans 160.ptx,Instrumental: NM - Sans 160BPM Loop: Run Right Past You - Acoustic Bridge Beat Pack: Nick Mira - March 18,"Glass Tree Creative Recording Studio, Downtown, Chicago, IL.","Recorded March 31, 2018. File Exported April 3, 2018.",-,"Surfaced May 7, 2023. Session Surfaced June 28, 2023.",3:49,Alternate Demo Track ( Complete ),Studio Session & Original File 1411kbps (.wav)
163,GB&GR,51,Circles Song is titled after the instrumental.,Juice WRLD,Danny Wolf & DILIP,Thomas Cullison,Shares the same instrumental as 'Love And Leave Them'.,File Name: CIRCLES REF Session Title: CIRCLES.ptx,circlesa,"Chalice Recording Studio, West Hollywood, Los Angeles, CA.","Recorded February 20, 2018.",-,"Surfaced November 18, 2022.",2:55,Throwaway Track ( Complete ),Original File 320kbps (.mp3)
164,GB&GR,52,Classroom,Juice WRLD,Murda Beatz,James Kang,Shares the same instrumental as 'They Said I Changed'.,File Name: CLASSROOM Session Title: SONG4.ptx,they said i changed 147,"Blue Room West Recording Studio, West Hollywood, Los Angeles, CA.","Recorded March 3, 2018.","First Previewed March 3, 2018.","Surfaced September 6, 2019. Session Surfaced January 24, 2024.",3:02,Throwaway Track ( Complete ),Studio Session & Original File 320kbps (.mp3)
165,GB&GR,53,Clean Crossing The Line,Juice WRLD,Nick Mira,Patrik Ehrenbald-Plummer,"Shares the same instrumental as 'Orange', also shares a very similar instrumental with Landon Cube's '17' featuring Lil Skies.",Juice WRLD - Clean 3.9.18 rough v1,Instrumental: NM - Orange 140BPM MIDI: nm - shameless Beat Pack: juice feb 1,"NightBird Recording Studio, West Hollywood, Los Angeles, CA.","Recorded March 9, 2018.",-,"Surfaced July 7, 2020.",3:33,Throwaway Track ( Complete ),Original File 320kbps (.mp3)
166,GB&GR,54,Click Click (with Lil Bibby & Ski Mask The Slump God) [v1] Incense Song was originally called 'Click Clat'.,"Juice WRLD, Lil Bibby & Ski Mask The Slump God",PrettyBoy Pablo,PrettyBoy Pablo,-,File Name: Lil Bibby x Ski Mask The SlumpGod x Juice - Click Clat (Prod. PrettyBoy P) Session Title: Super Saiyan.ptx,ybn omar,"Penthouse Recording Studio, Times Square, New York City, NY.","Recorded February 4, 2018. File Exported February 4, 2018.","First Previewed February 4, 2018.","Surfaced November 1, 2022. Session Surfaced November 2, 2022.",2:06,Original Demo Track ( Complete ),Studio Session & Original Files 2117kbps (.wav) 320kbps (.mp3)
167,GB&GR,55,Click Click (with Lil Bibby & Ski Mask The Slump God) [v2] Incense Song was originally called 'Click Clat'.,"Juice WRLD, Lil Bibby & Ski Mask The Slump God",PrettyBoy Pablo,PrettyBoy Pablo,-,File Name: juice - super saiyan Session Title: Super Saiyan S.ptx,ybn omar,"Penthouse Recording Studio, Times Square, New York City, NY.","Recorded February 4-5, 2018. File Exported February 5, 2018.",-,"Surfaced October 10, 2024. Session Surfaced November 2, 2022.",3:52,Alternate Demo Track ( Complete ),Studio Session & Original Files 2117kbps (.wav) 320kbps (.mp3)
168,GB&GR,56,Click Click (with Lil Bibby & Ski Mask The Slump God) [v3] Incense Song was originally called 'Click Clat'.,"Juice WRLD, Lil Bibby & Ski Mask The Slump God",PrettyBoy Pablo,PrettyBoy Pablo & Unknown,-,File Name: CLICK CLICK Session Title: Super Saiyan S.ptx,ybn omar,"Penthouse Recording Studio, Times Square, New York City, NY.","Recorded February 4-5, 2018. File Exported February 5, 2018.",-,"Surfaced November 1, 2022. Session Surfaced November 2, 2022.",2:52,Alternate Demo Track ( Complete ),Studio Session & Original Files 2117kbps (.wav) 320kbps (.mp3)
169,GB&GR,57,Cocaine (v1),Juice WRLD,D.o.M.o & Mitch Mula,Mitch Mula,"Official edit made by Mitch Mula, reusing Juice WRLD's vocal outtakes from 'Meagan Good'.","Juice Wrld - Cocaine [Prod By Mitch Mula, D.o.M.o]",,"Private Stock Recording Studio, Mayfair, Chicago, IL.",-,-,"Surfaced January 7, 2021.",3:27,Official Original Edit Demo Track ( Complete ),Original File 320kbps (.mp3)
170,GB&GR,58,Codeine Casket,Juice WRLD,Murda Beatz,James Kang,-,File Name: CODEINE CASKET Session Title: SONG3.ptx,ribbons 185,"Blue Room West Recording Studio, West Hollywood, Los Angeles, CA.","Recorded March 2, 2018.",-,"Surfaced August 17, 2019. Session Surfaced October 19, 2023.",2:35,Throwaway Track ( Complete ),Studio Session & Original File 320kbps (.mp3)
171,GB&GR,59,Codeine Music Lair,Juice WRLD,Dorien Theus & Lz,Blake Harden & James Kang,"Song is unfinished, contains an open verse.",File Name: Juice Wrld_7 Session Title: Juice Wrld_7.ptx,Instrumental: DT x LZ - Glacier 147BPM Loop: dt.glacier147,"Blue Room West Recording Studio, West Hollywood, Los Angeles, CA.","Recorded May 6, 2018.","First Previewed May 31, 2018.","Surfaced July 16, 2018.",3:16,Throwaway Track ( Open Verse ),Original File 320kbps (.mp3)
172,GB&GR,60,Coffins Perc Floating Song is titled after the instrumental.,Juice WRLD,Nick Mira,2Fly & Max Lord,"Song is unfinished, contains an open verse.",Juice Coffins 4.12.18,Instrumental: NM - Coffins 160BPM Beat Pack: NM Juice 4.12,"Blue Room West Recording Studio, West Hollywood, Los Angeles, CA.","Recorded April 12-13, 2018.",-,"Surfaced November 24, 2019.",2:54,Throwaway Track ( Open Verse ),Original File 320kbps (.mp3)
173,GB&GR,61,Come Around,Juice WRLD,Mustard,Matthew Jacobson,-,Juice WRLD_Come Around_03,,"Paramount Encore Recording Studios, Burbank, Los Angeles, CA.","Recorded February 27, 2018.",-,"Surfaced June 3, 2019.",3:13,Throwaway Track ( Complete ),Original File 320kbps (.mp3)
174,GB&GR,62,Complications,Juice WRLD,HazeBanga,James Kang,"Song is unfinished, contains an open verse.",COMPLICATIONS,,"Blue Room West Recording Studio, West Hollywood, Los Angeles, CA.",-,-,"Surfaced June 5, 2019.",3:29,Throwaway Track ( Open Verse ),Original File 320kbps (.mp3)
175,GB&GR,63,Confessions,Juice WRLD,Danny Wolf,Justin Craig,-,Confessions (ROUGH),,"Glass Tree Creative Recording Studio, Downtown, Chicago, IL.","Recorded April 2, 2018.","First Previewed April 2, 2018.","Surfaced March 27, 2021.",3:25,Throwaway Track ( Complete ),Original File 320kbps (.mp3)
176,GB&GR,64,Connection (feat. Juice WRLD) Connections,Wifisfuneral,Cian P & Cris Dinero,Henry Daher & Justin Craig,Song originally began as a solo Wifisfuneral track.,File Name: Wifi's Funeral (JcraigMix) 140Bpm Session Title: Wifi's Funeral.ptx,Open Verse File: Connections (prod. Cris Dinero),"Juice's Vocals Glass Tree Creative Recording Studio, Downtown, Chicago, IL.","Juice's Vocals March 26, 2018. File Exported March 26, 2018.",-,"Surfaced May 17, 2021. Session Surfaced August 16, 2023.",2:48,Feature Track ( Complete ),Studio Session & Original Files 1411kbps (.wav) 320kbps (.mp3)
177,GB&GR,65,Cosby Not Sorry,Juice WRLD,Nick Mira,Justin Craig,"Song is unfinished, contains an open verse.",File Name: Cosby (ROUGH) Session Title: throttle 140.ptx,Instrumental: NM - Throttle 140 BPM Beat Pack: Juice August Pack,"Glass Tree Creative Recording Studio, Downtown, Chicago, IL.","Recorded May 1, 2018.","First Previewed June 26, 2018.","Surfaced October 15, 2021. Session Surfaced June 28, 2023.",3:26,Throwaway Track ( Open Verse ),Studio Session & Original File 320kbps (.mp3)
178,GB&GR,66,"Crazy Things* Song is titled 'CB XIV', after the instrumental.",Juice WRLD,Chris Barnett,Thomas Cullison,-,File Name: CB XIV REF Session Title: UNTITLED.ptx,CB XIV 0230 re vamped,"Chalice Recording Studio, West Hollywood, Los Angeles, CA.","Recorded February 20, 2018.",-,"Surfaced October 17, 2022. Session Surfaced August 16, 2023.",3:17,Throwaway Track ( Complete ),Studio Session & Original File 320kbps (.mp3)
179,GB&GR,67,Curse From An Angel,Juice WRLD,Chris Barnett,Chris Barnett,"Song is unfinished, contains an open verse.",File Name: Juice Wrld - Curse From an Angel prod by Cbmix (open verse) Session Title: cb 3.ptx,Loop: rdtfyystertrdyfyh (piano) Instrumental Stems: rdtfyystertrdyfyh,"Glass Tree Creative Recording Studio, Downtown, Chicago, IL.","Recorded April 24, 2018. File Exported April 24, 2018.",-,"Surfaced August 11, 2023. Session Surfaced April 27, 2025.",3:25,Throwaway Track ( Open Verse ),Studio Session & Original Files 1411kbps (.wav) 320kbps (.mp3)
180,GB&GR,68,"Dagger* (with MadeInTYO) FaceTime Song is titled '63', after the instrumental.",Juice WRLD & MadeInTYO,CHASETHEMONEY,Thomas Cullison,-,File Name: 63 REF Session Title: 63.ptx,63 BPM 166,"Chalice Recording Studio, West Hollywood, Los Angeles, CA.","Recorded February 20-21, 2018.","First Previewed February 20-21, 2018.","Surfaced October 11, 2021.",2:41,Throwaway Track ( Complete ),Original File 320kbps (.mp3)
181,GB&GR,69,Dark Queen Death Penalty Song is titled after the instrumental.,Juice WRLD,Mega Beats,Patrik Ehrenbald-Plummer,Samples Radix's 'Dragon Atlas'. Shares the same sample as Siouxxie Sixxsta's 'Keygen'.,Juice DarkQueen rough v1,"Instrumental: ""Dark Queen"" - (2017) Lil Uzi Vert / Luv is Rage 2 Type Beat Loop: R2R - Image-Line v1.0.1 Keygen Music","NightBird Recording Studio, West Hollywood, Los Angeles, CA.","Recorded March 9-13, 2018.","First Previewed March 12-13, 2018.","Surfaced May 7, 2020.",3:32,Throwaway Track ( Complete ),Original File 320kbps (.mp3)
182,GB&GR,70,Deprived,Juice WRLD,SadBoyShawn,Justin Craig,-,File Name: Deprived (ROUGH) Session Title: Tears.ptx,xxtearssbsxx,"Glass Tree Creative Recording Studio, Downtown, Chicago, IL.","Recorded March 29, 2018.","First Previewed March 29, 2018.","Surfaced March 27, 2021. Session Surfaced November 15, 2023.",2:10,Throwaway Track ( Complete ),Studio Session & Original File 320kbps (.mp3)
183,GB&GR,71,Devil Horns (v1),Juice WRLD,Fincw & Nick Mira,Joey Galvan,Shares the same instrumental as MAJ's 'Love Me'.,03.20.18 Juice Wrld Devil Horns V1,Instrumental: NM - Cadia 135BPM Loop: Pop Punk Guitar Riff Beat Pack: Nick Mira - March 18,"Paramount Recording Studio, Santa Monica, Los Angeles, CA.","Recorded March 20, 2018.",-,"Surfaced July 15, 2023.",3:54,Original Demo Track ( Complete ),Original File 320kbps (.mp3)
184,GB&GR,72,Devil Horns (v2),Juice WRLD,Fincw & Nick Mira,Joey Galvan,Shares the same instrumental as MAJ's 'Love Me'.,03.20.18 Juice Wrld Devil Horns V2,Instrumental: NM - Cadia 135BPM Loop: Pop Punk Guitar Riff Beat Pack: Nick Mira - March 18,"Paramount Recording Studio, Santa Monica, Los Angeles, CA.","Recorded March 20, 2018.","First Previewed March 21, 2018.","Surfaced May 28, 2018.",3:50,Alternate Demo Track ( Complete ),Original File 320kbps (.mp3)
185,GB&GR,73,"Devil In A Red Dress (v1) Song was originally titled 'FGCHB', after the instrumental.",Juice WRLD,Chris Barnett & Unknown,Thomas Cullison,-,File Name: FGCHB REF Session Title: FGCHB.ptx,fgchb_3.0_2,"Chalice Recording Studio, West Hollywood, Los Angeles, CA.","Recorded February 19-20, 2018.",-,"Surfaced October 17, 2022. Session Surfaced August 15, 2023.",2:49,Original Demo Track ( Complete ),Studio Session & Original File 320kbps (.mp3)
186,GB&GR,74,Die To Me,Juice WRLD,Oz On The Track,Oz On The Track,"Song is unfinished, contains an open verse.",File Name: Die to me (rough) Session Title: april 16 song 7.ptx,arpil 16 beat 2 152,"ATS Records Recording Studio, West Loop, Chicago, IL.","Recorded April 17, 2018.",-,"Surfaced June 8, 2020. Session Surfaced June 22, 2022.",2:57,Throwaway Track ( Open Verse ),Studio Session & Original File 320kbps (.mp3)
187,GB&GR,75,Disco (with Lil Flash) Bentley Truck Song is titled after the instrumental.,Juice WRLD & Lil Flash,Danny Wolf & DILIP,Thomas Cullison,-,File Name: DISCO REF Session Title: DISCO.ptx,disco,"Chalice Recording Studio, West Hollywood, Los Angeles, CA.","Recorded February 19, 2018.",-,"Surfaced September 29, 2022.",3:06,Throwaway Track ( Complete ),Original File 320kbps (.mp3)
188,GB&GR,76,Don't Care Junkie,Juice WRLD,Kirk Knight,James Kang,"Song is unfinished, contains an open verse.",File Name: DONT CARE Session Title: SONG2.ptx,lipstick (150 revision,"Blue Room West Recording Studio, West Hollywood, Los Angeles, CA.","Recorded March 22, 2018.","First Previewed July 1, 2018. First Teased April 19, 2019.","Surfaced September 5, 2018. Session Surfaced April 9, 2024.",2:46,Throwaway Track ( Open Verse ),Studio Session & Original File 320kbps (.mp3)
189,GB&GR,77,Don't Play,Juice WRLD,Mega Beats,Blake Harden,"Song is unfinished, contains an open verse.",File Name: DONT PLAY_RUFF 1 Session Title (1): DUBAI WHIPS BEAT_1.ptx Session Title (2): DONT PLAY.ptx,"Instrumental (1): dubai-whips-1093813 Instrumental (2): ""Dubai Whips"" - (2018) Travis Scott / Quavo / Offset Type Beat","Blue Room West Recording Studio, West Hollywood, Los Angeles, CA.","Recorded March 4, 2018.",-,"Surfaced November 20, 2019. Session Surfaced March 2, 2024.",3:37,Throwaway Track ( Open Verse ),Studio Session & Original File 320kbps (.mp3)
190,GB&GR,78,Dover Take A Pic,Juice WRLD,JRHITMAKER & Nick Mira,RoadRunner GDo,Shares the same instrumental as 'I'll Be Fine'.,,Instrumental: NM x JR - Dover 160BPM Loop: JR_Dover_143 Loop Kit: JRHITMAKER - Karma,"RoadRunner GDo's Home Recording Studio, Country Club Hills, Chicago, IL.",-,"First Previewed January 18, 2023.","Surfaced December 13, 2024.",1:55,Throwaway Track ( Complete ),256kbps (.mp3)
191,GB&GR,79,Drown,Juice WRLD,Nick Mira,Patrik Ehrenbald-Plummer,Shares the same instrumental as 'Train Wreck'.,Juice - Drown 3.9.18 rough v1,Instrumental: NM - Trainwreck 164BPM MIDI: nm - bring em Beat Pack: juice feb 1,"NightBird Recording Studio, West Hollywood, Los Angeles, CA.","Recorded March 9, 2018.",-,"Surfaced June 15, 2020.",3:08,Throwaway Track ( Complete ),Original File 320kbps (.mp3)
192,GB&GR,80,Dumb Slut Fever,Juice WRLD,Fish Narc,Kerim Wilhelm,-,File Name: Juice Wrld_Dumb Slut_Rough Session Title: Juice Wrld - Dumb Slut.ptx,dipshit,"Manhattan Beach Recording Studio, Midtown Manhattan, New York City, NY.","Recorded February 10, 2018.","First Previewed February 10, 2018. First Teased February 10, 2018.","Surfaced October 19, 2018.",3:35,Throwaway Track ( Complete ),Original File 320kbps (.mp3)
193,GB&GR,81,Dummy,Juice WRLD,Nick Mira & Taz Taylor,Max Lord,-,juerce - dummy v1.0 (TT NM orbit),Instrumental: TT x NM - Orbit 140BPM Beat Pack: juice december,"Rented Home Recording Studio, Sherman Oaks, Los Angeles, CA.","Recorded January 24-25, 2018.","First Teased February 12, 2018.","Surfaced July 4, 2019.",3:24,Throwaway Track ( Complete ),Original File 320kbps (.mp3)
194,GB&GR,82,Emotional Overdose Can't Help It,Juice WRLD,Chopsquad DJ & Dr. Luke,2Fly,-,File Name: Emotional Overdose Session Title: SESSION 3.ptx,BOOMINATI DJ 211 (luke),"Blue Room West Recording Studio, West Hollywood, Los Angeles, CA.","Recorded April 10, 2018. File Exported April 10, 2018.",-,"Surfaced October 29, 2018. Session Surfaced November 15, 2023.",3:55,Throwaway Track ( Complete ),Studio Session & Original Files 2304kbps (.wav) 320kbps (.mp3)
195,GB&GR,83,End Of The Road (v1),Juice WRLD,Nick Mira,Max Lord,-,jurce - end of the road v1.0 (nm tiger),Instrumental: NM - Tiger 165BPM Loop Stems: Tiger 165BPM Beat Pack: juice december: late december,"Valley High Residential Recording Studio, Studio City, Los Angeles, CA.","Recorded January 19, 2018.","First Previewed January 23, 2018. First Teased January 28, 2018.","Surfaced December 29, 2022.",2:42,Original Demo Track ( Complete ),Original File 320kbps (.mp3)
196,GB&GR,84,Everlasting Love* Song is untitled.,Juice WRLD,Dorien Theus & Nick Mira,Joey Galvan,"Song is unfinished, contains an open verse. Shares the same instrumental as 'Skyy'.",File Name: 03.19.18 Juice Wrld Song 4 V1 Session Title: 03.19.18 Juice Wrld Song 4.ptx,Instrumental: DT x NM - Skyy 163BPM MIDI: nick mira - backonroad 170bpm,"Paramount Recording Studio, Santa Monica, Los Angeles, CA.","Recorded March 20, 2018.",-,"Surfaced April 1, 2021. Session Surfaced July 29, 2025.",3:02,Throwaway Track ( Open Verse ),Studio Session & Original File 320kbps (.mp3)
197,GB&GR,85,Every Hour*,Juice WRLD,Dorien Theus & Nick Mira,Unknown,"Shares the same instrumental as 'Prada', 'Put Me Down*' and Iann Dior's 'Lonely Stoner'.",,Instrumental: DT x NM - Prada 131BPM Loop Stems: NM_Prada_Playground 129 Loop Kit: Nick Mira - Gasolina 2,"Premier Recording Studio, Midtown West, New York City, NY.","Recorded May 17-18, 2018.","First Previewed February 10, 2024.","Surfaced October 24, 2024.",1:17,Throwaway Track ( Complete ),320kbps (.mp3)
198,GB&GR,86,"Eye Contact, Mind Control (v1)",Juice WRLD,Edsclusive & iBeatz,Blake Harden,-,File Name: EYE CONTACT MIND CONTROL_RUFF Session Title (1): BLUE BEAT_1.ptx Session Title (2): EYE CONTACT MIND CONTROL.ptx,Blue (edsclusive x iBeatz),"Blue Room West Recording Studio, West Hollywood, Los Angeles, CA.","Recorded March 3, 2018.","Recorded March 4, 2018.","Surfaced October 2, 2019. Session Surfaced January 25, 2026.",3:02,Original Demo Track ( Complete ),Studio Session & Original File 320kbps (.mp3)
199,GB&GR,87,Eyes Closed (v1) Wherever I Go,Juice WRLD,Chris Barnett,Chris Barnett,-,File Name: Juice Wrld - Eyes Closed prod by Cbmix Session Title: 2.ptx,Instrumental: Juice Wrld - Eyes Closed prod by Cbmix - instrumental Instrumental Stems: sdfdghfg_2,"Blue Room West Recording Studio, West Hollywood, Los Angeles, CA.","Recorded May 4, 2018. File Exported May 4, 2018.",-,"Surfaced June 12, 2023. Session Surfaced August 11, 2023.",3:06,Original Demo Track ( Complete ),Studio Session & Original Files 2117kbps (.wav) 320kbps (.mp3)
200,GB&GR,88,Fadeaway Scars Song is titled after the instrumental.,Juice WRLD,Nick Mira,PrettyBoy Pablo,Shares a very similar Loop with Lil Skies & Pollari's 'Battlescars'.,File Name: juice - fadeaway Session Title: Fadeaway.ptx,Instrumental: NM - Fadeaway 160BPM MIDI: nm - thomas Beat Pack: juice feb 1,"Penthouse Recording Studio, Times Square, New York City, NY.","Recorded February 3, 2018. File Exported February 5, 2018.","First Previewed February 3, 2018.","Surfaced September 6, 2022. Session Surfaced September 27, 2022.",4:48,Throwaway Track ( Complete ),Studio Session & Original Files 2117kbps (.wav) 320kbps (.mp3)
201,GB&GR,89,Fall (v1),Juice WRLD,Echo Sound Works & Nick Mira,Joey Galvan,-,File Name: 03.20.18 Juice Wrld - Fall V1 Session Title: 03.20.18 Juice Wrld Song 1.ptx,Instrumental: NM - Blush 155BPM Loop (1): ESWA Kit 02 - Verse Guitar Main Loop (2): ESWA Kit 02 - Verse Guitar Lead Loop Kit: Echo Sound Works - Ashes V.1 Beat Pack: Nick Mira - March 18,"Paramount Recording Studio, Santa Monica, Los Angeles, CA.","Recorded March 20-21, 2018.",-,"Surfaced October 17, 2022. Session Surfaced January 13, 2026.",2:54,Original Demo Track ( Complete ),Studio Session & Original File 320kbps (.mp3)
202,GB&GR,90,Feline (feat. Lil Yachty) Song was originally untitled.,Juice WRLD,Dorien Theus & Nick Mira,"Blake Harden, James Kang & Thomas Mann",Song originally began as a solo Juice WRLD track.,,Instrumental: DT x NM - Blinds 165BPM Loop: NM_Heroine 78 Loop Kit: Nick Mira - Gasolina 2,"Juice's Vocals Blue Room West Recording Studio, West Hollywood, Los Angeles, CA.","Juice's Vocals May 5, 2018.",-,"Surfaced February 5, 2020.",3:29,Feature Track ( Complete ),160kbps (.mp3)
203,GB&GR,91,Feline (v1) Song was originally untitled.,Juice WRLD,Dorien Theus & Nick Mira,Blake Harden & James Kang,"Song is unfinished, contains an open verse.",File Name: Juice Wrld_4 Session Title: Juice Wrld_4.ptx,Instrumental: DT x NM - Blinds 165BPM Loop: NM_Heroine 78 Loop Kit: Nick Mira - Gasolina 2,"Blue Room West Recording Studio, West Hollywood, Los Angeles, CA.","Recorded May 5, 2018. File Exported May 6, 2018.","First Previewed May 6, 2018.","Surfaced November 3, 2019.",3:29,Original Solo Demo Track ( Open Verse ),Original File 2117kbps (.wav)
204,GB&GR,92,Fenty (v1) Fenty Freestyle | Let It Go,Juice WRLD,Nick Mira & ShortBusMusic,Joey Galvan,Shares the same instrumental as 'Cheat Code' & 'Choice'.,File Name: 03.20.18 Juice Wrld Fenty V1 Session Title (1): 03.20.18 Juice Wrld Song 3.ptx Session Title (2): 03.20.18 Juice Wrld Song 3 - Fenty.ptx,Instrumental: NM - Choice 130BPM Loop: Acoustic Guitar With Delay In Dm-C-B Beat Pack: Nick Mira - March 18,"Paramount Recording Studio, Santa Monica, Los Angeles, CA.","Recorded March 21, 2018.","First Previewed March 21, 2018.","Surfaced July 19, 2022. Session Surfaced July 29, 2025.",4:01,Original Demo Track ( Complete ),Studio Session & Original File 320kbps (.mp3)
205,GB&GR,93,Fenty (v2) Fenty Freestyle | Let It Go,Juice WRLD,Nick Mira & ShortBusMusic,Joey Galvan,Shares the same instrumental as 'Cheat Code' & 'Choice'.,File Name: 03.20.18 Juice Wrld Fenty V2 Session Title (1): 03.20.18 Juice Wrld Song 3.ptx Session Title (2): 03.20.18 Juice Wrld Song 3 - Fenty.ptx,Instrumental: NM - Choice 130BPM Loop: Acoustic Guitar With Delay In Dm-C-B Beat Pack: Nick Mira - March 18,"Paramount Recording Studio, Santa Monica, Los Angeles, CA.","Recorded March 21, 2018.",-,"Surfaced February 4, 2026. Session Surfaced July 29, 2025.",3:12,Alternate Demo Track ( Complete ),Studio Session & Original File 320kbps (.mp3)
206,GB&GR,94,Flavor,Juice WRLD,CashMoneyAp,James Kang,"Song is unfinished, contains an open verse.",File Name: FLAVOR Session Title: SONG3.ptx,Bahamas ( Prod.@CashMoneyAp ),"Blue Room West Recording Studio, West Hollywood, Los Angeles, CA.","Recorded May 8, 2018.","First Previewed May 8, 2018. First Teased May 8, 2018.","Surfaced June 16, 2018. Session Surfaced October 13, 2024.",3:52,Original Solo Demo Track ( Open Verse ),Studio Session & Original File 320kbps (.mp3)
207,GB&GR,95,Flaws* Song is untitled.,Juice WRLD,Dorien Theus & JRHITMAKER,Blake Harden & James Kang,"Song is unfinished, contains an open verse.",File Name: Juice Wrld_3 Session Title: Juice Wrld_3.ptx,Instrumental: DT x JR - Swiper 160BPM MIDI: Rookie Of The Year Loop Stems: swiper,"Blue Room West Recording Studio, West Hollywood, Los Angeles, CA.","Recorded May 5, 2018.","First Previewed May 6, 2018.","Surfaced July 16, 2018. Session Surfaced June 28, 2023.",3:12,Throwaway Track ( Open Verse ),Studio Session & Original File 320kbps (.mp3)
208,GB&GR,96,Flintstones Wartime Song is titled after the instrumental.,Juice WRLD,Nick Mira & Treshaun Beatz,2Fly & Max Lord,-,File Name: Juice Flintstones 4.8.18 Session Title: Juice Flintstones 4.8.18.ptx,Instrumental: NM - Flintstones 156BPM Loop: Luv Is Rage Beat Pack: Nick Mira - March 18,"Blue Room West Recording Studio, West Hollywood, Los Angeles, CA.","Recorded April 9, 2018.",-,"Surfaced October 6, 2019. Session Surfaced September 24, 2024.",3:07,Throwaway Track ( Complete ),Studio Session & Original File 320kbps (.mp3)
209,GB&GR,97,For You (v1) I Do This,Juice WRLD,Apollo90Seven & Edsclusive,Blake Harden,-,File Name: FOR YOU_RUFF 1 Session Title (1): UBER BEAT_1.ptx Session Title (2): FOR YOU.ptx,Uber (edsclusive x apollo 97),"Blue Room West Recording Studio, West Hollywood, Los Angeles, CA.","Recorded March 4, 2018.",-,"Surfaced August 1, 2022. Session Surfaced April 6, 2025.",2:53,Original Demo Track ( Complete ),Studio Session & Original File 320kbps (.mp3)
210,GB&GR,98,Forever Left You,Juice WRLD,TyMadeIt,Oz On The Track,-,File Name: Forever (rough) Session Title: april 16 song 4.ptx,Instrumental: City Of Angels JuiceWrld-164 Loop: Noite 96bpm,"ATS Records Recording Studio, West Loop, Chicago, IL.","Recorded April 17, 2018.",-,"Surfaced July 7, 2020. Session Surfaced August 5, 2022.",1:57,Throwaway Track ( Complete ),Studio Session & Original File 320kbps (.mp3)
211,GB&GR,99,Four Words (v1.1),Juice WRLD,Gezin & TrePounds,Max Lord,-,File Name: juice wrld - four words v1.1 Session Title: daz gezin pounds2 four words v1.1.ptx Folder Title: daz gezin pounds2,daz gezin pounds2,"Blue Room West Recording Studio, West Hollywood, Los Angeles, CA.","Recorded April 7, 2018.","First Previewed April 7, 2018.","Surfaced August 29, 2019. Session Surfaced January 25, 2026.",2:47,Alternate Demo Track ( Complete ),Studio Session & Original File 320kbps (.mp3)
212,GB&GR,100,Freestyle 2 Iceberg Avalanche,Juice WRLD,HazeBanga,James Kang,-,File Name: FREESTYLE2 Session Title: SONG3.ptx,Haze 3,"Blue Room West Recording Studio, West Hollywood, Los Angeles, CA.","Recorded March 24, 2018.",-,"Surfaced October 13, 2019. Session Surfaced April 19, 2024.",1:13,Throwaway Track ( Complete ),Studio Session & Original File 320kbps (.mp3)
213,GB&GR,101,From The Start,Juice WRLD,CashMoneyAp & Dez Wright,James Kang,"Song is unfinished, contains an open verse.",File Name: FROM THE START Session Title: SONG3.ptx,Files ( Prod. CashMoneyAp x Dez Wright ),"Blue Room West Recording Studio, West Hollywood, Los Angeles, CA.","Recorded May 6-7, 2018.","First Previewed May 7, 2018.","Surfaced July 9, 2018. Session Surfaced December 12, 2025.",2:15,Throwaway Track ( Open Verse ),Studio Session & Original File 320kbps (.mp3)
214,GB&GR,102,Fuck You No Good For Me,Juice WRLD,Fish Narc,Kerim Wilhelm,-,File Name: Juice Wrld_Fuck You_Rough Session Title: Juice Wrld - Fuck You.ptx,,"Manhattan Beach Recording Studio, Midtown Manhattan, New York City, NY.","Recorded February 10, 2018.","First Previewed June 14, 2019.","Surfaced June 10, 2018.",2:42,Throwaway Track ( Complete ),Original File 320kbps (.mp3)
215,GB&GR,103,FUCK! FUCK EXCLAMATION POINT,Juice WRLD,NiGEL CROWN,Justin Craig,-,File Name: F U C K EXPLANATION POINT (ROUGH) Session Title: Caps Lock.ptx,Caps lock*,"Glass Tree Creative Recording Studio, Downtown, Chicago, IL.","Recorded April 3, 2018.","First Previewed August 18, 2023.","Surfaced November 15, 2023. Session Surfaced November 15, 2023.",2:31,Throwaway Track ( Complete ),Studio Session & Original File 320kbps (.mp3)
216,GB&GR,104,Further Uncertain Shadows,Juice WRLD,Cardo Got Wings,Patrik Ehrenbald-Plummer,"Song is unfinished, contains an open verse.",Juice WRLD - Further rough v1,,"NightBird Recording Studio, West Hollywood, Los Angeles, CA.","Recorded March 10-11, 2018.",-,"Surfaced November 11, 2020.",3:33,Throwaway Track ( Open Verse ),Original File 320kbps (.mp3)
217,GB&GR,105,Game,Juice WRLD,Nick Mira,James Kang,"Song is unfinished, contains an open verse. Shares the same instrumental as 'Cloudy'.",File Name: GAME Session Title: SONG1.ptx,Instrumental: NM - Cloudy 140BPM Beat Pack: NM Juice 4.12,"Blue Room West Recording Studio, West Hollywood, Los Angeles, CA.","Recorded April 13-14, 2018.","First Previewed April 14, 2018. First Teased April 28, 2018.","Surfaced May 18, 2018. Session Surfaced June 28, 2023.",3:25,Throwaway Track ( Open Verse ),Studio Session & Original File 320kbps (.mp3)
218,GB&GR,106,God's Plan God's Plan ( Remix ),Juice WRLD,"Boi-1da, Cardo Got Wings, Noah Shebib & Yung Exclusive",Thomas Cullison,"Song is unfinished, contains an open verse. Remixes Drake's 'God's Plan'.",File Name: GODS PLAN REF Session Title: GODS PLAN.ptx,,"Chalice Recording Studio, West Hollywood, Los Angeles, CA.","Recorded February 18-19, 2018.","First Previewed September 30, 2022.","Surfaced October 17, 2022.",3:17,Throwaway Track ( Open Verse ),Original File 320kbps (.mp3)
219,GB&GR,107,Going Crazy Boy Wit' The Bands,Juice WRLD,Kirk Knight,James Kang,"Song is unfinished, contains an open verse.",File Name: GOING CRAZY Session Title: SONG3.ptx,time for it [prod. Kirk Knight] w. tag,"Blue Room West Recording Studio, West Hollywood, Los Angeles, CA.","Recorded March 22-23, 2018.",-,"Surfaced October 13, 2019. Session Surfaced August 7, 2025.",2:39,Throwaway Track ( Open Verse ),Studio Session & Original File 320kbps (.mp3)
220,GB&GR,108,Goyard (v1) Brand New | Goyard Bag Song was originally untitled.,Juice WRLD,D.o.M.o & Mitch Mula,Mitch Mula,"Official edit made by Mitch Mula, reusing Juice WRLD's vocal outtakes from '27 Club'.",Juice Wrld - 2,Loop: TBF Pluck 160 Ravizza F#m,"Private Stock Recording Studio, Mayfair, Chicago, IL.",-,-,"Surfaced April 10, 2020.",3:41,Official Original Edit Demo Track ( Complete ),Original File 320kbps (.mp3)
221,GB&GR,109,Gucci Purse (v1) Song was originally untitled.,Juice WRLD,Dorien Theus & Nick Mira,Joey Galvan,Shares a very similar instrumental with Lil Lucifer's 'See Me Trying'.,File Name: 03.19.18 Juice Wrld Song 3 V1 Session Title: 03.19.18 Juice Wrld Song 3.ptx,Instrumental: Rogue Untagged 160 Loop Stems: NM_Baby Loop Kit: Nick Mira - Brawl,"Paramount Recording Studio, Santa Monica, Los Angeles, CA.","Recorded March 20, 2018. File Exported March 20, 2018.",-,"Surfaced March 20, 2021. Session Surfaced February 4, 2025.",2:18,Original Demo Track ( Complete ),Studio Session & Original Files 2117kbps (.wav) 160kbps (.mp3)
222,GB&GR,110,Gucci Purse (v2) Song was originally untitled.,Juice WRLD,Dorien Theus & Nick Mira,Joey Galvan,Shares a very similar instrumental with Lil Lucifer's 'See Me Trying'.,File Name: 03.19.18 Juice Wrld - Gucci Purse V2 Session Title: 03.19.18 Juice Wrld Song 3.ptx,Instrumental: Rogue Untagged 160 Loop Stems: NM_Baby Loop Kit: Nick Mira - Brawl,"Paramount Recording Studio, Santa Monica, Los Angeles, CA.","Recorded March 20, 2018.","First Previewed March 21, 2018.","Surfaced October 16, 2022. Session Surfaced February 4, 2025.",2:19,Alternate Demo Track ( Complete ),Studio Session & Original File 320kbps (.mp3)
223,GB&GR,111,Hand On My Chest Starfire ( Interlude ) | Tears,Juice WRLD,Nick Mira,Blake Harden,-,File Name: hand on my chest_ruff 1 Session Title: Juice_may 19_01.ptx,Instrumental: NM - Aloner 140BPM Beat Pack: NM - Juice 5.16,"Blue Room West Recording Studio, West Hollywood, Los Angeles, CA.","Recorded May 19, 2018.","First Previewed May 20, 2018.","Surfaced July 17, 2022. Session Surfaced March 16, 2025.",3:11,Throwaway Track ( Complete ),Studio Session & Original File 320kbps (.mp3)
224,GB&GR,112,Heart Clean* Song is untitled.,Juice WRLD,The Beat Asylum,Marquis Robinson,-,File Name: Juice 1-29-18 2 Session Title: Juice 1-29-18 2.ptx,will3,"Complex 2010 Recording Studio, China Town, Chicago, IL.","Recorded January 29, 2018.",-,"Surfaced July 18, 2021. Session Surfaced December 2, 2023.",2:17,Throwaway Track ( Complete ),Studio Session & Original File 320kbps (.mp3)
225,GB&GR,113,Heavy (v1) Song is titled after the instrumental.,Juice WRLD,Dorien Theus & Nick Mira,James Kang,"Song is unfinished, hook only.",File Name: HEAVY HOOK ONLY Session Title: SONG1.ptx,Instrumental: NM x DT - Heavy 161BPM Loop: NM - Pale 140BPM MIDI: nm - tales Loop Kit: Nick Mira - Phantom,"Blue Room West Recording Studio, West Hollywood, Los Angeles, CA.","Recorded May 6, 2018.","First Previewed May 6, 2018.","Surfaced July 16, 2018. Session Surfaced March 27, 2024.",2:47,Original Solo Demo Track ( Hook Only ),Studio Session & Original File 320kbps (.mp3)
226,GB&GR,114,Help Me (v1) 27 Club,Juice WRLD,Nick Mira,Justin Craig,Shares the same instrumental as MAJ's 'Hypocrites'.,File Name: Help Me (JcraigMix) 160Bpm Session Title: Doomed 160.ptx Folder Title: Help Me,Instrumental: NM - Doomed 160BPM Beat Pack: Nick Mira - March 18,"Glass Tree Creative Recording Studio, Downtown, Chicago, IL.","Recorded March 28, 2018. File Exported March 28, 2018.","First Previewed March 28, 2018.","Surfaced September 29, 2022. Session Surfaced August 16, 2023.",1:49,Original Demo Track ( Complete ),Studio Session & Original Files 1411kbps (.wav) 320kbps (.mp3)
227,GB&GR,115,Help Me (v2) 27 Club,Juice WRLD,Nick Mira,Justin Craig,Shares the same instrumental as MAJ's 'Hypocrites'.,File Name: Help Me (JcraigMix2) 160Bpm Session Title: Doomed 160.ptx Folder Title: Help Me,Instrumental: NM - Doomed 160BPM Beat Pack: Nick Mira - March 18,"Glass Tree Creative Recording Studio, Downtown, Chicago, IL.","Recorded March 28, 2018. File Exported March 28, 2018.",-,"Surfaced October 9, 2021. Session Surfaced August 16, 2023.",1:49,Alternate Demo Track ( Complete ),Studio Session & Original Files 1411kbps (.wav) 320kbps (.mp3)
228,GB&GR,116,Henny (v1) Hennessy,Juice WRLD,Joey88,Juice WRLD,-,File Name: Markee Session Session Title: henny.ptx Folder Title: Hennessy,LET LOOSE BPM140.430,"Unhkl Flex's Home Recording Studio, Matteson, Chicago, IL.","Recorded January 6, 2018.","First Previewed January 7, 2018.","Session Surfaced September 20, 2023.",3:25,Original Solo Demo Track ( Complete ),Studio Session & Original File 320kbps (.mp3)
229,GB&GR,117,Henny (v2) Hennessy,Juice WRLD,Joey88,Juice WRLD,-,File Name: Markee Session_1 Session Title: henny.ptx Folder Title: Hennessy,LET LOOSE BPM140.430,"Unhkl Flex's Home Recording Studio, Matteson, Chicago, IL.","Recorded January 6, 2018.",-,"Surfaced February 10, 2026. Session Surfaced September 20, 2023.",3:25,Alternate Solo Demo Track ( Complete ),Studio Session & Original File 320kbps (.mp3)
230,GB&GR,118,Here We Go Again,Juice WRLD,TyMadeIt,Justin Craig,-,Here We Go Again (ROUGH),so hard-153,"Glass Tree Creative Recording Studio, Downtown, Chicago, IL.","Recorded April 1-2, 2018.","First Previewed November 1, 2019.","Surfaced June 25, 2021.",3:21,Throwaway Track ( Complete ),Original File 320kbps (.mp3)
231,GB&GR,119,Hey Wonderland (v1) Song was originally called 'Wonderland'.,Juice WRLD,Joey88,Justin Craig,Samples Koichi Sugiyama's 'These Feelings...' a song from Dragon Quest VIII.,File Name: Hey Wonderland (ROUGH) Session Title: Wonderland.ptx,JOEY21 BPM138,"Glass Tree Creative Recording Studio, Downtown, Chicago, IL.","Recorded March 27, 2018.",-,"Surfaced August 15, 2019. Session Surfaced June 28, 2023.",2:27,Original Demo Track ( Complete ),Studio Session & Original File 320kbps (.mp3)
232,GB&GR,120,Hey Wonderland (v2) Song was originally called 'Wonderland'.,Juice WRLD,Joey88,Justin Craig,Samples Koichi Sugiyama's 'These Feelings...' a song from Dragon Quest VIII.,File Name: Hey Wonderland (JcraigMix) 138Bpm Session Title: Wonderland.ptx,JOEY21 BPM138,"Glass Tree Creative Recording Studio, Downtown, Chicago, IL.","Recorded March 27, 2018. File Exported March 27, 2018.","First Previewed March 29, 2018.","Surfaced July 15, 2023. Session Surfaced June 28, 2023.",2:27,Alternate Demo Track ( Complete ),Studio Session & Original Files 1411kbps (.wav) 320kbps (.mp3)
233,GB&GR,121,Hide (v1),Juice WRLD,Neil Blanco & PD Beats,Justin Craig,"Song is unfinished, contains an open verse.",File Name: Hide (ROUGH) Session Title: pd dippp.ptx,PDDIPPPPP,"Glass Tree Creative Recording Studio, Downtown, Chicago, IL.","Recorded April 3, 2018.","First Previewed April 3, 2018.","Surfaced November 10, 2022. Session Surfaced September 28, 2023.",4:29,Original Solo Demo Track ( Open Verse ),Studio Session & Original File 320kbps (.mp3)
234,GB&GR,122,Hilfiger,Juice WRLD,Cardo Got Wings & RicandThadeus,Patrik Ehrenbald-Plummer,-,Juice WRLD - Hilfiger,,"NightBird Recording Studio, West Hollywood, Los Angeles, CA.","Recorded March 10-11, 2018.",-,"Surfaced July 7, 2020.",3:47,Throwaway Track ( Complete ),Original File 320kbps (.mp3)
235,GB&GR,123,Hold My Hand,Juice WRLD,Robert Mefford & Unknown,Robert Mefford,Shares a very similar instrumental to with Lil Wayne's 'Alone In The Studio With My Gun'.,File Name: HOLD MY HAND (MIX 1) 143bpm Session Title: 414-2.ptx,Instrumental: runnin away - 143bpm Gminor Loop: MSKRB_guitar_jam_loop_clean_129_Gmin,"Glass Tree Creative Recording Studio, Downtown, Chicago, IL.","Recorded April 14-15, 2018. File Exported April 15, 2018.",-,"Surfaced March 29, 2021. Session Surfaced August 16, 2023.",4:32,Throwaway Track ( Complete ),Studio Session & Original Files 1411kbps (.wav) 320kbps (.mp3)
236,GB&GR,124,Honest* Song is untitled.,Juice WRLD,DJ Victoriouz & Oz On The Track,Oz On The Track,"Song is unfinished, hook only.",File Name: juice Hook (rough) Session Title: april 16 song 5.ptx,apr 4 beat 3 oz x vic 147,"ATS Records Recording Studio, West Loop, Chicago, IL.","Recorded April 17, 2018.","First Previewed April 17, 2018.","Surfaced February 8, 2021. Session Surfaced March 2, 2022.",3:03,Throwaway Track ( Hook Only ),Studio Session & Original File 320kbps (.mp3)
237,GB&GR,125,Honestly (with G Herbo) [v1.3],Juice WRLD & G Herbo,Jake One & Southside,Max Lord,-,File Name: herbo ss - honestly v1.3 (sizzmia19) Session Title: sizzmia19 herbo honestly v1.3.ptx,sizzmia19,"Valley High Residential Recording Studio, Studio City, Los Angeles, CA.","Recorded January 17-18, 2018.","First Previewed January 18, 2018.","Surfaced February 15, 2023.",3:32,Alternate Demo Track ( Complete ),Original File 320kbps (.mp3)
238,GB&GR,126,Honestly (with G Herbo) [v1.5],Juice WRLD & G Herbo,Jake One & Southside,Max Lord,-,File Name: sizzmia19 herbo honestly v1.5 Session Title: sizzmia19 herbo honestly v1.5.ptx,sizzmia19,"Valley High Residential Recording Studio, Studio City, Los Angeles, CA.","Recorded January 17-18, 2018. File Exported February 8, 2018.",-,"Surfaced December 9, 2024.",3:31,Alternate Demo Track ( Complete ),Original File 2117kbps (.wav)
239,GB&GR,127,Honestly (with G Herbo) [v1.6],Juice WRLD & G Herbo,Jake One & Southside,Max Lord,-,File Name (Explicit): sizzmia19 herbo honestly v1.6 File Name (Clean): sizzmia19 herbo honestly v1.6 CLEAN v1 Session Title: sizzmia19 herbo honestly v1.6.ptx,Instrumental (1): sizzmia19 Instrumental (2): sizzmia19 herbo honestly v1.6 juice INSTRUMENTAL,"Valley High Residential Recording Studio, Studio City, Los Angeles, CA.","Recorded January 17-18, 2018. Explicit File Exported February 11, 2018. Clean File Exported April 22, 2018.",-,"Surfaced December 9, 2024.",3:35,Alternate Demo Track ( Complete ),Original Files 2117kbps (.wav)
240,GB&GR,128,Hoover Nesquik Song is titled after the instrumental.,Juice WRLD,Nick Mira,2Fly & Max Lord,"Song is unfinished, contains an open verse. Shares the same instrumental as MAJ's 'Lil Wayne'.",File Name: Juice Hoover NM 4.11 Session Title: Juice Hoover NM 4.11.ptx,Instrumental: NM - Hoover 160BPM Beat Pack: Nick Mira - March 18,"Blue Room West Recording Studio, West Hollywood, Los Angeles, CA.","Recorded April 12, 2018.",-,"Surfaced November 18, 2019. Session Surfaced January 25, 2024.",3:48,Original Solo Demo Track ( Open Verse ),Studio Session & Original File 320kbps (.mp3)
241,GB&GR,129,Hop Out Same Clothes,Juice WRLD,Chris Barnett,Chris Barnett,-,File Name: HOP OUT prod by @cbmix Session Title: HOP OUT.ptx,Loop: cb 09.08d (piano) Instrumental Stems: cb 09.08d,"Glass Tree Creative Recording Studio, Downtown, Chicago, IL.","Recorded January 27, 2018. File Exported January 28, 2018.","First Previewed January 27, 2018.","Surfaced December 26, 2020. Session Surfaced August 16, 2023.",3:24,Throwaway Track ( Complete ),Studio Session & Original Files 1411kbps (.wav) 320kbps (.mp3)
242,GB&GR,130,Hope You Understand Hope U Understand | Lil Bitch,Juice WRLD,Chopsquad DJ,Blake Harden,-,File Name: hope u understand JW Session Title: Song 2_juice.ptx,BOOMINATI DJ 237,"Blue Room West Recording Studio, West Hollywood, Los Angeles, CA.","Recorded February 26, 2018. File Exported November 9, 2021.","First Previewed January 18, 2023.","Surfaced September 23, 2024. Session Surfaced November 30, 2024.",2:56,Throwaway Track ( Complete ),Studio Session & Original Files 2304kbps (.wav) 320kbps (.mp3)
243,GB&GR,131,Hunnid',Juice WRLD,Mustard,Matthew Jacobson,-,Juice WRLD_Hunnid_0 ...,,"Paramount Encore Recording Studios, Burbank, Los Angeles, CA.","Recorded February 27, 2018.",-,"Surfaced May 8, 2019.",2:45,Throwaway Track ( Complete ),Original File 320kbps (.mp3)
244,GB&GR,132,Hunt You Down,Juice WRLD,Unknown,Patrik Ehrenbald-Plummer,-,Juice WRLD - Hunt You Down rough,,"NightBird Recording Studio, West Hollywood, Los Angeles, CA.","Recorded March 10-11, 2018.",-,"Surfaced July 7, 2020.",2:37,Throwaway Track ( Complete ),Original File 320kbps (.mp3)
245,GB&GR,133,Hypnotic Keep It Together,Juice WRLD,FKi 1st,2Fly,-,File Name: HYPNOTIC Session Title (1): SESSION 4.ptx Session Title (2): HYPNOTIC.ptx,fki1st nohos 130,"Blue Room West Recording Studio, West Hollywood, Los Angeles, CA.","Recorded April 10, 2018. File Exported April 10, 2018.","First Previewed April 10, 2018.","Surfaced January 14, 2020. Session Surfaced May 9, 2023.",3:04,Throwaway Track ( Complete ),Studio Session & Original Files 2304kbps (.wav) 320kbps (.mp3)
246,GB&GR,134,I Don't Know I.D.K.,Juice WRLD,Nedarb Nagrom,Chris Barnett,-,File Name: Juice Wrld - IDK Session Title: 424-3.ptx,holy emo prod nedarb,"Glass Tree Creative Recording Studio, Downtown, Chicago, IL.","Recorded April 25, 2018. File Exported April 25, 2018.",-,"Surfaced August 12, 2023. Session Surfaced June 27, 2025.",2:18,Throwaway Track ( Complete ),Studio Session & Original Files 1411kbps (.wav) 320kbps (.mp3)
247,GB&GR,135,I Don't Need It* Song is untitled.,Juice WRLD,C-Sick,Unknown,-,juice WRLD 3,,"Fort Knox Recording Studio, Mayfair, Chicago, IL.","Recorded January 11-12, 2018.",-,"Surfaced July 20, 2018.",2:29,Throwaway Track ( Complete ),Original File 256kbps (.mp3)
248,GB&GR,136,I Hate Her Friends (v1) Hate Her Friends | Trip To France,Juice WRLD,Edsclusive & Elevate Today,James Kang,"Song is unfinished, contains an open verse.",File Name: I HATE HER FRIENDS Session Title: SONG6.ptx,Instrumental: Rev (Edsclusive x Elevate) Loop: REVERZE - 148BPM,"Blue Room West Recording Studio, West Hollywood, Los Angeles, CA.","Recorded March 24, 2018.",-,"Surfaced May 23, 2018. Session Surfaced February 28, 2024.",2:49,Original Demo Track ( Open Verse ),Studio Session & Original File 320kbps (.mp3)
249,GB&GR,137,I Know What You Want (feat. G Herbo) [ v2 ] I.K.W.Y.W. | Trap Phone,Juice WRLD,DJ L Beats,"Eli, Justin Craig & Marquis Robinson",Song originally began as a solo Juice WRLD track.,JUICEWRLD x GHERBO - I KNOW WHAT YOU WANT (ELIMIX2),crtl2,"Juice's Vocals Complex 2010 Recording Studio, China Town, Chicago, IL. Herbo's Vocals Glass Tree Creative Recording Studio, Downtown, Chicago, IL.","Juice's Vocals January [ ? ], 2018. Herbo's Vocals March [ ? ], 2018.","First Previewed March 26, 2018.","Surfaced January 14, 2019.",2:43,Alternate Feature Demo Track ( Complete ),Original File 320kbps (.mp3)
250,GB&GR,138,I Listen Submission,Juice WRLD,RioMac,Justin Craig,-,File Name: I Listen (Jcraigmix) 150Bpm Session Title: Rio1.ptx,Mac 7 (150) (Prod By. RioMac),"Glass Tree Creative Recording Studio, Downtown, Chicago, IL.","Recorded April 4, 2018. File Exported April 4, 2018.",-,"Surfaced October 23, 2021. Session Surfaced August 16, 2023.",2:34,Throwaway Track ( Complete ),Studio Session & Original Files 1411kbps (.wav) 320kbps (.mp3)
251,GB&GR,139,I See Everything (v1) Wedding Ring,Juice WRLD,"Justin Craig, KSHMR & PD Beats",Robert Mefford,Shares the same sample as Gunna's 'That Boy'.,File Name: I SEE EVERYTHING (MIX 0.5) 145bpm Session Title: 414-4.ptx Folder Title: I SEE EVERYTHING,Instrumental: JC X PD Trippletar Loop (1): KSHMR_Guitar_125BPM_03_-__Fm___Chords_ Loop (2): KSHMR_Guitar_125BPM_03_Chord_Progression__Fm_ Instrumental Stems: Juice1,"Glass Tree Creative Recording Studio, Downtown, Chicago, IL.","Recorded April 15, 2018. File Exported April 15, 2018.","First Teased April 15, 2018.","Surfaced December 7, 2022. Session Surfaced August 25, 2023.",3:22,Original Demo Track ( Complete ),Studio Session & Original Files 1411kbps (.wav) 320kbps (.mp3)
252,GB&GR,140,I See Everything (v2) Wedding Ring,Juice WRLD,"Justin Craig, KSHMR & PD Beats",Justin Craig,Shares the same sample as Gunna's 'That Boy'.,File Name (1): I See Everything (JcraigMix) 1 File Name (2): I See Everything (JcraigMix) Session Title: 414-4.ptx Folder Title: I SEE EVERYTHING,Instrumental: JC X PD Trippletar Loop (1): KSHMR_Guitar_125BPM_03_-__Fm___Chords_ Loop (2): KSHMR_Guitar_125BPM_03_Chord_Progression__Fm_ Instrumental Stems: Juice1,"Glass Tree Creative Recording Studio, Downtown, Chicago, IL.","Recorded April 15, 2018. File Exported April 30, 2018.",-,"Surfaced May 29, 2021. Session Surfaced August 25, 2023.",3:09,Alternate Demo Track ( Complete ),Studio Session & Original Files 1411kbps (.wav) 320kbps (.mp3)
253,GB&GR,141,"I'll Be Fine (v1) Song was originally called 'Bro, I'll Be Fine'.",Juice WRLD,JRHITMAKER & Nick Mira,Max Lord,Shares the same instrumental as 'Dover'.,jurce - bro ill be fine v1.0 (nm jr dover),Instrumental: NM x JR - Dover 160BPM Loop: JR_Dover_143 Loop Kit: JRHITMAKER - Karma Beat Pack: juice december: late december,"Valley High Residential Recording Studio, Studio City, Los Angeles, CA.","Recorded January 19, 2018.","First Previewed January 19, 2018. First Teased January 26, 2018.","Surfaced December 7, 2022.",4:03,Original Demo Track ( Complete ),Original File 320kbps (.mp3)
254,GB&GR,142,I'm Still (v1),Juice WRLD,Nick Mira & YogeshST,Matthew Jacobson & Xavier Daniel,-,Im Still,Instrumental: NM - Patient 120 BPM Loop: Guitar Series The Morning Sun Beat Pack: juice december: late december,"Paramount Recording Studio, Santa Monica, Los Angeles, CA.","Recorded February 17, 2018.","First Previewed February 17, 2018.","Surfaced January 31, 2023.",3:11,Original Demo Track ( Complete ),Original File 320kbps (.mp3)
255,GB&GR,143,In A Minute,Juice WRLD,Murda Beatz,James Kang,Vocals from this track were used for Migos' 'Antisocial'. Shares the same instrumental as 'Chosen'.,File Name: IN A MINUTE Session Title: SONG7.ptx,chosen 140,"Blue Room West Recording Studio, West Hollywood, Los Angeles, CA.","Recorded March 3, 2018.",-,"Surfaced July 16, 2018. Session Surfaced July 18, 2025.",3:39,Original Solo Demo Track ( Complete ),Studio Session & Original File 320kbps (.mp3)
256,GB&GR,144,In A Minute (feat. Lil Skies & Takeoff),Juice WRLD,Murda Beatz,James Kang & Unknown,Juice WRLD and Takeoff's vocals were used for Migos' 'Antisocial'. Song originally began as a solo Juice WRLD track. Shares the same instrumental as 'Chosen'.,,chosen 140,"Juice's Vocals Blue Room West Recording Studio, West Hollywood, Los Angeles, CA.","Juice's Vocals March 3, 2018.",-,"Surfaced December 20, 2019.",3:40,Feature Track ( Complete ),320kbps (.mp3)
257,GB&GR,145,In A Minute (feat. Lil Skies),Juice WRLD,Murda Beatz,James Kang & Unknown,Juice WRLD's vocals were used for Migos' 'Antisocial'. Song originally began as a solo Juice WRLD track. Shares the same instrumental as 'Chosen'.,,chosen 140,"Juice's Vocals Blue Room West Recording Studio, West Hollywood, Los Angeles, CA.","Juice's Vocals March 3, 2018.",-,"Surfaced April 9, 2022.",3:37,Feature Track ( Complete ),320kbps (.mp3)
258,GB&GR,146,In A Mix* Song is untitled.,Juice WRLD,COSMIC & Danny Wolf,James Kang,"Song is unfinished, contains an open verse.",File Name: JUICE WRLD UNAMED Session Title: SONGS1.ptx Folder Title: UNUSED,feelinlow,"Blue Room West Recording Studio, West Hollywood, Los Angeles, CA.","Recorded February 25, 2018.",-,"Surfaced October 17, 2019. Session Surfaced June 14, 2025.",3:27,Throwaway Track ( Open Verse ),Studio Session & Original File 320kbps (.mp3)
259,GB&GR,147,In My Bag* Song is untitled.,Juice WRLD,Dorien Theus,Blake Harden & James Kang,"Song is unfinished, contains an open verse. Shares the same instrumental as The Kid LAROI's 'Too Bad (Demo)'.",File Name: Juice Wrld_5 Session Title: Juice Wrld_5.ptx,Instrumental: DT - Flesh 160BPM Loop: dt.inmybag160,"Blue Room West Recording Studio, West Hollywood, Los Angeles, CA.","Recorded May 6, 2018.","First Previewed May 6, 2018.","Surfaced June 29, 2018. Session Surfaced June 21, 2025.",3:12,Throwaway Track ( Open Verse ),Studio Session & Original File 320kbps (.mp3)
260,GB&GR,148,In My Head (feat. Juice WRLD),The Chainsmokers,The Chainsmokers,"2Fly, Max Lord & The Chainsmokers",Song originally began as a solo The Chainsmokers track. Shares the same instrumental as Lil Nas X's 'C7osure (You Like)'.,File Name: Juice x Chainsmokers - In My Head 4.10 Session Title: Juice In My Head Chain 4.10.18.ptx,Open Verse File: In My head - 3-14-18 - 8A,"Juice's Vocals Blue Room West Recording Studio, West Hollywood, Los Angeles, CA.","Andrew's Vocals March 14, 2018. Juice's Vocals April 11, 2018.","First Teased July 30, 2018.","Surfaced July 16, 2018. Session Surfaced September 14, 2023.",4:00,Feature Track ( Complete ),Studio Session & Original File 320kbps (.mp3)
261,GB&GR,149,In The Trap* Song is untitled.,Juice WRLD,Asurms,DJ Victoriouz,-,dj vic 4,,"Fort Knox Recording Studio, Mayfair, Chicago, IL.","Recorded January 10, 2018.","First Previewed January 10, 2018.","Surfaced October 1, 2020.",2:59,Throwaway Track ( Complete ),Original File 256kbps (.mp3)
262,GB&GR,150,In This Bitch (with Lil Bibby) [v1],Juice WRLD & Lil Bibby,Mega Beats,James Kang,"Song is unfinished, contains an open verse.",File Name: IN THIS BITCH Session Title: SONG1.ptx,"Instrumental (1): Plug Up Instrumental (2): ""Plug Up"" - (2017) Playboi Carti / Lil Uzi Vert / Pierre Bourne Type Beat","Blue Room West Recording Studio, West Hollywood, Los Angeles, CA.","Recorded February 25, 2018.","First Previewed February 25, 2018.","Surfaced July 3, 2022. Session Surfaced September 28, 2024.",2:31,Original Demo Track ( Open Verse ),Studio Session & Original File 320kbps (.mp3)
263,GB&GR,151,In This Bitch (with Lil Bibby) [v2],Juice WRLD & Lil Bibby,Mega Beats,James Kang,-,File Name: IN THIS BITCH_1 Session Title: SONG1.ptx,"Instrumental (1): Plug Up Instrumental (2): ""Plug Up"" - (2017) Playboi Carti / Lil Uzi Vert / Pierre Bourne Type Beat","Blue Room West Recording Studio, West Hollywood, Los Angeles, CA.","Hook, Hook Ad-Libs, First Verse & First Verse Ad-Libs February 25, 2018. Second Verse March 1, 2018.",-,"Surfaced May 15, 2018. Session Surfaced September 28, 2024.",2:31,Alternate Demo Track ( Complete ),Studio Session & Original File 320kbps (.mp3)
264,GB&GR,152,In Zone Time Anymore Song is titled after the instrumental.,Juice WRLD,SS.Kev,Patrik Ehrenbald-Plummer,-,Juice in zone HiKevin rough v1,in zone,"NightBird Recording Studio, West Hollywood, Los Angeles, CA.","Recorded March [ ? ], 2018.","First Previewed March [ ? ], 2018.","Surfaced July 7, 2020.",4:44,Throwaway Track ( Complete ),Original File 320kbps (.mp3)
265,GB&GR,153,Infatuated*,Juice WRLD,Murda Beatz,James Kang & Murda Beatz,"Official edit made by Murda Beatz, reusing Juice WRLD's vocal outtakes from 'Tick-Tock'.",,,"Blue Room West Recording Studio, West Hollywood, Los Angeles, CA.","Recorded March 2, 2018. Acapella Files Exported March 2-3, 2018","First Previewed March 3, 2018.","Surfaced June 15, 2019.",2:55,Official Edit Track ( Complete ),320kbps (.mp3)
266,GB&GR,154,Insecurities Electric Chair,Juice WRLD,Da Honorable C.N.O.T.E.,Blake Harden,-,File Name: insecurities_ruff1 Session Title (1): SONG 7.ptx Session Title (2): Insecurities.ptx,FIJI,"Blue Room West Recording Studio, West Hollywood, Los Angeles, CA.","Recorded February 27, 2018.",-,"Surfaced July 15, 2018. Session Surfaced April 1, 2025.",2:14,Throwaway Track ( Complete ),Studio Session & Original File 320kbps (.mp3)
267,GB&GR,155,Irony Plug,Juice WRLD,Hollywood J,Chris Barnett,-,File Name: Juice Wrld - Irony prod by Hollywood J Session Title: 3.ptx,Hollywood-J-G0391 162bpm cb,"Blue Room West Recording Studio, West Hollywood, Los Angeles, CA.","Recorded May 4, 2018. File Exported May 4, 2018.","First Previewed May 4, 2018.","Surfaced December 6, 2020. Session Surfaced August 11, 2023.",2:59,Throwaway Track ( Complete ),Studio Session & Original Files 1411kbps (.wav) 320kbps (.mp3)
268,GB&GR,156,Jack Wit' A Bean (with Lil Yachty),Juice WRLD & Lil Yachty,Nick Mira,2Fly & Max Lord,-,File Name: Juice x Yachty - Jack wit a Bean 4.12.18 Session Title: Juice Boat NM Alkali 4.12.18.ptx,Instrumental: NM - Alkali 138BPM Beat Pack: NM Juice 4.12,"Blue Room West Recording Studio, West Hollywood, Los Angeles, CA.","Recorded April 13, 2018.",-,"Surfaced October 14, 2019. Session Surfaced June 28, 2023.",3:21,Throwaway Track ( Complete ),Studio Session & Original File 320kbps (.mp3)
269,GB&GR,157,Jeffrey (v1),Juice WRLD,Nick Mira,Justin Craig,-,File Name: Jeffery (JcraigMix) 158Bpm Session Title: Lone 158.ptx,Instrumental: NM - Lone 158BPM Beat Pack: Nick Mira - March 18,"Glass Tree Creative Recording Studio, Downtown, Chicago, IL.","Recorded March 31, 2018. File Exported March 31, 2018.",-,"Surfaced June 17, 2018. Session Surfaced June 28, 2023.",2:51,Original Demo Track ( Complete ),Studio Session & Original Files 1411kbps (.wav) 320kbps (.mp3)
270,GB&GR,158,Juicy Song is titled after the instrumental.,Juice WRLD,Murda Beatz,James Kang,"Song is unfinished, contains an open verse.",File Name: JUICY Session Title: SONG5.ptx,juicy 144,"Blue Room West Recording Studio, West Hollywood, Los Angeles, CA.","Recorded March 3, 2018.",-,"Surfaced June 16, 2018. Session Surfaced January 25, 2026.",3:06,Throwaway Track ( Open Verse ),Studio Session & Original File 320kbps (.mp3)
271,GB&GR,159,Keep Your Eyes Up (v1),Juice WRLD,Nick Mira & HBSamples,Blake Harden,Shares the same instrumental as A Boogie Wit' Da Hoodie's 'Might Not Give Up' featuring Young Thug.,File Name: Keep Your Eyes Up_Ruff 1 Session Title: JUICE WRLD_05-19-2018_2.ptx,Instrumental: NM - Lily 179BPM Loop: HBS ST Acoustic Guitar Var 1 Pt2 D-sharp 100BPM Beat Pack: NM - Juice 5.16,"Blue Room West Recording Studio, West Hollywood, Los Angeles, CA.","Recorded May 20, 2018.","First Previewed May 20, 2018.","Surfaced July 24, 2022. Session Surfaced March 17, 2024.",1:48,Original Demo Track ( Complete ),Studio Session & Original File 320kbps (.mp3)
272,GB&GR,160,Keep Your Eyes Up (v2),Juice WRLD,Nick Mira & HBSamples,Blake Harden,Shares the same instrumental as A Boogie Wit' Da Hoodie's 'Might Not Give Up' featuring Young Thug.,File Name: Keep Your Eyes Up_Ruff 1_alt break Session Title: JUICE WRLD_05-19-2018_2.ptx,Instrumental: NM - Lily 179BPM Loop: HBS ST Acoustic Guitar Var 1 Pt2 D-sharp 100BPM Beat Pack: NM - Juice 5.16,"Blue Room West Recording Studio, West Hollywood, Los Angeles, CA.","Recorded May 20, 2018.","First Previewed July 16, 2022.","Surfaced August 12, 2022. Session Surfaced March 17, 2024.",1:47,Alternate Demo Track ( Complete ),Studio Session & Original File 320kbps (.mp3)
273,GB&GR,161,Kickflip (v1.1),Juice WRLD,Styn,Max Lord,-,juerce - kickflip v1.1 (banana styn),banana styn,"Rented Home Recording Studio, Sherman Oaks, Los Angeles, CA.","Recorded January 24-25, 2018.","First Previewed February 12, 2018.","Surfaced June 7, 2018.",3:11,Alternate Demo Track ( Complete ),Original File 320kbps (.mp3)
274,GB&GR,162,Kicks (v1) Rugrats Song was originally untitled.,Juice WRLD,Cardo Got Wings,Eli,-,File Name: JuiceWRLD - Apr1_RoughDraft Session Title: apr1.123.ptx,MIDNIGHT RIDER_2,"Glass Tree Creative Recording Studio, Downtown, Chicago, IL.","Recorded April 1, 2018. File Exported April 1, 2018.",-,"Surfaced August 12, 2023. Session Surfaced August 12, 2023.",1:49,Original Demo Track ( Complete ),Studio Session & Original File 2117kbps (.wav)
275,GB&GR,163,Kicks (v2) Rugrats Song was originally untitled.,Juice WRLD,Cardo Got Wings,Eli,-,File Name: JuiceWRLD - Kicks_RoughDraft Session Title: apr1.123.ptx,MIDNIGHT RIDER_2,"Glass Tree Creative Recording Studio, Downtown, Chicago, IL.","Recorded April 1, 2018. File Exported April 1, 2018.","First Previewed June 1, 2018.","Surfaced August 12, 2023. Session Surfaced August 12, 2023.",1:49,Alternate Demo Track ( Complete ),Studio Session & Original Files 2117kbps (.wav) 320kbps (.mp3)
276,GB&GR,164,Kicks (v3) Rugrats Song was originally untitled.,Juice WRLD,Cardo Got Wings,Justin Craig,-,File Name: Kicks (JcraigMix) 72.5Bpm Session Title: apr1.123.ptx,MIDNIGHT RIDER_2,"Glass Tree Creative Recording Studio, Downtown, Chicago, IL.","Recorded April 1, 2018. File Exported April 3, 2018.",-,"Surfaced August 12, 2023. Session Surfaced August 12, 2023.",2:00,Alternate Demo Track ( Complete ),Studio Session & Original File 1411kbps (.wav)
277,GB&GR,165,Kirby's Selecta (v1.2) Song is titled after the instrumental.,Juice WRLD,Styn,Max Lord,Samples Jun Ishikawa's 'Kirby 64 The Crystal Shards'.,juerce - KIRBYS SELECTA v1.2,kirbys selecta styn,"Rented Home Recording Studio, Sherman Oaks, Los Angeles, CA.","Recorded January 24-25, 2018.","First Previewed January 24-25, 2018.","Surfaced January 15, 2019.",3:11,Alternate Demo Track ( Complete ),Original File 320kbps (.mp3)
278,GB&GR,166,"KNIGHT CRAWLER Crawling In My Skin Song was originally titled 'CB5', after the instrumental.",Juice WRLD,Chris Barnett,Thomas Cullison,-,File Name: CB5 REF Session Title: CB5.ptx,CB5,"Chalice Recording Studio, West Hollywood, Los Angeles, CA.","Recorded February 20, 2018.",-,"Surfaced October 17, 2022. Session Surfaced August 16, 2023.",2:57,Original Solo Demo Track ( Complete ),Studio Session & Original File 320kbps (.mp3)
279,GB&GR,167,Larry Bird* Ball Song is untitled.,Juice WRLD,Cardo Got Wings & Yung Exclusive,Eli,"Song is unfinished, contains an open verse.",File Name: JuiceWRLD_OpenVrs Session Title: 123.ptx,MC Jag BPM157,"Glass Tree Creative Recording Studio, Downtown, Chicago, IL.","Recorded March 31 - April 1, 2018. File Exported April 1, 2018.",-,"Surfaced July 16, 2018. Session Surfaced August 16, 2023.",3:27,Throwaway Track ( Open Verse ),Studio Session & Original Files 2117kbps (.wav) 320kbps (.mp3)
280,GB&GR,168,Lavish,Juice WRLD,Chopsquad DJ & Southside,James Kang,"Song is unfinished, contains an open verse.",File Name: LAVISH Session Title: SONG3.ptx,Instrumental: BOOMINATI DJ 340CU} Loop: no friends 78bpm,"Blue Room West Recording Studio, West Hollywood, Los Angeles, CA.","Recorded March 22, 2018.",-,"Surfaced July 16, 2018. Session Surfaced July 25, 2025.",2:52,Throwaway Track ( Open Verse ),Studio Session & Original File 320kbps (.mp3)
281,GB&GR,169,Lean Wit' Me (v1) Lean With Me Song was originally called 'Die Young'.,Juice WRLD,Nick Mira,Justin Craig,Shares the same loop as 'Teasing'.,File Name: Die Young (JcraigMix) 164Bpm Session Title: StarKid 164.ptx Folder Title: Die Young,Instrumental: NM - Starkid 164BPM Loop Stems: NM_Starkid 84 Loop Kit: Nick Mira - Gasolina 2 Beat Pack: Nick Mira - March 18,"Glass Tree Creative Recording Studio, Downtown, Chicago, IL.","Recorded March 27, 2018. File Exported March 27, 2018.",-,"Surfaced December 5, 2022. Session Surfaced August 2, 2023.",2:56,Original Demo Track ( Complete ),Studio Session & Original Files 1411kbps (.wav) 320kbps (.mp3)
282,GB&GR,170,Left You're My Everything,Juice WRLD,Nick Mira & Novo Amor,Robert Mefford,Shares the same instrumental as 'My Life In A Nutshell'.,File Name: LEFT (MIX 1) 142bpm Session Title: 419-1.ptx,Instrumental: NM - Milan 142BPM Loop: Holland Beat Pack: Nick Mira - March 18,"Glass Tree Creative Recording Studio, Downtown, Chicago, IL.","Recorded April 19-20, 2018. File Exported April 20, 2018.","First Previewed April 20, 2018.","Surfaced March 19, 2021. Session Surfaced August 31, 2023.",3:39,Throwaway Track ( Complete ),Studio Session & Original Files 1411kbps (.wav) 320kbps (.mp3)
283,GB&GR,171,Let Go Hit The Road,Juice WRLD,DJ KHALED'S SON & Nick Mira,James Kang,"Song is unfinished, contains an open verse.",File Name: LET GO Session Title: SONG6.ptx,Instrumental: NM - Gargoyle 140BPM Loop: POPPY EMO GUITAR PICKING Beat Pack: Nick Mira - March 18,"Blue Room West Recording Studio, West Hollywood, Los Angeles, CA.","Recorded March 22, 2018.",-,"Surfaced June 17, 2018. Session Surfaced January 25, 2026.",3:25,Throwaway Track ( Open Verse ),Studio Session & Original File 320kbps (.mp3)
284,GB&GR,172,Let Her Leave,Juice WRLD,Murda Beatz,James Kang,-,File Name: LER HER LEAVE Session Title: SONG4.ptx,dreamy 144,"Blue Room West Recording Studio, West Hollywood, Los Angeles, CA.","Recorded March 2, 2018.",-,"Surfaced August 11, 2019. Session Surfaced July 11, 2024.",2:53,Throwaway Track ( Complete ),Studio Session & Original File 320kbps (.mp3)
285,GB&GR,173,Let It Buss Everlasting | Let It Bust,Juice WRLD,Nick Mira & Noax,Justin Craig,-,File Name: Let It Buss (JCraigMix) 140Bpm Session Title: Komodo 140.ptx,Instrumental: NM - Komodo 140BPM Loop: Sad XXXtentacion Type Piano Loop Beat Pack: Nick Mira - March 18,"Glass Tree Creative Recording Studio, Downtown, Chicago, IL.","Recorded March 29-30, 2018. File Exported March 30, 2018.","First Previewed March 30, 2018.","Surfaced January 26, 2021. Session Surfaced November 15, 2023.",3:13,Throwaway Track ( Complete ),Studio Session & Original Files 1411kbps (.wav) 320kbps (.mp3)
286,GB&GR,174,Life No Chances Song is titled after the instrumental.,Juice WRLD,Chase Davis,Patrik Ehrenbald-Plummer,-,File Name: JW life chase Session Title: JW life chase.ptx,Chase Davis - life,"Blue Room West Recording Studio, West Hollywood, Los Angeles, CA.","Recorded February 23, 2018.",-,"Surfaced July 16, 2018. Session Surfaced May 11, 2025.",2:05,Throwaway Track ( Complete ),Studio Session & Original File 320kbps (.mp3)
287,GB&GR,175,Like Shit (v1) Pump,Juice WRLD,Joey88 & Marcus Gibson,Justin Craig,Samples Pink Floyd's 'Hey You'.,File Name: Like Shit (ROUGH) Session Title: Joey88 150.ptx,JOEY88 X G DOT 9 BPM150,"Glass Tree Creative Recording Studio, Downtown, Chicago, IL.","Recorded March 29, 2018.",-,"Surfaced April 26, 2021. Session Surfaced November 15, 2023.",1:56,Original Demo Track ( Complete ),Studio Session & Original File 320kbps (.mp3)
288,GB&GR,176,Like Shit (v2) Pump,Juice WRLD,Joey88 & Marcus Gibson,Justin Craig,Samples Pink Floyd's 'Hey You'.,File Name: Like Shit (JcraigMix) 150Bpm Session Title: Joey88 150.ptx,JOEY88 X G DOT 9 BPM150,"Glass Tree Creative Recording Studio, Downtown, Chicago, IL.","Recorded March 29, 2018. File Exported April 3, 2018.","First Previewed March 29, 2018.","Surfaced February 26, 2023. Session Surfaced November 15, 2023.",2:02,Alternate Demo Track ( Complete ),Studio Session & Original Files 1411kbps (.wav) 320kbps (.mp3)
289,GB&GR,177,Live Forever Too Much Drugs,Juice WRLD,Murda Beatz,James Kang,-,File Name: LIVE FOREVER Session Title: SONG2.ptx,groove felix 161,"Blue Room West Recording Studio, West Hollywood, Los Angeles, CA.","Recorded March 1-2, 2018.",-,"Surfaced August 8, 2019. Session Surfaced July 29, 2025.",2:47,Throwaway Track ( Complete ),Studio Session & Original File 320kbps (.mp3)
290,GB&GR,178,London Tipton,Juice WRLD,Joey88,Justin Craig,"Song is unfinished, contains an open verse. Samples Koji's 'So Gone'.",File Name: London Tipton (ROUGH) Session Title: Joey12 165 2.ptx,JOEY12 BPM165,"Glass Tree Creative Recording Studio, Downtown, Chicago, IL.","Recorded March 27, 2018. File Exported March 27, 2018.","First Previewed March 27, 2018.","Surfaced April 4, 2021. Session Surfaced June 28, 2023.",2:55,Original Solo Demo Track ( Open Verse ),Studio Session & Original Files 1411kbps (.wav) 320kbps (.mp3)
291,GB&GR,179,London Tipton (feat. Doobie Dalil),Juice WRLD,Joey88,Justin Craig & Unknown,Samples Koji's 'So Gone'. Song originally began as a solo Juice WRLD track. The Beat Asylum sent out the open verse track to multiple unknown artists without Juice WRLD's knowledge.,,JOEY12 BPM165,"Juice's Vocals Glass Tree Creative Recording Studio, Downtown, Chicago, IL.","Juice's Vocals March 27, 2018.",-,"Surfaced July 7, 2018.",2:56,Feature Track ( Complete ),192kbps (.mp3)
292,GB&GR,180,Lonely Road (v1) Survive | Tripplet,Juice WRLD,"Dylan , Justin Craig & PD Beats",Justin Craig,-,File Name: Lonely Road (ROUGH) Session Title: Tripplet.ptx,tripplet it x dylan,"Glass Tree Creative Recording Studio, Downtown, Chicago, IL.","Recorded March 30, 2018.",-,"Surfaced October 21, 2021. Session Surfaced November 15, 2023.",3:04,Original Demo Track ( Complete ),Studio Session & Original File 320kbps (.mp3)
293,GB&GR,181,Long Gone (v1) Long Gone ( Pt. 1 ),Juice WRLD,Cardo Got Wings & RicandThadeus,Patrik Ehrenbald-Plummer,-,Juice WRLD - Long Gone rough v1,Loop: guitar loop - Loop,"NightBird Recording Studio, West Hollywood, Los Angeles, CA.","Recorded March 10-11, 2018.","First Previewed March 13, 2018. First Teased March 12, 2018.","Surfaced July 4, 2022.",3:07,Original Demo Track ( Complete ),Original File 320kbps (.mp3)
294,GB&GR,182,Loose Screw Prolly,Juice WRLD,TyMadeIt,Oz On The Track,-,File Name: Lose Screw (Rough) Session Title: song 2 apri 16.ptx,Fever- 172,"ATS Records Recording Studio, West Loop, Chicago, IL.","Recorded April 16, 2018.","First Previewed May 6, 2018.","Surfaced May 24, 2020. Session Surfaced March 11, 2022.",1:06,Throwaway Track ( Complete ),Studio Session & Original File 320kbps (.mp3)
295,GB&GR,183,Lose A Dream,Juice WRLD,Southside,Justin Craig,-,File Name: Lose A Dream (JcraigMix) Session Title: 424-1.ptx,touba10,"Glass Tree Creative Recording Studio, Downtown, Chicago, IL.","Recorded April 24-25, 2018. File Exported July 1, 2018.","First Previewed April 26, 2018.","Surfaced March 27, 2021. Session Surfaced August 16, 2023.",2:14,Throwaway Track ( Complete ),Studio Session & Original Files 1411kbps (.wav) 320kbps (.mp3)
296,GB&GR,184,Lose You (v1) Used To,Juice WRLD,Mitch Mula,Mitch Mula,-,Lose You,,"Private Stock Recording Studio, Mayfair, Chicago, IL.",-,-,"Surfaced September 13, 2020.",3:09,Original Demo Track ( Complete ),Original File 320kbps (.mp3)
297,GB&GR,185,Lost Love,Juice WRLD,Plu2o Nash,Blake Harden,-,LOST LOVE_RUFF 1,,"Blue Room West Recording Studio, West Hollywood, Los Angeles, CA.","Recorded February 27, 2018.",-,"Surfaced July 16, 2018.",2:05,Throwaway Track ( Complete ),Original File 320kbps (.mp3)
298,GB&GR,186,Love Ain't Meant For Demons (v1) Song was originally called 'Demon Love'.,Juice WRLD,"Danny Wolf, DILIP & Instupendo",James Kang,-,File Name: DEMON LOVE Session Title: SONG3.ptx,microbes,"Blue Room West Recording Studio, West Hollywood, Los Angeles, CA.","Recorded February 25, 2018.","First Previewed February 25, 2018.","Surfaced June 29, 2018. Session Surfaced July 29, 2025.",3:19,Original Demo Track ( Complete ),Studio Session & Original File 320kbps (.mp3)
299,GB&GR,187,Love Ain't Meant For Demons (v2) Song was originally called 'Demon Love'.,Juice WRLD,"Danny Wolf, DILIP & Instupendo",James Kang,-,File Name: LOVE AINT MEANT FOR DEMONS Session Title: LOVE AINT MEANT FOR DEMONS_1.ptx Folder Title: DEMON LOVE,microbes,"Blue Room West Recording Studio, West Hollywood, Los Angeles, CA.","Recorded February 25, 2018.",-,"Surfaced September 16, 2022. Session Surfaced July 29, 2025.",3:23,Alternate Demo Track ( Complete ),Studio Session & Original File 320kbps (.mp3)
300,GB&GR,188,Love And Leave Them,Juice WRLD,Danny Wolf & DILIP,James Kang,"Song is unfinished, contains an open verse. Shares the same instrumental as 'Circles'.",LOVE AND LEAVE THEM,circlesa,"Blue Room West Recording Studio, West Hollywood, Los Angeles, CA.","Recorded February 25, 2018.","First Teased March 2, 2018.","Surfaced June 16, 2018.",3:06,Throwaway Track ( Open Verse ),Original File 320kbps (.mp3)
301,GB&GR,189,Love No Hoe (v2) New Hit,Juice WRLD,The Beat Asylum,Juice WRLD,-,File Name: love no hoe_1 Session Title: new hit.ptx Folder Title: Love No Hoe,BILLS 150BPM,"Unhkl Flex's Home Recording Studio, Matteson, Chicago, IL.","Recorded January 2, 2018.","First Previewed January 4, 2018.","Surfaced June 3, 2018. Session Surfaced December 20, 2023.",2:53,Alternate Demo Track ( Complete ),Studio Session & Original File 320kbps (.mp3)
302,GB&GR,190,Love Over There,Juice WRLD,Nick Mira,James Kang,Shares the same instrumental as 'Zaxbys'.,File Name: LOVE OVER THERE Session Title: SONG2.ptx,Instrumental: NM - Zaxbys 161BPM Loop: NM_Westpoint 68 Loop Kit: Nick Mira - Gasolina 2 Beat Pack: NM - Juice Feb 18,"Blue Room West Recording Studio, West Hollywood, Los Angeles, CA.","Recorded March 5, 2018.",-,"Surfaced October 6, 2019. Session Surfaced January 25, 2026.",3:10,Throwaway Track ( Complete ),Studio Session & Original File 320kbps (.mp3)
303,GB&GR,191,Lucid Dreams (Remix) [feat. Lil Uzi Vert] {v1} lucid dreams ( forget me ) | Lucid Dreams ( Pt. 1 ) Song was originally called 'Remember Me'.,Juice WRLD,Dominic Miller & Nick Mira,"Romel Williams, Kesha Lee & Unknown",Samples Sting's 'Shape Of My Heart'. Song originally began as a solo Juice WRLD track.,Juice World x Uzi Lucid Dreams feature 84.90 F minor,Instrumental: Lucid 84 BPM Open Verse File: LUCID DREAMS OPEN VERSE Instrumental Stems: rip leo,"Juice's Vocals Enviyon Entertainment Recording Studio, Country Club Hills, Chicago, IL. Uzi's Vocals MilkBoy Recording Studio, Franklin Square, Philadelphia, PA.","Juice's Vocals June 13, 2017. Uzi's Vocals May 16, 2018.","First Previewed May 16, 2018.","Surfaced May 23, 2021.",4:00,Original Feature Demo & Remix Track ( Complete ),Original File 320kbps (.mp3)
304,GB&GR,192,Lucid Dreams ( v2 ) lucid dreams ( forget me ) | Lucid Dreams ( Pt. 1 ) Song was originally called 'Remember Me'.,Juice WRLD,Dominic Miller & Nick Mira,Romel Williams & Unknown,Open verse version of the song which was sent to Lil Uzi Vert. Samples Sting's 'Shape Of My Heart'.,LUCID DREAMS OPEN VERSE,Instrumental: Lucid 84 BPM Instrumental Stems: rip leo,"Enviyon Entertainment Recording Studio, Country Club Hills, Chicago, IL.","Recorded June 13, 2017.",-,"Surfaced October 17, 2022.",4:00,Alternate Solo Demo Track ( Open Verse ),Original File 320kbps (.mp3)
305,GB&GR,193,Me Song was originally called 'Never Lied'.,Juice WRLD,Joey88,Juice WRLD,-,File Name: me Session Title: never lied.ptx Folder Title: Me,TALK IS CHEAP BPM128.410,"Unhkl Flex's Home Recording Studio, Matteson, Chicago, IL.","Recorded January 6-7, 2018.",-,"Surfaced June 2, 2018. Session Surfaced December 5, 2023.",3:44,Original Solo Demo Track ( Complete ),Studio Session & Original File 320kbps (.mp3)
306,GB&GR,194,Meagan Good (v1) Never Ever Good,Juice WRLD,DJ Victoriouz & Mitch Mula,Mitch Mula,-,Megan Good LL,Briss 97 BPM,"Private Stock Recording Studio, Mayfair, Chicago, IL.",-,-,"Surfaced October 26, 2020.",2:37,Original Solo Demo Track ( Complete ),Original File 320kbps (.mp3)
307,GB&GR,195,Melody (v1) Irrelevant,Juice WRLD,Edsclusive,Blake Harden,-,File Name: MELODY_RUFF 1 Session Title (1): SLAP BEAT_2.ptx Session Title (2): MELODY_1.ptx,slap (edsclusive),"Blue Room West Recording Studio, West Hollywood, Los Angeles, CA.","Recorded March 4, 2018.","First Previewed March 4, 2018.","Surfaced November 24, 2019. Session Surfaced January 19, 2026.",3:05,Original Demo Track ( Complete ),Studio Session & Original File 320kbps (.mp3)
308,GB&GR,196,Minus (v1) Song was originally untitled.,Juice WRLD,Charlie Handsome,Jamil Chammas,-,File Name: Juice Wrld March 7 2018 Session Title: JUICE WRLD MINUS.logicx,February 21st 2018 (140.308),"The Palm Pad Recording Studio, Hollywood Hills, Los Angeles, CA.","Recorded March 7-8, 2018.","First Previewed December 9, 2021.","Surfaced December 4, 2022. Session Surfaced February 26, 2025.",3:20,Original Solo Demo Track ( Complete ),Original File 160kbps (.mp3)
309,GB&GR,197,Misery Avenue (v1) Back To Me | This Is Me Song was originally untitled.,Juice WRLD,DJ L Beats,Marquis Robinson,-,File Name: Juice 2-2-18 Session Title: Juice 2-2-18.ptx,scope 2 143bpm,"Complex 2010 Recording Studio, China Town, Chicago, IL.","Recorded February 2, 2018. File Exported February 2, 2018.","First Previewed February 2, 2018. First Teased February 11, 2018.","Surfaced September 17, 2020. Session Surfaced September 10, 2023.",4:01,Original Demo Track ( Complete ),Studio Session & Original File 1411kbps (.wav)
310,GB&GR,198,Misunderstood,Juice WRLD,Oz On The Track,Oz On The Track,-,File Name: Misunderstud (rough) Session Title: song 5.ptx,april 15 sample 5_2 150,"ATS Records Recording Studio, West Loop, Chicago, IL.","Recorded April 16, 2018.",-,"Surfaced July 7, 2020. Session Surfaced April 29, 2022.",1:55,Throwaway Track ( Complete ),Studio Session & Original File 320kbps (.mp3)
311,GB&GR,199,Molly & Mike,Juice WRLD,Donn Robb & TyMadeIt,Oz On The Track,-,File Name: Molly & Mike (rough) Session Title: song 4.ptx,juice world to maxed-167,"ATS Records Recording Studio, West Loop, Chicago, IL.","Recorded April 16, 2018.",-,"Surfaced July 7, 2020. Session Surfaced June 8, 2022.",2:40,Throwaway Track ( Complete ),Studio Session & Original File 320kbps (.mp3)
312,GB&GR,200,Mood (v2) Heart Exposure Song is titled after the instrumental.,Juice WRLD,Mega Beats,Patrik Ehrenbald-Plummer,-,Juice mood zach gayden rough v2,"""Mood"" - (2018) Lil Uzi Vert / TM88 Type Beat","NightBird Recording Studio, West Hollywood, Los Angeles, CA.","Recorded March 9-13, 2018.",-,"Surfaced July 7, 2020.",3:16,Alternate Demo Track ( Complete ),Original File 320kbps (.mp3)
313,GB&GR,201,Motions* (with MadeInTYO) Song is untitled.,Juice WRLD & MadeInTYO,"Danny Wolf, DILIP & Instupendo",James Kang,"Originally released on SoundCloud as a single track, but was later removed for unknown reasons. Shares the same instrumental as 'Stuck'.",TOKYO AND JUICE WRLD2,Stuck,"Blue Room West Recording Studio, West Hollywood, Los Angeles, CA.","Recorded February 25, 2018.",-,"Released July 9, 2018.",3:50,Throwaway Track ( Complete ),Original File 320kbps (.mp3)
314,GB&GR,202,Mr. Heartbreak (v1),Juice WRLD,Nick Mira,Veronika Wyman,-,TazTaylor.Juice - Mr. Heartbreak - 01.16.18vjw,Instrumental: NM - Satellite 165BPM Loop: nick mira - madrid 165bpm Loop Kit: Nick Mira - Odyssey,"APG Recording Studio, West Hollywood, Los Angeles, CA.","Recorded January 16, 2018.","First Previewed January 16, 2018.","Surfaced January 30, 2020.",3:06,Original Demo Track ( Complete ),Original File 320kbps (.mp3)
315,GB&GR,203,Mr. Heartbreak (v2),Juice WRLD,Nick Mira,Unknown & Veronika Wyman,-,Mr. Heartbreak NEW MIX 1-1,Instrumental: NM - Satellite 165BPM Loop: nick mira - madrid 165bpm Loop Kit: Nick Mira - Odyssey,"APG Recording Studio, West Hollywood, Los Angeles, CA.","Recorded January 16, 2018.",-,"Surfaced April 3, 2022.",3:07,Alternate Demo Track ( Complete ),Original File 320kbps (.mp3)
316,GB&GR,204,"My Life In A Nutshell (v1) Pain Heal Song was originally titled 'Milan', after the instrumental.",Juice WRLD,Nick Mira & Novo Amor,2Fly & Max Lord,Shares the same instrumental as 'Left'.,File Name: Juice Milan 4.8.18 Session Title: Juice Milan Nick Mira 4.8.18.ptx,Instrumental: NM - Milan 142BPM Loop: Holland Beat Pack: Nick Mira - March 18,"Blue Room West Recording Studio, West Hollywood, Los Angeles, CA.","Recorded April 8, 2018.","First Teased April 9, 2018.","Surfaced November 3, 2019. Session Surfaced October 1, 2024.",3:09,Original Demo Track ( Complete ),Studio Session & Original File 320kbps (.mp3)
317,GB&GR,205,My Phone* Song is untitled.,Juice WRLD,DJ L Beats,Marquis Robinson,-,File Name: Juice 2-14-18 Session Title: Juice 2-14-18.ptx,12-16-17 2 130bpm,"Complex 2010 Recording Studio, China Town, Chicago, IL.","Recorded February 14, 2018. File Exported February 14, 2018.","First Previewed February 14, 2018.","Surfaced August 3, 2021. Session Surfaced September 10, 2023.",2:29,Throwaway Track ( Complete ),Studio Session & Original File 1411kbps (.wav)
318,GB&GR,206,Na Na Na No Good Woman | Quitter,Juice WRLD,Josh Petruccio & Nick Mira,Shaan Singh,Samples Saib's 'In Your Arms'.,File Name: NA NA NA - SHAANRUFF 2-17-18 Session Title: NA NA NA JW 2-17-18 02 TO SEND .ptx Folder Title: NA NA NA,Instrumental: NM - Bling 140 BPM Loop: JP - Hotline (Sample) Loop Kit: Josh Petruccio - Godfather Beat Pack: juice december: late december,"Chalice Recording Studio, West Hollywood, Los Angeles, CA.","Recorded February 18, 2018.","First Previewed February 19, 2018.","Surfaced December 26, 2021. Session Surfaced March 23, 2023.",3:41,Throwaway Track ( Complete ),Studio Session & Original File 320kbps (.mp3)
319,GB&GR,207,Nascar* (with Calboy) Song is untitled.,Juice WRLD & Calboy,Asurms,DJ Victoriouz,-,dj vic 2,,"Fort Knox Recording Studio, Mayfair, Chicago, IL.","Recorded January 10, 2018.",-,"Surfaced June 16, 2018.",2:48,Throwaway Track ( Complete ),Original File 256kbps (.mp3)
320,GB&GR,208,New Girl (v1) Latex,Juice WRLD,"Joey88, Leaf & Toshiro Masuda",Juice WRLD,Samples Toshiro Masuda's 'Sadness & Sorrow' from Naruto's original Soundtrack.,File Name: new girl Session Title: new girl.ptx Folder Title: New Girl,naruto78bpm,"Unhkl Flex's Home Recording Studio, Matteson, Chicago, IL.","Recorded January 5, 2018.","First Previewed January 7, 2018.","Surfaced October 11, 2023. Session Surfaced December 4, 2023.",4:09,Original Demo Track ( Complete ),Studio Session & Original File 320kbps (.mp3)
321,GB&GR,209,New Girl (v2) Latex,Juice WRLD,"Joey88, Leaf & Toshiro Masuda",Juice WRLD & Marcus Gibson,Samples Toshiro Masuda's 'Sadness & Sorrow' from Naruto's original Soundtrack.,File Name: New Girl 1st Mix Session Title: new girl.ptx Folder Title: New Girl,naruto78bpm,"Unhkl Flex's Home Recording Studio, Matteson, Chicago, IL.","Recorded January 5, 2018.",-,"Surfaced November 24, 2024. Session Surfaced December 4, 2023.",4:12,Alternate Demo Track ( Complete ),Studio Session & Original File 320kbps (.mp3)
322,GB&GR,210,New Girl (v3) Latex,Juice WRLD,"Joey88, Leaf & Toshiro Masuda",Juice WRLD & Marcus Gibson,Samples Toshiro Masuda's 'Sadness & Sorrow' from Naruto's original Soundtrack.,File Name: New Girl 1st Mix_1 Session Title: new girl.ptx Folder Title: New Girl,naruto78bpm,"Unhkl Flex's Home Recording Studio, Matteson, Chicago, IL.","Recorded January 5, 2018.",-,"Surfaced November 24, 2024. Session Surfaced December 4, 2023.",4:12,Alternate Demo Track ( Complete ),Studio Session & Original File 320kbps (.mp3)
323,GB&GR,211,New Girl (v4) Latex,Juice WRLD,"Joey88, Leaf & Toshiro Masuda",Juice WRLD & Marcus Gibson,Samples Toshiro Masuda's 'Sadness & Sorrow' from Naruto's original Soundtrack.,File Name: New Girl 2nd Mix Session Title: new girl.ptx Folder Title: New Girl,naruto78bpm,"Unhkl Flex's Home Recording Studio, Matteson, Chicago, IL.","Recorded January 5, 2018.",-,"Surfaced November 24, 2024. Session Surfaced December 4, 2023.",4:09,Alternate Demo Track ( Complete ),Studio Session & Original File 320kbps (.mp3)
324,GB&GR,212,Nintendo Song is titled after the instrumental.,Juice WRLD,Cardo Got Wings,2Fly & Max Lord,-,File Name: Juice Nintendo 4.8.18 Session Title: Juice Nintento 4.8.18.ptx,NINTENDO_3,"Blue Room West Recording Studio, West Hollywood, Los Angeles, CA.","Recorded April 8, 2018.",-,"Surfaced October 1, 2019. Session Surfaced March 2, 2025.",2:35,Throwaway Track ( Complete ),Studio Session & Original File 320kbps (.mp3)
325,GB&GR,213,No Benefits (v1),Juice WRLD,Smokeasac,Justin Craig,-,File Name: No Benefits (JcraigMix) 135Bpm Session Title: Smokeasac.ptx Folder Title: No Benefits,smokeasac x juicewrld 999 rough demo,"Glass Tree Creative Recording Studio, Downtown, Chicago, IL.","Recorded March 28, 2018. Files Exported March 28, 2018.","First Previewed March 28, 2018. First Teased October 5, 2018.","Surfaced October 16, 2019. Session Surfaced August 16, 2023.",2:53,Original Demo Track ( Complete ),Studio Session & Original Files 1411kbps (.wav) .L/.R 1058kbps (.wav) 320kbps (.mp3)
326,GB&GR,214,No Benefits (v2),Juice WRLD,Smokeasac,Justin Craig,-,File Name: No Benefits (JcraigMix2) 135Bpm Session Title: Smokeasac.ptx Folder Title: No Benefits,smokeasac x juicewrld 999 rough demo,"Glass Tree Creative Recording Studio, Downtown, Chicago, IL.","Recorded March 28, 2018. File Exported March 28, 2018.",-,"Surfaced September 29, 2022. Session Surfaced August 16, 2023.",2:55,Alternate Demo Track ( Complete ),Studio Session & Original Files 1411kbps (.wav) 320kbps (.mp3)
327,GB&GR,215,No Hook,Juice WRLD,J.Views & Robert Mefford,Robert Mefford,-,File Name: NO HOOK (MIX 1) 150bpm Session Title: 419-2.ptx,Instrumental: meet me there 150bpm - Bminor Loop: JVIEWS_Tonal_Loop_Space_Melancholy_Guitar_Bm_150,"Glass Tree Creative Recording Studio, Downtown, Chicago, IL.","Recorded April 20, 2018. File Exported April 20, 2018.","First Previewed May 6, 2018.","Surfaced October 4, 2018. Session Surfaced November 15, 2023.",2:20,Throwaway Track ( Complete ),Studio Session & Original Files 1411kbps (.wav) 320kbps (.mp3)
328,GB&GR,216,No Rest (feat. Juice WRLD),Lil Skies,Menoh,Unknown,-,,,-,"Recorded April [ ? ], 2018.","First Previewed January 31, 2024. First Teased April 18, 2018.","Surfaced June 9, 2025.",3:30,Feature Track ( Complete ),320kbps (.mp3)
329,GB&GR,217,No Shortcuts (feat. Juice WRLD),MadeInTYO,Supah Mario,Thomas Cullison & Unknown,Song originally began as a solo MadeInTYO track.,NO SHORT CUTS FEAT JW REF,Open Verse File: No Short Cuts - SupahMario.MadeInTyo 02.13.18,"Juice's Vocals Chalice Recording Studio, West Hollywood, Los Angeles, CA.","MadeInTYO's Vocals February 13, 2018. Juice's Vocals February 20-21, 2018.","First Previewed February 24-25, 2018.","Surfaced September 17, 2020.",3:55,Feature Track ( Complete ),Original File 320kbps (.mp3)
330,GB&GR,218,Not Enough (v1) I Need You | Out Of Luck Song was originally called 'Gun Next To Me'.,Juice WRLD,Justin Craig & PD Beats,Justin Craig,"Song is unfinished, contains an open verse. Shares the same loop as ATEEZ's 'Dancing Like Butterfly Wings' & Bustafunk's 'Bouncy Delight'.",File Name: Gun Next To Me (ROUGH) Session Title: jcraig1.ptx,Instrumental: Small Speaker (ROUGH) Loop: MdL TMS Guitar Loop - 90 BPM - G Major Instrumental Stems: Quiet ass speakers,"Glass Tree Creative Recording Studio, Downtown, Chicago, IL.","Recorded April 26-27, 2018.",-,"Surfaced June 14, 2023. Session Surfaced September 13, 2023.",3:12,Original Demo Track ( Open Verse ),Studio Session & Original File 320kbps (.mp3)
331,GB&GR,219,Not Enough (v2) I Need You | Out Of Luck Song was originally called 'Gun Next To Me'.,Juice WRLD,Justin Craig & PD Beats,Justin Craig,Shares the same loop as ATEEZ's 'Dancing Like Butterfly Wings' & Bustafunk's 'Bouncy Delight'.,File Name: Not Enough (JcraigMix) Session Title: jcraig1.ptx,Instrumental: Small Speaker (ROUGH) Loop: MdL TMS Guitar Loop - 90 BPM - G Major Instrumental Stems: Quiet ass speakers,"Glass Tree Creative Recording Studio, Downtown, Chicago, IL.","Recorded April 26-27, 2018. File Exported April 27, 2018.",-,"Surfaced August 16, 2021. Session Surfaced September 13, 2023.",3:13,Alternate Demo Track ( Complete ),Studio Session & Original Files 1411kbps (.wav) 320kbps (.mp3)
332,GB&GR,220,Numb The Pain (v1),Juice WRLD,Chopsquad DJ,James Kang,"Song is unfinished, contains an open verse.",File Name: NUMB THE PAIN Session Title: SONG1.ptx,,"Blue Room West Recording Studio, West Hollywood, Los Angeles, CA.","Recorded March 21, 2018.",-,"Surfaced July 16, 2018.",3:10,Original Demo Track ( Open Verse ),Original File 320kbps (.mp3)
333,GB&GR,221,Numb The Pain (v2),Juice WRLD,Chopsquad DJ,James Kang,"Song is unfinished, contains an open verse.",File Name: NUMB THE PAIN2 Session Title: SONG1.ptx,,"Blue Room West Recording Studio, West Hollywood, Los Angeles, CA.","Recorded March 21, 2018.",-,"Surfaced August 16, 2023.",3:10,Alternate Demo Track ( Open Verse ),Original File 320kbps (.mp3)
334,GB&GR,222,Obsessed Cerebral,Juice WRLD,Dylan Jake & Nick Mira,James Kang,"Song is unfinished, contains an open verse.",File Name: OBSESSED Session Title: SONG2.ptx,Instrumental: NM - Borderlands 146BPM Loop: Lil Peep Style Guitar Beat Pack: NM Juice 4.12,"Blue Room West Recording Studio, West Hollywood, Los Angeles, CA.","Recorded April 14, 2018.",-,"Surfaced October 26, 2019. Session Surfaced June 28, 2023.",3:30,Throwaway Track ( Open Verse ),Studio Session & Original File 320kbps (.mp3)
335,GB&GR,223,On Me (v1),Juice WRLD,Cardo Got Wings & Yung Exclusive,Eli,-,File Name: JuiceWRLD - On Me_RoughDraft Session Title: 1234567.ptx,All Day BPM148-2,"Glass Tree Creative Recording Studio, Downtown, Chicago, IL.","Recorded April 1, 2018. File Exported April 1, 2018.",-,"Surfaced August 15, 2023. Session Surfaced August 16, 2023.",3:18,Original Demo Track ( Complete ),Studio Session & Original Files 2117kbps (.wav) 320kbps (.mp3)
336,GB&GR,224,On Me (v2),Juice WRLD,Cardo Got Wings & Yung Exclusive,Justin Craig,-,File Name: On Me (JcraigMix) 78.5Bpm Session Title: 1234567.ptx,All Day BPM148-2,"Glass Tree Creative Recording Studio, Downtown, Chicago, IL.","Recorded April 1, 2018. File Exported April 2, 2018.",-,"Surfaced November 15, 2023. Session Surfaced August 16, 2023.",2:52,Alternate Demo Track ( Complete ),Studio Session & Original File 1411kbps (.wav)
337,GB&GR,225,Open Shop (v1) High All Week Song is titled after the instrumental.,Juice WRLD,Cardo Got Wings,2Fly & Max Lord,"Shares the same instrumental as Pi'erre Bourne's 'Going Through Some Things*'. Song is unfinished, contains an open verse.",File Name: Juice open shop 4.11 Session Title: Juice open shop 7 cardo 4.11.18.ptx,open shop_7,"Blue Room West Recording Studio, West Hollywood, Los Angeles, CA.","Recorded April 12, 2018. .L/.R Files Exported April 18, 2018.",-,"Surfaced October 26, 2019. Session Surfaced March 10, 2025.",4:21,Original Demo Track ( Open Verse ),Studio Session & Original Files .L/.R 1058kbps (.wav) 320kbps (.mp3)
338,GB&GR,226,Open Shop (v2) High All Week Song is titled after the instrumental.,Juice WRLD,Cardo Got Wings,"2Fly, Chris Barnett & Max Lord","Shares the same instrumental as Pi'erre Bourne's 'Going Through Some Things*'. Song is unfinished, contains an open verse.",File Name: Juice open shop 4.11 V2 Session Title: cardo.ptx,Instrumental: open shop_7 Open Verse File: Juice open shop 4.11,"Hook & Post Hook Blue Room West Recording Studio, West Hollywood, Los Angeles, CA. First Verse Glass Tree Creative Recording Studio, Downtown, Chicago, IL.","Hook & Post Hook April 12, 2018. First Verse April 18, 2018. File Exported April 18, 2018.","First Previewed May 12, 2023.","Surfaced June 18, 2023. Session Surfaced November 15, 2023.",5:09,Alternate Demo Track ( Open Verse ),Studio Session & Original Files 1411kbps (.wav) 320kbps (.mp3)
339,GB&GR,227,Open Up Make The News Song is titled after the instrumental.,Juice WRLD,Nick Mira,2Fly & Max Lord,Shares the same instrumental as MAJ's 'Fade Away'.,,Instrumental: NM - OpenUp 131BPM MIDI: nm - (piano) perriwinkle Beat Pack: NM - Juice Feb 18,"Blue Room West Recording Studio, West Hollywood, Los Angeles, CA.","Recorded April 8-13, 2018.","First Previewed January 31, 2024.","Surfaced March 17, 2026.",2:55,Throwaway Track ( Complete ),320kbps (.mp3)
340,GB&GR,228,Orange Song is titled after the instrumental.,Juice WRLD,Nick Mira,PrettyBoy Pablo,"Shares the same instrumental as 'Clean', also shares a very similar instrumental with Landon Cube's '17' featuring Lil Skies. Song is unfinished, contains an open verse.",File Name: juice - orange Session Title: Orange.ptx,Instrumental: NM - Orange 140BPM MIDI: nm - shameless Beat Pack: juice feb 1,"Penthouse Recording Studio, Times Square, New York City, NY.","Recorded February 3, 2018. File Exported February 5, 2018.",-,"Surfaced September 21, 2022. Session Surfaced September 27, 2022.",5:06,Throwaway Track ( Open Verse ),Studio Session & Original Files 2117kbps (.wav) 320kbps (.mp3)
341,GB&GR,229,Outta Pocket (feat. Valee) [v1],Juice WRLD,Nick Mira,BJ Mekk,-,File Name: Juice Wrld - Outta Pocket Session Title: Juice Wrld - Outta Pocket.ptx,Instrumental: NM - Sobb 160BPM Loop Stems: NM_Thoughtful 165 Loop Kit: Nick Mira - Mira Mozart Vol. 1 Beat Pack: NM - Juice 5.16,"Paramount Ameraycan Recording Studio, North Hollywood, Los Angeles, CA.","Recorded May 22, 2018. File Exported May 23, 2018.","First Previewed May 22, 2018.","Surfaced July 16, 2018. Session Surfaced April 17, 2022.",4:24,Original Feature Demo Track ( Complete ),Studio Session & Original Files 3072kbps (.wav) 320kbps (.mp3)
342,GB&GR,230,Percaholic Boss Of Me | Life's Not Fair,Juice WRLD,K. Swisha,Kerim Wilhelm,Interpolates They Might Be Giants' 'Boss Of Me'.,File Name: Juice Wrld_Percaholic_Rough Session Title: Juice Wrld - Percaholic.ptx,K swisha 85,"Manhattan Beach Recording Studio, Midtown Manhattan, New York City, NY.","Recorded February 9, 2018.","First Previewed February 9, 2018. First Teased February 23, 2018.","Surfaced May 22, 2018. Session Surfaced January 25, 2026.",3:41,Throwaway Track ( Complete ),Studio Session & Original File 320kbps (.mp3)
343,GB&GR,231,"Persona (v1) Song was originally titled 'Naruto', after the instrumental.",Juice WRLD,Joey88,Juice WRLD,Shares the same instrumental as 'Naruto'.,File Name (1): naruto File Name (2): naruto_1 Session Title: persona.ptx Folder Title: Persona,naruto2117BPM,"Unhkl Flex's Home Recording Studio, Matteson, Chicago, IL.","Recorded January 7, 2018.","First Previewed January 9, 2018.","Surfaced May 28, 2018. Session Surfaced December 22, 2023.",4:06,Original Demo Track ( Complete ),Studio Session & Original Files 320kbps (.mp3)
344,GB&GR,232,"Persona (v2) Song was originally titled 'Naruto', after the instrumental.",Juice WRLD,Joey88,Juice WRLD & Marcus Gibson,Shares the same instrumental as 'Naruto'.,File Name: Persona 1st Mix Session Title: persona.ptx Folder Title: Persona,naruto2117BPM,"Unhkl Flex's Home Recording Studio, Matteson, Chicago, IL.","Recorded January 7, 2018.",-,"Surfaced August 16, 2023. Session Surfaced December 22, 2023.",4:10,Alternate Demo Track ( Complete ),Studio Session & Original File 320kbps (.mp3)
345,GB&GR,233,"Persona (v3) Song was originally titled 'Naruto', after the instrumental.",Juice WRLD,Joey88,Juice WRLD & Marcus Gibson,Shares the same instrumental as 'Naruto'.,File Name: Persona 2nd Mix Session Title: persona.ptx Folder Title: Persona,naruto2117BPM,"Unhkl Flex's Home Recording Studio, Matteson, Chicago, IL.","Recorded January 7, 2018.",-,"Surfaced August 16, 2023. Session Surfaced December 22, 2023.",4:06,Alternate Demo Track ( Complete ),Studio Session & Original File 320kbps (.mp3)
346,GB&GR,234,Play Your Role* Song is untitled.,Juice WRLD,DJ L Beats,Unknown,-,Juice WRLD 2,,"Fort Knox Recording Studio, Mayfair, Chicago, IL.","Recorded January 11-12, 2018.","First Previewed January 15, 2018.","Surfaced July 24, 2018.",2:49,Throwaway Track ( Complete ),Original File 256kbps (.mp3)
347,GB&GR,235,Plug,Juice WRLD,"Danny Wolf, DILIP & Otxhello",Patrik Ehrenbald-Plummer,-,File Name: Juice WRLD - Plug rough v1 Session Title: JW temp.ptx,drunknights,"Blue Room West Recording Studio, West Hollywood, Los Angeles, CA.","Recorded February 21, 2018.","First Previewed March 22, 2018. First Teased March 10, 2018.","Surfaced July 16, 2018. Session Surfaced August 20, 2024.",3:58,Throwaway Track ( Complete ),Studio Session & Original File 320kbps (.mp3)
348,GB&GR,236,pop-punkstar (with SYKI) [ v1 ] Pop-Punk☆ Song was originally called 'YER YER YER'.,Juice WRLD & SYKI,Menoh,SYKI,Shares the same instrumental as Lil Skies' 'Another Take'.,Session Title: YER YER YRE.flp,,"Fort Knox Recording Studio, Mayfair, Chicago, IL.",-,-,-,4:07,Original Demo Track ( Complete ),128kbps (.mp3)
349,GB&GR,237,Porridge,Juice WRLD,Chopsquad DJ,Blake Harden,-,File Name: porridge_juice_ruff 1 Session Title: Song 2_02-27-2018_juice.ptx,BOOMINATI DJ 233,"Blue Room West Recording Studio, West Hollywood, Los Angeles, CA.","Recorded February 28, 2018.","First Previewed February 28, 2018.","Surfaced June 17, 2018. Session Surfaced February 4, 2024.",3:36,Throwaway Track ( Complete ),Studio Session & Original File 320kbps (.mp3)
350,GB&GR,238,Prime Time* (v1) Song is untitled.,Juice WRLD,The Beat Asylum,Marquis Robinson,-,File Name: Juice 1-29-18 Session Title: Juice 1-29-18.ptx,REAL LOVE 2 BPM158.600,"Complex 2010 Recording Studio, China Town, Chicago, IL.","Recorded January 29, 2018. .L/.R Files Exported January 29, 2018.","First Previewed January 29, 2018.","Surfaced August 31, 2023. Session Surfaced September 27, 2023.",2:13,Original Demo Track ( Complete ),Studio Session & Original Files .L/.R 1536kbps (.wav) 320kbps (.mp3)
351,GB&GR,239,Prime Time* (v2) Song is untitled.,Juice WRLD,The Beat Asylum,Marquis Robinson,-,File Name: Juice 1-29-18_1 Session Title: Juice 1-29-18.ptx,REAL LOVE 2 BPM158.600,"Complex 2010 Recording Studio, China Town, Chicago, IL.","Recorded January 29, 2018.",-,"Surfaced November 5, 2020. Session Surfaced September 27, 2023.",3:36,Alternate Demo Track ( Complete ),Studio Session & Original File 320kbps (.mp3)
352,GB&GR,240,Psychedelics Feeling Myself,Juice WRLD,Nick Mira,Matthew Jacobson & Xavier Daniel,Shares the same instrumental as 'Drunk (Pt. 2)'.,Psychedelic,Instrumental: NM - Sore 144BPM Beat Pack: juice december,"Paramount Recording Studio, Santa Monica, Los Angeles, CA.","Recorded February 17, 2018.","First Previewed February 17, 2018.","Surfaced January 17, 2022.",3:46,Throwaway Track ( Complete ),Original File 320kbps (.mp3)
353,GB&GR,241,Push Me Away* Song is untitled.,Juice WRLD,PrettyBoy Pablo,PrettyBoy Pablo,-,Juice - One,,"Penthouse Recording Studio, Times Square, New York City, NY.","Recorded February 8, 2018.","First Previewed February 8, 2018.","Surfaced October 15, 2023.",4:05,Throwaway Track ( Complete ),Original File 320kbps (.mp3)
354,GB&GR,242,Put Me Down* Song is untitled.,Juice WRLD,Dorien Theus & Nick Mira,Blake Harden & James Kang,"Shares the same instrumental as 'Every Hour*', 'Prada' and Iann Dior's 'Lonely Stoner'. Song is unfinished, contains an open verse.",File Name: Juice Wrld_1 Session Title: Juice Wrld_1_this one.ptx,Instrumental: DT x NM - Prada 131BPM Loop Stems: NM_Prada_Playground 129 Loop Kit: Nick Mira - Gasolina 2,"Blue Room West Recording Studio, West Hollywood, Los Angeles, CA.","Recorded May 4, 2018.",-,"Surfaced July 24, 2018. Session Surfaced July 14, 2025.",3:39,Throwaway Track ( Open Verse ),Studio Session & Original File 320kbps (.mp3)
355,GB&GR,243,Python,Juice WRLD,Robert Mefford & Unknown,Robert Mefford,-,File Name: PYTHON (MIX 1) 140bpm Session Title: 419-3.ptx,418 - 140bpm Aminor,"Glass Tree Creative Recording Studio, Downtown, Chicago, IL.","Recorded April 20, 2018. File Exported April 20, 2018.",-,"Surfaced March 29, 2021. Session Surfaced August 30, 2023.",3:12,Throwaway Track ( Complete ),Studio Session & Original Files 1411kbps (.wav) 320kbps (.mp3)
356,GB&GR,244,Race Beginning,Juice WRLD,CashMoneyAp & Dez Wright,James Kang,"Song is unfinished, contains an open verse.",File Name: RACE BEGINNING Session Title: SONG4.ptx,Crazy ( Prod. CashMoneyAp x Dez Wright ),"Blue Room West Recording Studio, West Hollywood, Los Angeles, CA.","Recorded May 7, 2018.",-,"Surfaced July 16, 2018. Session Surfaced January 25, 2026.",2:51,Original Solo Demo Track ( Open Verse ),Studio Session & Original File 320kbps (.mp3)
357,GB&GR,245,Reach Freestyle Point Guard,Juice WRLD,Dorien Theus,James Kang,"Shares the same instrumental as 'Reach', 'Reach 2' & 'Boss Now*'.",File Name: REACH FREESTYLE Session Title: SONG2.ptx,Instrumental: DT - Reach 160BPM MIDI: pager Loop Stems: Taliban160,"Blue Room West Recording Studio, West Hollywood, Los Angeles, CA.","Recorded May 6, 2018.",-,"Surfaced July 16, 2018. Session Surfaced January 25, 2026.",1:27,Throwaway Track ( Complete ),Studio Session & Original File 320kbps (.mp3)
358,GB&GR,246,Realize (v2),Juice WRLD,The Beat Asylum,Juice WRLD & Marcus Gibson,-,File Name: Realize 1st Mix Session Title: realize.recovered.ptx Folder Title: realize,flex21-2,"Unhkl Flex's Home Recording Studio, Matteson, Chicago, IL.","Recorded December 11, 2017. File Exported January 10, 2018.",-,"Surfaced July 25, 2019. Session Surfaced September 13, 2023.",3:03,Alternate Demo Track ( Complete ),Studio Session & Original File 320kbps (.mp3)
359,GB&GR,247,Realize (v3),Juice WRLD,The Beat Asylum,Juice WRLD & Marcus Gibson,-,File Name: Realize 2nd Mix Session Title: realize.recovered.ptx Folder Title: realize,flex21-2,"Unhkl Flex's Home Recording Studio, Matteson, Chicago, IL.","Recorded December 11, 2017. File Exported January 11, 2018.",-,"Surfaced February 26, 2023. Session Surfaced September 13, 2023.",2:47,Alternate Demo Track ( Complete ),Studio Session & Original File 320kbps (.mp3)
360,GB&GR,248,Rebel Blood,Juice WRLD,Cardo Got Wings,Patrik Ehrenbald-Plummer,-,Juice WRLD - Rebel Blood rough v1,,"NightBird Recording Studio, West Hollywood, Los Angeles, CA.","Recorded March 10-11, 2018.","First Previewed September 21, 2018.","Surfaced June 2, 2018.",3:38,Throwaway Track ( Complete ),Original File 320kbps (.mp3)
361,GB&GR,249,Reliable Song is titled after the instrumental.,Juice WRLD,Danny Wolf & Otxhello,Thomas Cullison,-,File Name: RELIABLE REF Session Title: RELIABLE.ptx,reliable,"Chalice Recording Studio, West Hollywood, Los Angeles, CA.","Recorded February 20, 2018.","First Previewed October 17, 2022.","Surfaced October 17, 2022.",2:46,Throwaway Track ( Complete ),Original File 320kbps (.mp3)
362,GB&GR,250,Remind Me Of The Summer (v1),Juice WRLD,Justin Craig & Sample Magic,Justin Craig,Samples Eminem's 'Lose Yourself'.,File Name: Remind Me Of The Summer (JcraigMix) Session Title: jcraig2.ptx,Instrumental: Juice3 Loop (1): ag guit80 acoustic1 Cm Loop (2): ag guit90 muffled1 Cm9,"Glass Tree Creative Recording Studio, Downtown, Chicago, IL.","Recorded April 29, 2018. File Exported April 29, 2018.","First Previewed April 29, 2018.","Surfaced February 10, 2020. Session Surfaced June 28, 2023.",3:13,Original Demo Track ( Complete ),Studio Session & Original Files 1411kbps (.wav) 320kbps (.mp3)
363,GB&GR,251,Right Now* Song is untitled.,Juice WRLD,C-Sick,Unknown,-,Juice WRLD 1,,"Fort Knox Recording Studio, Mayfair, Chicago, IL.","Recorded January 11-12, 2018.","First Previewed January 15, 2018.","Surfaced July 16, 2018.",3:17,Throwaway Track ( Complete ),Original File 256kbps (.mp3)
364,GB&GR,252,Right Or Wrong (v1),Juice WRLD,Mitch Mula,Mitch Mula,-,Right or Wrong,,"Private Stock Recording Studio, Mayfair, Chicago, IL.","Recorded January 31, 2018.",-,"Surfaced December 21, 2020.",2:54,Original Demo Track ( Complete ),Original File 320kbps (.mp3)
365,GB&GR,253,Ritual (with Marcus Gibson) [v1] Mothership | Richual Song was originally untitled.,Juice WRLD & Marcus Gibson,The Beat Asylum,Marcus Gibson,"Song is unfinished, contains an open verse.",File Name: Juice x Markee Rough Session Title: Juice x Markee.ptx Folder Title: Juice & Gdot,KODAK MOMENT BPM143,"Unhkl Flex's Home Recording Studio, Matteson, Chicago, IL.","Recorded January 10, 2018.",-,"Surfaced October 11, 2021. Session Surfaced January 20, 2024.",3:38,Original Demo Track ( Open Verse ),Studio Session & Original File 320kbps (.mp3)
366,GB&GR,254,Ritual (with Marcus Gibson) [v2] Mothership | Richual Song was originally untitled.,Juice WRLD & Marcus Gibson,The Beat Asylum,Marcus Gibson,"Song is unfinished, contains an open verse.",File Name: Juice x Markee Rough_2 Session Title: Juice x Markee.ptx Folder Title: Juice & Gdot,KODAK MOMENT BPM143,"Unhkl Flex's Home Recording Studio, Matteson, Chicago, IL.","Recorded January 10, 2018. File Exported March 4, 2018.",-,"Surfaced August 31, 2023. Session Surfaced January 20, 2024.",3:35,Alternate Demo Track ( Open Verse ),Studio Session & Original File 320kbps (.mp3)
367,GB&GR,255,Robbery (v1.1),Juice WRLD,Nick Mira,Max Lord,-,juerce robbery v1.1 (NM forgiato),Instrumental: NM - Forgiato 160BPM MIDI: nm - (piano) actavis Beat Pack: juice december: late december,"Rented Home Recording Studio, Sherman Oaks, Los Angeles, CA.","Recorded January 24, 2018. .L/.R Files Exported January 25, 2018.","First Previewed January 25, 2018. First Teased February 1, 2018.","Surfaced May 21, 2018.",4:00,Alternate Demo Track ( Complete ),Original Files .L/.R 1411kbps (.wav) 320kbps (.mp3)
368,GB&GR,256,Rockets Ms. Jackson Song is titled after the instrumental.,Juice WRLD,Mega Beats,Max Lord,Interpolates OutKast's 'Ms. Jackson'.,File Name: juice wrld - rockets v1.0 Session Title: rockets v1.0.ptx Folder Title: rockets,"Instrumental (1): rockets-1113789 Instrumental (2): ""Rockets"" - (2017) YBN Nahmir / Tay K / Pierre Bourne Type Beat","Blue Room West Recording Studio, West Hollywood, Los Angeles, CA.","Recorded April 8, 2018.","First Previewed January 31, 2024. First Teased December 30, 2016.","Surfaced October 28, 2025. Session Surfaced January 15, 2026.",3:52,Throwaway Track ( Complete ),Studio Session & Pro Tools Export
369,GB&GR,257,Rockstar Lifestyle* Song is untitled.,Juice WRLD,Unknown,Marquis Robinson,-,File Name: Juice 1-12-18 Session Title: Juice 1-12-18.ptx,,"Complex 2010 Recording Studio, China Town, Chicago, IL.","Recorded January 12, 2018.",-,"Surfaced August 3, 2021.",2:49,Throwaway Track ( Complete ),Original File 320kbps (.mp3)
370,GB&GR,258,Rockstar Status* Song is untitled.,Juice WRLD,CHASETHEMONEY,Unknown,-,juice WRLD 6,,"Fort Knox Recording Studio, Mayfair, Chicago, IL.","Recorded January 11-12, 2018.","First Previewed September 9, 2018.","Surfaced July 24, 2018.",3:08,Throwaway Track ( Complete ),Original File 256kbps (.mp3)
371,GB&GR,259,Rollie Something To Prove Song is titled after the instrumental.,Juice WRLD,Jamz,PrettyBoy Pablo,-,File Name: Juice - Rollie Session Title: ROLLIE.ptx,ROLLIE JAMZ BEAT 163TEMPO,"Penthouse Recording Studio, Times Square, New York City, NY.","Recorded February 5, 2018. File Exported February 5, 2018.",-,"Surfaced October 1, 2022. Session Surfaced October 1, 2022.",2:56,Original Solo Demo Track ( Complete ),Studio Session & Original Files 2117kbps (.wav) 320kbps (.mp3)
372,GB&GR,260,Rose Petals Meadows,Juice WRLD,Clams Casino & Smokeasac,Justin Craig,-,File Name: Rose Pedals (JcraigMix) Session Title: 426-1.ptx,Instrumental (1): clams casino smokeasac beat 2 Instrumental (2): clams casino smokeasac beat 2 999 switch out ruff,"Glass Tree Creative Recording Studio, Downtown, Chicago, IL.","Recorded April 27, 2018. File Exported April 27, 2018.","First Previewed November 22, 2019.","Surfaced October 9, 2021. Session Surfaced June 28, 2023.",2:40,Throwaway Track ( Complete ),Studio Session & Original Files 1411kbps (.wav) 320kbps (.mp3)
373,GB&GR,261,Rotate,Juice WRLD,Sonic,Chris Barnett,-,File Name: ROTATE @cbmix Session Title: ROTATE.ptx,Chase Davis - light Vision,"Glass Tree Creative Recording Studio, Downtown, Chicago, IL.","Recorded January 27-28, 2018. File Exported January 28, 2018.",-,"Surfaced July 20, 2021. Session Surfaced August 16, 2023.",2:57,Throwaway Track ( Complete ),Studio Session & Original Files 1411kbps (.wav) 320kbps (.mp3)
374,GB&GR,262,Round (feat. Juice WRLD) [v1],Yung Bans,Cassius Jay & Wheezy,Patrik Ehrenbald-Plummer & Unknown,Song originally began as a solo Yung Bans track.,Bans x Juice - Round 3.8.18 v1,,"Juice's Vocals NightBird Recording Studio, West Hollywood, Los Angeles, CA.","Juice's Vocals March 8, 2018.","First Previewed March [ ? ], 2018.","Surfaced July 9, 2022.",2:32,Original Feature Demo Track ( Complete ),Original File 320kbps (.mp3)
375,GB&GR,263,Run Away,Juice WRLD,Edsclusive,Justin Craig,-,File Name: Run Away (JcraigMix) 149Bpm Session Title: Money Way.ptx,money way (Edsclusive),"Glass Tree Creative Recording Studio, Downtown, Chicago, IL.","Recorded April 4, 2018. File Exported April 4, 2018.",-,"Surfaced April 4, 2021. Session Surfaced August 16, 2023.",1:57,Throwaway Track ( Complete ),Studio Session & Original Files 1411kbps (.wav) 320kbps (.mp3)
376,GB&GR,264,Run That Shit* Song is untitled.,Juice WRLD,Joey88,Unknown,-,juice WRLD 5,,"Fort Knox Recording Studio, Mayfair, Chicago, IL.","Recorded January 11-12, 2018.","First Previewed January 15, 2018.","Surfaced July 24, 2018.",3:39,Throwaway Track ( Complete ),Original File 256kbps (.mp3)
377,GB&GR,265,Rush (v1) Song was originally untitled.,Juice WRLD,Dorien Theus & Nick Mira,Joey Galvan,-,File Name: 03.19.18 Juice Wrld Song 2 V1 Session Title: 03.19.18 Juice Wrld Song 2 V1.ptx,Instrumental: DT x NM - Travel 140BPM Loop Stems: Based 110 Loop Kit: Nick Mira - Gasolina,"Paramount Recording Studio, Santa Monica, Los Angeles, CA.","Recorded March 20, 2018.",-,"Surfaced September 26, 2018. Session Surfaced February 22, 2023.",3:15,Original Demo Track ( Complete ),Studio Session & Original File 320kbps (.mp3)
378,GB&GR,266,Rush (v2) Song was originally untitled.,Juice WRLD,Dorien Theus & Nick Mira,Joey Galvan,-,File Name: 03.19.18 Juice Wrld Rush V2 Session Title: 03.19.18 Juice Wrld Song 2 V2.ptx,Instrumental: DT x NM - Travel 140BPM Loop Stems: Based 110 Loop Kit: Nick Mira - Gasolina,"Paramount Recording Studio, Santa Monica, Los Angeles, CA.","Recorded March 20, 2018.",-,"Surfaced July 8, 2023. Session Surfaced February 22, 2023.",3:11,Alternate Demo Track ( Complete ),Studio Session & Original File 320kbps (.mp3)
379,GB&GR,267,Sad Thing,Juice WRLD,CuBeatz & Southside,Chris Barnett,Shares the same instrumental as 'Never Cared'.,File Name: Juice Wrld - Sad Thing prod by Southside Session Title: cb 2.ptx,rebirth43cue,"Glass Tree Creative Recording Studio, Downtown, Chicago, IL.","Recorded April 24, 2018. File Exported April 24, 2018.","First Previewed June 6, 2023.","Surfaced August 11, 2023.",3:04,Throwaway Track ( Complete ),Original Files 1411kbps (.wav) 320kbps (.mp3)
380,GB&GR,268,Safe (with D. Savage),Juice WRLD & D. Savage,The Beat Asylum,James Kang,"Shares the same instrumental as 'Can't Feel My Face', 'Slowly' & 'Whole Lotta Shots'.",D SAVAGE X JUICE WRLD - SAFE,JUICE XXX,"Blue Room West Recording Studio, West Hollywood, Los Angeles, CA.","Recorded February 26, 2018.","First Previewed February 26, 2018.","Surfaced May 22, 2018.",2:59,Throwaway Track ( Complete ),Original File 320kbps (.mp3)
381,GB&GR,269,Scared Of Love (v1) Song was originally called 'Scared To Love'.,Juice WRLD,Ghost Loft & Mitch Mula,Mitch Mula & Unknown,-,SCARED TO LOVE,,"Private Stock Recording Studio, Mayfair, Chicago, IL.","Recorded January 31, 2018.","First Previewed January 31, 2018. First Teased February 10, 2018.","Surfaced April 4, 2023.",2:50,Original Demo Track ( Complete ),Original File 320kbps (.mp3)
382,GB&GR,270,Scissor Song is titled after the instrumental.,Juice WRLD,Deedot Will,Max Lord,"Song is unfinished, contains an open verse.",File Name: juice wrld - scissor 48 deedot v1.0 Session Title: scissor 48 deedot v1.0.ptx Folder Title: scissor 48 deedot,Scissor 48 [Prod. by Deedotwill] 3-7-18 155 BPM,"Blue Room West Recording Studio, West Hollywood, Los Angeles, CA.","Recorded April 7-8, 2018.",-,"Surfaced March 27, 2020. Session Surfaced December 13, 2025.",2:53,Throwaway Track ( Open Verse ),Studio Session & Original File 320kbps (.mp3)
383,GB&GR,271,Shadows,Juice WRLD,C-Sick & Mitch Mula,Justin Craig,-,File Name: Shadows (ROUGH) Session Title: CSick.ptx,C-Sick - 301 - HipsterTrapSmooth,"Glass Tree Creative Recording Studio, Downtown, Chicago, IL.","Recorded April 3, 2018.",-,"Surfaced April, 20, 2021. Session Surfaced November 15, 2023.",2:18,Throwaway Track ( Complete ),Studio Session & Original File 320kbps (.mp3)
384,GB&GR,272,Shadows Sorrows,Juice WRLD,Nick Mira,Patrik Ehrenbald-Plummer,"Song is unfinished, contains an open verse.",Juice WRLD - Shadows rough v1,Instrumental: Revenge 151 BPM Loop: Revenge 120 Loop Kit: Nick Mira - Voyager Beat Pack: 11.25.17 Juice,"NightBird Recording Studio, West Hollywood, Los Angeles, CA.","Recorded March 10-11, 2018.",-,"Surfaced July 7, 2020.",3:01,Throwaway Track ( Open Verse ),Original File 320kbps (.mp3)
385,GB&GR,273,Shoot For Love (v1) Shoot For You Song was originally called 'Ready Or Not'.,Juice WRLD,Dorien Theus & Klimax Productions,Juice WRLD,Shares the same instrumental as 'Miracle*'.,File Name: shoot for you Session Title: ready or not.ptx Folder Title: juice,"Instrumental (1): Lift UT 158 Instrumental (2): Tory Lanez Type Beat - ""Lift"" (Prod. by Klimax Productions x Sidepce) 2017","Unhkl Flex's Home Recording Studio, Matteson, Chicago, IL.","Recorded January 4, 2018.","First Previewed January 4, 2018.","Surfaced January 25, 2026. Session Surfaced January 25, 2026.",4:21,Original Solo Demo Track ( Complete ),Studio Session & Original File 320kbps (.mp3)
386,GB&GR,274,Shoot For Love (v2) Shoot For You Song was originally called 'Ready Or Not'.,Juice WRLD,Dorien Theus & Klimax Productions,Juice WRLD,Shares the same instrumental as 'Miracle*'.,File Name: shoot for you_1 Session Title: ready or not.ptx Folder Title: juice,"Instrumental (1): Lift UT 158 Instrumental (2): Tory Lanez Type Beat - ""Lift"" (Prod. by Klimax Productions x Sidepce) 2017","Unhkl Flex's Home Recording Studio, Matteson, Chicago, IL.","Hook & Verses January 4, 2018. Ad-Libs January 4-5, 2018.","First Teased January 5, 2018.","Surfaced January 25, 2026. Session Surfaced January 25, 2026.",4:21,Alternate Solo Demo Track ( Complete ),Studio Session & Original File 320kbps (.mp3)
387,GB&GR,275,Shoot For Love (v3) Shoot For You Song was originally called 'Ready Or Not'.,Juice WRLD,Dorien Theus & Klimax Productions,Juice WRLD,Shares the same instrumental as 'Miracle*'.,File Name: shoot for you_2 Session Title: ready or not.ptx Folder Title: juice,"Instrumental (1): Lift UT 158 Instrumental (2): Tory Lanez Type Beat - ""Lift"" (Prod. by Klimax Productions x Sidepce) 2017","Unhkl Flex's Home Recording Studio, Matteson, Chicago, IL.","Hook & Verses January 4, 2018. Ad-Libs January 4-5, 2018. File Exported January 7, 2018.",-,"Surfaced January 25, 2026. Session Surfaced January 25, 2026.",4:21,Alternate Solo Demo Track ( Complete ),Studio Session & Original File 320kbps (.mp3)
388,GB&GR,276,Shoot For Love (v4) Shoot For You Song was originally called 'Ready Or Not'.,Juice WRLD,Dorien Theus & Klimax Productions,Juice WRLD,Shares the same instrumental as 'Miracle*'.,File Name: shoot for you_3 Session Title: ready or not.ptx Folder Title: juice,"Instrumental (1): Lift UT 158 Instrumental (2): Tory Lanez Type Beat - ""Lift"" (Prod. by Klimax Productions x Sidepce) 2017","Unhkl Flex's Home Recording Studio, Matteson, Chicago, IL.","Hook & Verses January 4, 2018. Ad-Libs January 4-5, 2018. File Exported January 7, 2018.",-,"Surfaced June 10, 2018. Session Surfaced January 25, 2026.",4:21,Alternate Solo Demo Track ( Complete ),Studio Session & Original File 320kbps (.mp3)
389,GB&GR,277,Sideshow (v1) Rob A Bank Song is titled after the instrumental.,Juice WRLD,Dorien Theus & Nick Mira,PrettyBoy Pablo,-,File Name: juice - sideshow Session Title: Sideshow.ptx,Instrumental: NM x DT - Sideshow 152BPM MIDI: Courtney Beat Pack: juice feb 1,"Penthouse Recording Studio, Times Square, New York City, NY.","Recorded February 5, 2018. File Exported February 5, 2018.",-,"Surfaced October 10, 2024. Session Surfaced September 27, 2022.",5:20,Original Demo Track ( Complete ),Studio Session & Original Files 2117kbps (.wav) 320kbps (.mp3)
390,GB&GR,278,Sideshow (v2) Rob A Bank Song is titled after the instrumental.,Juice WRLD,Dorien Theus & Nick Mira,PrettyBoy Pablo,-,File Name: Juice - Sideshow Session Title: Sideshow.ptx,Instrumental: NM x DT - Sideshow 152BPM MIDI: Courtney Beat Pack: juice feb 1,"Penthouse Recording Studio, Times Square, New York City, NY.","Recorded February 5, 2018. File Exported February 5, 2018.","First Previewed November 6, 2021.","Surfaced September 21, 2022. Session Surfaced September 27, 2022.",3:05,Alternate Demo Track ( Complete ),Studio Session & Original Files 2117kbps (.wav) 320kbps (.mp3)
391,GB&GR,279,Slasher (v1.4),Juice WRLD,CuBeatz & Southside,Max Lord,-,File Name: shrrom30 v1.4 slasher Session Title: shrrom30 v1.4 slasher.ptx Folder Title: shrrom30,shroom30,"Valley High Residential Recording Studio, Studio City, Los Angeles, CA.","Recorded January 17, 2018.",-,"Surfaced December 9, 2024. Session Surfaced January 25, 2026.",3:29,Alternate Demo Track ( Complete ),Studio Session & Original File 320kbps (.mp3)
392,GB&GR,280,Slasher (v1.5),Juice WRLD,CuBeatz & Southside,Max Lord,-,File Name: shrrom30 v1.5 slasher less delay Session Title: shrrom30 v1.5 slasher.ptx Folder Title: shrrom30,shroom30,"Valley High Residential Recording Studio, Studio City, Los Angeles, CA.","Recorded January 17, 2018.","First Previewed January 17, 2018.","Surfaced May 21, 2018. Session Surfaced January 25, 2026.",3:29,Alternate Demo Track ( Complete ),Studio Session & Original File 320kbps (.mp3)
393,GB&GR,281,Sleep Paralysis* (v1) Song is untitled.,Juice WRLD,The Chainsmokers & Tony Ann,2Fly & Max Lord,"Song is unfinished, contains an open verse.",File Name: Juice x Chain tonyann 4.11 Session Title: Juice Chain tonyann 4.11.18.ptx,tonyann_fm97,"Blue Room West Recording Studio, West Hollywood, Los Angeles, CA.","Recorded April 12, 2018.",-,"Surfaced May 11, 2023. Session Surfaced December 8, 2023.",2:19,Original Demo Track ( Open Verse ),Studio Session & Original File 320kbps (.mp3)
394,GB&GR,282,Sleep Paralysis* (v2) Song is untitled.,Juice WRLD,The Chainsmokers & Tony Ann,2Fly & Max Lord,-,File Name: Juice x Chain tonyann 4.11 v2 Session Title: Juice Chain tonyann 4.11.18.ptx,tonyann_fm97,"Blue Room West Recording Studio, West Hollywood, Los Angeles, CA.","Recorded April 12, 2018.","First Previewed October 15, 2018.","Surfaced December 8, 2019. Session Surfaced December 8, 2023.",2:18,Alternate Demo Track ( Complete ),Studio Session & Original File 320kbps (.mp3)
395,GB&GR,283,Slenderman* Song is untitled.,Juice WRLD,Dorien Theus,Blake Harden & James Kang,"Song is unfinished, contains an open verse.",File Name: Juice Wrld_2 Session Title: Juice Wrld_2.ptx,DT - Aero 155BPM,"Blue Room West Recording Studio, West Hollywood, Los Angeles, CA.","Recorded May 5, 2018.",-,"Surfaced July 16, 2018. Session Surfaced June 27, 2024.",3:55,Throwaway Track ( Open Verse ),Studio Session & Original File 320kbps (.mp3)
396,GB&GR,284,Slim Body Song is titled after the instrumental.,Juice WRLD,Jamz,PrettyBoy Pablo,"Song is unfinished, contains an open verse.",File Name: juice - slim body Session Title: JUICE X JAMZ - Slim Body.ptx,SLIM BODY JAMZ BEAT 117TEMPO,"Penthouse Recording Studio, Times Square, New York City, NY.","Recorded February 5, 2018. File Exported February 5, 2018.",-,"Surfaced September 21, 2022. Session Surfaced October 1, 2022.",4:49,Original Solo Demo Track ( Open Verse ),Studio Session & Original Files 2117kbps (.wav) 320kbps (.mp3)
397,GB&GR,285,Slowly Trust No One ( Pt. 2 ),Juice WRLD,The Beat Asylum,Juice WRLD,"Sequel track to 'No Love, No Trust 999'. Shares the same instrumental as 'Can't Feel My Face', 'Safe' & 'Whole Lotta Shots'.",File Name: slowly Session Title: trust no one part 2.ptx Folder Title: Trust No One,JUICE XXX,"Unhkl Flex's Home Recording Studio, Matteson, Chicago, IL.","Recorded December 23, 2017.",-,"Surfaced October 6, 2021. Session Surfaced December 2, 2023.",3:13,Throwaway Track ( Complete ),Studio Session & Original File 320kbps (.mp3)
398,GB&GR,286,Smoke,Juice WRLD,"CHASETHEMONEY, DJ Victoriouz, RioMac & Unknown",Justin Craig,-,File Name: Smoke (ROUGH) Session Title: Z MAC VIC CTM (130).ptx,Z MAC VIC CTM (130),"Glass Tree Creative Recording Studio, Downtown, Chicago, IL.","Recorded April 2, 2018.",-,"Surfaced August 16, 2023. Session Surfaced August 16, 2023.",1:59,Original Solo Demo Track ( Complete ),Studio Session & Original File 320kbps (.mp3)
399,GB&GR,287,Smoke (feat. Valee),Juice WRLD,"CHASETHEMONEY, DJ Victoriouz, RioMac & Unknown",Justin Craig,Song originally began as a solo Juice WRLD track.,File Name: Smoke (JcraigMix) 130Bpm Session Title: Z MAC VIC CTM (130).ptx,Z MAC VIC CTM (130),"Glass Tree Creative Recording Studio, Downtown, Chicago, IL.","Juice's Vocals April 2, 2018. Valee's Vocals April 3, 2018. File Exported April 3, 2018.","First Previewed April 3, 2018.","Surfaced June 22, 2018. Session Surfaced August 16, 2023.",2:58,Feature Track ( Complete ),Studio Session & Original Files 1411kbps (.wav) 320kbps (.mp3)
400,GB&GR,288,So Hard Shit Talk,Juice WRLD,Dopelord Mike & LiLMexicoBeatz,Oz On The Track,-,File Name: So hard (rough) Session Title: song 3.ptx,Instrumental: 3.4 mexico Loop: Lil Uzi Vert Type Epiano,"ATS Records Recording Studio, West Loop, Chicago, IL.","Recorded April 16, 2018.","First Previewed April 16, 2018.","Surfaced July 7, 2018. Session Surfaced June 22, 2022.",2:44,Throwaway Track ( Complete ),Studio Session & Original File 320kbps (.mp3)
401,GB&GR,289,Sober,Juice WRLD,Cardo Got Wings & Yung Exclusive,Eli,-,File Name: JuiceWRLD - Sober_RoughDraft Session Title: 41-1.ptx,Twinny Twin Twins BPM139-2,"Glass Tree Creative Recording Studio, Downtown, Chicago, IL.","Recorded April 1, 2018. File Exported April 1, 2018.",-,"Surfaced August 15, 2023. Session Surfaced August 16, 2023.",2:04,Throwaway Track ( Complete ),Studio Session & Original Files 2117kbps (.wav) 320kbps (.mp3)
402,GB&GR,290,Some More,Juice WRLD,Chopsquad DJ & Southside,Blake Harden,-,File Name: SOME MORE_RUFF 1 Session Title (1): song 1.ptx Session Title (2): Some More.ptx,BOOMINATI DJ 224,"Blue Room West Recording Studio, West Hollywood, Los Angeles, CA.","Recorded February 26, 2018.",-,"Surfaced July 16, 2018. Session Surfaced November 7, 2025.",2:22,Throwaway Track ( Complete ),Studio Session & Original File 320kbps (.mp3)
403,GB&GR,291,Stop Talking (v1) Song was originally called 'Stick Talk Shit'.,Juice WRLD,The Beat Asylum,Juice WRLD,-,File Name: stop talking Session Title: stick talk shit.ptx Folder Title: Stick Talk Shit,LOCKED IN BPM150,"Unhkl Flex's Home Recording Studio, Matteson, Chicago, IL.","Recorded January 1-2, 2018. File Exported January 2, 2018.","First Previewed January 2, 2018.","Surfaced December 1, 2023. Session Surfaced December 31, 2023.",3:15,Original Demo Track ( Complete ),Studio Session & Original File 2117kbps (.wav)
404,GB&GR,292,Stop Talking (v2) Song was originally called 'Stick Talk Shit'.,Juice WRLD,The Beat Asylum,Juice WRLD,-,File Name: stop talking 2 Session Title: stick talk shit.ptx Folder Title: Stick Talk Shit,LOCKED IN BPM150,"Unhkl Flex's Home Recording Studio, Matteson, Chicago, IL.","Recorded January 1-2, 2018.",-,"Surfaced June 13, 2018. Session Surfaced December 31, 2023.",3:15,Alternate Demo Track ( Complete ),Studio Session & Original File 320kbps (.mp3)
405,GB&GR,293,Stranger Song is titled after the instrumental.,Juice WRLD,BGOnTheBeat & CashMoneyAp,2Fly & Max Lord,-,File Name: Juice Stranger 4.8.18 Session Title: Juice Stranger CashmoneyAP 4.8.18.ptx,"Instrumental (1): Stranger ( CashMoneyAp x BGOnTheBeat ) Instrumental (2): Trippie Redd Type Beat 2018 - ""Stranger"" | Free Type Beat | Rap/Trap Instrumental 2018","Blue Room West Recording Studio, West Hollywood, Los Angeles, CA.","Recorded April 9, 2018.",-,"Surfaced October 4, 2019. Session Surfaced December 5, 2025.",3:11,Throwaway Track ( Complete ),Studio Session & Original File 320kbps (.mp3)
406,GB&GR,294,Surf* Wrong Time Song is untitled.,Juice WRLD,Asurms & DJ Victoriouz,DJ Victoriouz,-,dj vic 5,,"Fort Knox Recording Studio, Mayfair, Chicago, IL.","Recorded January 10, 2018.","First Previewed January 10, 2018.","Surfaced October 1, 2020.",3:12,Throwaway Track ( Complete ),Original File 256kbps (.mp3)
407,GB&GR,295,"Take My Soul (v1) Song was originally titled 'CB01012018', after the instrumental.",Juice WRLD,Chris Barnett,Thomas Cullison,-,File Name: CB01012018 REF Session Title: CB01012018.ptx,cb 01012018a,"Chalice Recording Studio, West Hollywood, Los Angeles, CA.","Recorded February 20, 2018.",-,"Surfaced September 29, 2022. Session Surfaced August 13, 2023.",2:51,Original Demo Track ( Complete ),Studio Session & Original File 320kbps (.mp3)
408,GB&GR,296,"Take My Soul (v2) Song was originally titled 'CB01012018', after the instrumental.",Juice WRLD,Chris Barnett,Chris Barnett & Thomas Cullison,-,File Name: TAKE MY SOUL prod by CBMIX Session Title: CB01012018 CB.ptx,Juice Wrld - Take my Soul prod by Cbmix - instrumental - cb 01012018a,"Chalice Recording Studio, West Hollywood, Los Angeles, CA.","Recorded February 20, 2018. File Exported March 25, 2018.",-,"Surfaced August 13, 2023. Session Surfaced August 13, 2023.",2:51,Alternate Demo Track ( Complete ),Studio Session & Original Files 1411kbps (.wav) 320kbps (.mp3)
409,GB&GR,297,Take No Chance,Juice WRLD,Nick Mira,Justin Craig,"Shares the same instrumental as 'Make It Sell'. Song is unfinished, contains an open verse.",File Name: Take No Chance (ROUGH) Session Title: Forever160.ptx,Instrumental: NM - Forever 160 BPM Beat Pack: Juice August Pack,"Glass Tree Creative Recording Studio, Downtown, Chicago, IL.","Recorded April 29, 2018.",-,"Surfaced July 28, 2021. Session Surfaced August 30, 2023.",2:48,Throwaway Track ( Open Verse ),Studio Session & Original File 320kbps (.mp3)
410,GB&GR,298,Tales Of The Toxic,Juice WRLD,Robert Mefford & Unknown,Robert Mefford,Samples 'The Last Man On Earth' a movie from 1964.,File Name: TALES OF THE TOXIC (MIX 1) 162bpm Session Title: 417-2.ptx,CURE ME - 162bpm Aminor,"Glass Tree Creative Recording Studio, Downtown, Chicago, IL.","Recorded April 18, 2018. File Exported April 18, 2018.","First Previewed April 18, 2018. First Teased April 18, 2018.","Surfaced March 28, 2021. Session Surfaced August 16, 2023.",2:35,Throwaway Track ( Complete ),Studio Session & Original Files 1411kbps (.wav) 320kbps (.mp3)
411,GB&GR,299,Task Force,Juice WRLD,Danny Wolf & Otxhello,James Kang,Shares the same instrumental as 'Are You Happy?'.,File Name: TASKFORCE Session Title: SONG4.ptx,r-uhappy,"Blue Room West Recording Studio, West Hollywood, Los Angeles, CA.","Recorded February 25, 2018.",-,"Surfaced July 16, 2018. Session Surfaced June 12, 2025.",3:14,Throwaway Track ( Complete ),Studio Session & Original File 320kbps (.mp3)
412,GB&GR,300,Teasing Song is titled after the instrumental.,Juice WRLD,Nick Mira,Thomas Cullison,"Shares the same loop as 'Lean Wit' Me'. Song is unfinished, contains an open verse.",File Name: TEASING REF Session Title: TEASING.ptx,Instrumental: NM - Teasing 167BPM Loop Kit: Nick Mira - Gasolina 2 Beat Pack: NM - Juice Feb 18,"Chalice Recording Studio, West Hollywood, Los Angeles, CA.","Recorded February 18-19, 2018.","First Previewed September 22, 2022.","Surfaced September 23, 2022.",3:49,Throwaway Track ( Open Verse ),Original File 320kbps (.mp3)
413,GB&GR,301,Tell Your Friends,Juice WRLD,Danny Wolf & DILIP,James Kang,-,File Name: TELL YOUR FRIENDS Session Title: SONG2.ptx,playing,"Blue Room West Recording Studio, West Hollywood, Los Angeles, CA.","Recorded February 24-25, 2018.",-,"Surfaced July 16, 2018. Session Surfaced December 9, 2025.",2:04,Throwaway Track ( Complete ),Studio Session & Original File 320kbps (.mp3)
414,GB&GR,302,That Sad Shit Devil In Prada,Juice WRLD,Nick Mira,James Kang,"Song is unfinished, contains an open verse.",File Name: THAT SAD SHIT Session Title: SONG1.ptx,Instrumental: NM - Faygo 136BPM Beat Pack: NM - Juice Feb 18,"Blue Room West Recording Studio, West Hollywood, Los Angeles, CA.","Recorded March 4-5, 2018.",-,"Surfaced October 5, 2019.",2:49,Throwaway Track ( Open Verse ),Original File 320kbps (.mp3)
415,GB&GR,303,The Race,Juice WRLD,Murda Beatz,James Kang,-,File Name: THE RACE Session Title: SONG8.ptx,1818 146,"Blue Room West Recording Studio, West Hollywood, Los Angeles, CA.","Recorded March 3, 2018.",-,"Surfaced June 16, 2018. Session Surfaced January 25, 2026.",3:04,Throwaway Track ( Complete ),Studio Session & Original File 320kbps (.mp3)
416,GB&GR,304,Tick-Tock,Juice WRLD,Murda Beatz,James Kang,-,File Name: TICK TOCK Session Title: SONG3.ptx,i had a dream 148,"Blue Room West Recording Studio, West Hollywood, Los Angeles, CA.","Recorded March 2, 2018.","First Previewed March 3, 2018. First Teased March 3, 2018.","Surfaced July 16, 2018. Session Surfaced January 25, 2026.",3:01,Throwaway Track ( Complete ),Studio Session & Original File 320kbps (.mp3)
417,GB&GR,305,To The Grave (v1),Juice WRLD,Nick Mira,Robert Mefford,-,File Name: TO THE GRAVE (MIX 1) 149bpm Session Title: 417-1.ptx Folder Title: TO THE GRAVE,Instrumental: NM - Olde 149BPM Loop Stems: NM_Ivy 140 Loop Kit: Nick Mira - Gasolina 2 Beat Pack: Nick Mira - March 18,"Glass Tree Creative Recording Studio, Downtown, Chicago, IL.","Recorded April 17, 2018. File Exported April 18, 2018.","First Previewed April 17, 2018.","Surfaced July 15, 2023. Session Surfaced June 28, 2023.",2:21,Original Demo Track ( Complete ),Studio Session & Original Files 1411kbps (.wav) 320kbps (.mp3)
418,GB&GR,306,Tonight (feat. Valee) [v1],Juice WRLD,Murda Beatz & Smokescreen,BJ Mekk,-,File Name: Juice Wrld - Tonight Session Title: Juice Wrld - Tonight.ptx Folder Title: Juice Wrld -Tonight,chi chi 135,"Paramount Ameraycan Recording Studio, North Hollywood, Los Angeles, CA.","Recorded May 22, 2018. File Exported May 23, 2018.",-,"Surfaced July 15, 2018. Session Surfaced June 11, 2021.",3:19,Original Feature Demo Track ( Complete ),Studio Session & Original Files 3072kbps (.wav) 320kbps (.mp3)
419,GB&GR,307,Track Race Scarface,Juice WRLD,Nick Mira,Justin Craig,Shares the same instrumental as 'Too Far'.,File Name: Track Race (Jcraigmix) Session Title: ranch 167.ptx,Instrumental: NM - Ranch 167 BPM Loop Stems: Nick Mira - Return 167 BPM Beat Pack: Juice August Pack,"Glass Tree Creative Recording Studio, Downtown, Chicago, IL.","Recorded April 30 - May 1, 2018. File Exported May 1, 2018.","First Previewed May 1, 2018.","Surfaced July 19, 2020. Session Surfaced June 28, 2023.",2:53,Throwaway Track ( Complete ),Studio Session & Original Files 1411kbps (.wav) 320kbps (.mp3)
420,GB&GR,308,Train Wreck Song is titled after the instrumental.,Juice WRLD,Nick Mira,PrettyBoy Pablo,Shares the same instrumental as 'Drown'.,File Name: Juice - NM Train Session Title: NM Train.ptx,Instrumental: NM - Trainwreck 164BPM MIDI: nm - bring em Beat Pack: juice feb 1,"Penthouse Recording Studio, Times Square, New York City, NY.","Recorded February 3, 2018. File Exported February 5, 2018.","First Previewed May 12, 2023. First Teased February 18, 2018.","Surfaced March 21, 2024. Session Surfaced March 24, 2024.",3:18,Throwaway Track ( Complete ),Studio Session & Original Files 2117kbps (.wav) 320kbps (.mp3)
421,GB&GR,309,Trees* Song is untitled.,Juice WRLD,DJ L Beats & Kid Marquis,Marquis Robinson,Samples Kali Uchis' 'Tyrant' featuring Jorja Smith.,File Name: L 3 1-12-18 Session Title: L 3 1-12-18.ptx,7-11-17 2,"Complex 2010 Recording Studio, China Town, Chicago, IL.","Recorded January 13, 2018.","First Previewed January 16, 2018.","Surfaced May 21, 2021. Session Surfaced September 10, 2023.",2:24,Throwaway Track ( Complete ),Studio Session & Original File 320kbps (.mp3)
422,GB&GR,310,Trick Or Treat Halloween,Juice WRLD,Robert Mefford & Sullivan King,Robert Mefford,-,File Name: TRICK OR TREAT (MIX 1) 154bpm Session Title: 414-3.ptx Folder Title: TRICK OR TREAT,Instrumental: julia - 154bpm Cminor Loop: SK_guitar_loop_dirty_154,"Glass Tree Creative Recording Studio, Downtown, Chicago, IL.","Recorded April 15, 2018. File Exported April 15, 2018.",-,"Surfaced March 19, 2021. Session Surfaced November 15, 2023.",3:07,Throwaway Track ( Complete ),Studio Session & Original Files 1411kbps (.wav) 320kbps (.mp3)
423,GB&GR,311,Trust Issues,Juice WRLD,Plu2o Nash,Blake Harden,"Originally released on SoundCloud as a single track, but was later removed for unknown reasons.",File Name: TRUST ISSUES_RUFF 1 Session Title (1): SONG 4_JUICE.ptx Session Title (2): TRUST ISSUES.ptx,Phases,"Blue Room West Recording Studio, West Hollywood, Los Angeles, CA.","Recorded February 27, 2018.",-,"Released February 27, 2018. Session Surfaced January 25, 2026.",1:09,Throwaway Track ( Complete ),Studio Session & Original File 320kbps (.mp3)
424,GB&GR,312,Uh-Huh (v1.6),Juice WRLD,Gezin & TM88,Max Lord,-,File Name: juice wrld - un huh v1.6 (kanye house2) Session Title: kanye house 2 v1.6 un huh.ptx Folder Title: kanye house 2,kanye house 2,"Blue Room West Recording Studio, West Hollywood, Los Angeles, CA.","Recorded April 7-8, 2018.",-,"Surfaced December 30, 2019.",3:40,Alternate Demo Track ( Complete ),Original File 320kbps (.mp3)
425,GB&GR,313,Uh-Woah Codeiner Song is titled after the instrumental.,Juice WRLD,"Danny Wolf, Otxhello & Yugi Boi",Thomas Cullison,-,File Name: UHWOAH Session Title: UHWOAH.ptx,uhwoah,"Chalice Recording Studio, West Hollywood, Los Angeles, CA.","Recorded February 20, 2018.",-,"Surfaced September 29, 2022.",2:05,Throwaway Track ( Complete ),Original File 320kbps (.mp3)
426,GB&GR,314,Underworld Demon Girl,Juice WRLD,Kirk Knight,James Kang,-,File Name: UNDERWORLD Session Title: SONG4.ptx,mightnotmakeit [prod Kirk Knight] w. tag,"Blue Room West Recording Studio, West Hollywood, Los Angeles, CA.","Recorded March 23, 2018.","First Teased March 23, 2018.","Surfaced June 24, 2018. Session Surfaced December 25, 2025.",3:00,Throwaway Track ( Complete ),Studio Session & Original File 320kbps (.mp3)
427,GB&GR,315,Used To (v1),Juice WRLD,NAGI & Nick Mira,Morgan Lightle,Samples Felt's 'Crescent Moon'.,File Name: use to Session Title (1): Untitled 1 .logicx Session Title (2): use to.logicx,Instrumental: NM - Bunjee 169BPM Loop: Guitar Loop Beat Pack: juice december: late december,"Morgan Lightle's Home Recording Studio, Homewood, Chicago, IL.","Recorded January 8, 2018.","First Previewed January 8, 2018.","Surfaced May 19, 2018. Session Surfaced December 9, 2024.",2:57,Original Demo Track ( Complete ),Studio Session & Original File 160kbps (.mp3)
428,GB&GR,316,Waiting For The Drugs To Hit Me* Song is untitled.,Juice WRLD,The Beat Asylum,Marquis Robinson,-,File Name: Juice 1-29-18 3 Session Title: Juice 1-29-18 3.ptx,1-15-2018-Find You,"Complex 2010 Recording Studio, China Town, Chicago, IL.","Recorded January 29, 2018.",-,"Surfaced May 28, 2018. Session Surfaced September 10, 2023.",2:33,Throwaway Track ( Complete ),Studio Session & Original File 320kbps (.mp3)
429,GB&GR,317,Wandered To L.A. (v1) Song was originally called 'Toxic Hotel Room'.,Juice WRLD,Louis Bell,Louis Bell,-,Juice WRLD - Toxic Hotel Room,,"Electric Feel Recording Studio, West Hollywood, Los Angeles, CA.","Recorded March 1, 2018.","First Previewed March 1, 2018. First Teased March 5, 2018.","Surfaced March 9, 2022.",2:28,Original Solo Demo Track ( Complete ),Original File 320kbps (.mp3)
430,GB&GR,318,Wasted (feat. Lil Uzi Vert) [v1],Juice WRLD,Chris Barnett,"Chris Barnett, Eli & Kesha Lee",Song originally began as a solo Juice WRLD track.,Uzi Wasted.wav,Instrumental: Wasted intrumental prod by Cbmix Open Verse File: JuiceWRLD - Wasted_OpnVrs Instrumental Stems: rgdtfyrgdtfyjgkrse,"Juice's Hook, Hook Harmonies & Verse Glass Tree Creative Recording Studio, Downtown, Chicago, IL. Uzi's Verse MilkBoy Recording Studio, Franklin Square, Philadelphia, PA.","Juice's Hook & Verse April 23-24, 2018. Juice's Hook Harmonies April 27, 2018. Uzi's Verse May 16, 2018.","First Previewed May 17, 2018.","Surfaced April 8, 2023.",4:16,Original Feature Demo Track ( Complete ),Original File 125kbps (.m4a)
431,GB&GR,319,Wasted (v1),Juice WRLD,Chris Barnett,Chris Barnett,-,File Name: Juice Wrld - Wasted prod by Cbmix Session Title: cb 1.ptx,Instrumental: Wasted intrumental prod by Cbmix Instrumental Stems: rgdtfyrgdtfyjgkrse,"Glass Tree Creative Recording Studio, Downtown, Chicago, IL.","Recorded April 23-24, 2018. File Exported April 24, 2018.","First Previewed April 24, 2018.","Surfaced April 3, 2023. Session Surfaced June 28, 2023.",3:22,Original Solo Demo Track ( Complete ),Studio Session & Original Files 1411kbps (.wav) 160kbps (.mp3)
432,GB&GR,320,Wasted (v2),Juice WRLD,Chris Barnett,Chris Barnett & Eli,Open verse version of the song which was sent to Lil Uzi Vert.,File Name: JuiceWRLD - Wasted_OpnVrs Session Title: cb 1. original.ptx,Instrumental: Wasted intrumental prod by Cbmix Instrumental Stems: rgdtfyrgdtfyjgkrse,"Glass Tree Creative Recording Studio, Downtown, Chicago, IL.","Hook & Verse April 23-24, 2018. Hook Harmonies April 27, 2018. File Exported April 27, 2018.",-,"Surfaced March 9, 2022. Session Surfaced June 28, 2023. Trackouts Surfaced June 28, 2023.",4:16,Alternate Solo Demo & Misc. Track ( Open Verse ),"Studio Session, Trackout Session & Original Files 1411kbps (.wav) 320kbps (.mp3)"
433,GB&GR,321,Wavy Song is titled after the instrumental.,Juice WRLD,Murda Beatz,James Kang,-,File Name: WAVY MURDA Session Title: SONG6.ptx,wavy murda 150,"Blue Room West Recording Studio, West Hollywood, Los Angeles, CA.","Recorded March 3, 2018.",-,"Surfaced July 16, 2018. Session Surfaced December 19, 2025.",2:59,Throwaway Track ( Complete ),Studio Session & Original File 320kbps (.mp3)
434,GB&GR,322,We Ain't Goin'* (with MadeInTYO) Song is untitled.,Juice WRLD & MadeInTYO,Ronny J,James Kang,-,TOKYO AND JUICE WRLD,,"Blue Room West Recording Studio, West Hollywood, Los Angeles, CA.","Recorded February 25, 2018.","First Previewed April [ ? ], 2018.","Surfaced November 29, 2018.",2:38,Throwaway Track ( Complete ),Original File 320kbps (.mp3)
435,GB&GR,323,What I Live For*,Juice WRLD,CashMoneyAp,Unknown,-,,,"Premier Recording Studio, Midtown West, New York City, NY.","Recorded May 17-18, 2018.","First Previewed February 10, 2024.","Surfaced November 5, 2024.",2:00,Throwaway Track ( Complete ),320kbps (.mp3)
436,GB&GR,324,Whatever Call Me Whenever,Juice WRLD,Nick Mira,Matthew Jacobson & Xavier Daniel,Shares the same instrumental as 'Cite'.,Whatever,Instrumental: NM - Cite 150BPM MIDI: Fleet Loop Stems: Nick Mira - Skies Loop Kit: Nick Mira - Bolt Beat Pack: juice december: late december,"Paramount Recording Studio, Santa Monica, Los Angeles, CA.","Recorded February 17, 2018.","First Previewed February 17, 2018.","Surfaced November 8, 2024.",3:24,Throwaway Track ( Complete ),Original File 320kbps (.mp3)
437,GB&GR,325,Whole Lotta Shots (with YCJ),Juice WRLD & YCJ,The Beat Asylum,Juice WRLD,"Shares the same instrumental as 'Can't Feel My Face', 'Safe' & 'Slowly'.",File Name: whole lotta shots Session Title: trust no one part 2.recovered.recovered.ptx Folder Title: Trust No One,JUICE XXX,"Unhkl Flex's Home Recording Studio, Matteson, Chicago, IL.","Recorded December 25, 2017. File Exported December 25, 2017.",-,"Surfaced November 27, 2023. Session Surfaced December 2, 2023.",3:13,Throwaway Track ( Complete ),Studio Session & Original File 1411kbps (.wav)
438,GB&GR,326,Wild (with D. Savage) Perc Heavy,Juice WRLD & D. Savage,BlackMayo,Kerim Wilhelm,-,File Name: Juice Wrld_Dumb_Slut Session Title: JW Wild Dumb Slut.ptx,"Pi'erre Bourne x Playboi Carti Type Beat ""Balenciaga""","Manhattan Beach Recording Studio, Midtown Manhattan, New York City, NY.","Recorded February 10, 2018.","First Previewed March 11, 2018.","Surfaced December 27, 2025.",1:06,Throwaway Track ( Complete ),320kbps (.mp3)
439,GB&GR,327,Will Come Up,Juice WRLD,Joey88,Juice WRLD,-,Session Title: will.ptx Folder Title: Will,beatasylum12.15.17 guwop ah,"Unhkl Flex's Home Recording Studio, Matteson, Chicago, IL.","Recorded January 4, 2018.","First Previewed January 17, 2023.","Surfaced September 10, 2023. Session Surfaced September 10, 2023.",3:19,Throwaway Track ( Complete ),Studio Session & Pro Tools Export
440,GB&GR,328,Wishing Well (v1) I Can't Breathe Song was originally called 'Lauryn Hill'.,Juice WRLD,Chopsquad DJ & Dr. Luke,2Fly,-,File Name: LAURYN HILL Session Title (1): JUICY P SESSION 2.ptx Session Title (2): LAURYN HILL.ptx,BOOMINATI DJ 213 (luke),"Blue Room West Recording Studio, West Hollywood, Los Angeles, CA.","Recorded April 9, 2018. File Exported April 10, 2018.","First Previewed April 10, 2018. First Teased April 10, 2018.","Surfaced October 6, 2019. Session Surfaced June 22, 2022.",3:52,Original Demo Track ( Complete ),Studio Session & Original Files 2304kbps (.wav) 320kbps (.mp3)
441,GB&GR,329,You Ain't Safe (v1),Juice WRLD,Cardo Got Wings & Yung Exclusive,Eli,-,File Name: JuiceWRLD - You Aint Safe_RoughDraft Session Title (1): apr1.ptx Session Title (2): New Template A Room C.ptx,Wiggins BPM155,"Glass Tree Creative Recording Studio, Downtown, Chicago, IL.","Recorded April 1, 2018. File Exported April 1, 2018.",-,"Surfaced July 25, 2019. Session Surfaced November 15, 2023.",2:28,Original Demo Track ( Complete ),Studio Session & Original Files 2117kbps (.wav) 320kbps (.mp3)
442,GB&GR,330,You Ain't Safe (v2),Juice WRLD,Cardo Got Wings & Yung Exclusive,Justin Craig,-,File Name: You Ain't Safe (JcraigMix) 77.5Bpm Session Title (1): apr1.ptx Session Title (2): New Template A Room C.ptx,Wiggins BPM155,"Glass Tree Creative Recording Studio, Downtown, Chicago, IL.","Recorded April 1, 2018. File Exported April 2, 2018.",-,"Surfaced November 15, 2023. Session Surfaced November 15, 2023.",2:17,Alternate Demo Track ( Complete ),Studio Session & Original File 1411kbps (.wav)
443,GB&GR,331,Your Loss Girlfriend,Juice WRLD,Nick Mira,Justin Craig,Shares the same instrumental as Convolk's 'It Was You'.,File Name: Your Loss (JcraigMix) 150bpm Session Title: Cries 150.ptx,Instrumental: NM - Cries 150BPM Loop Stems: NM_Lisbon 150 Loop Kit: Nick Mira - Gasolina 2 Beat Pack: Nick Mira - March 18,"Glass Tree Creative Recording Studio, Downtown, Chicago, IL.","Recorded March 26, 2018. File Exported March 26, 2018.","First Previewed March 26, 2018.","Surfaced October 27, 2020. Session Surfaced June 27, 2023.",3:38,Throwaway Track ( Complete ),Studio Session & Original Files 1411kbps (.wav) 320kbps (.mp3)
444,GB&GR,332,Zombie Shit Left 4 Dead,Juice WRLD,Nick Mira,Justin Craig,-,File Name: Zombie Shit (JcraigMix) Session Title: skydive140.ptx,Instrumental: NM - Skydive 140 BPM Beat Pack: Juice August Pack,"Glass Tree Creative Recording Studio, Downtown, Chicago, IL.","Recorded May 1, 2018. File Exported May 1, 2018.",-,"Surfaced April 24, 2021. Session Surfaced August 30, 2023.",1:57,Throwaway Track ( Complete ),Studio Session & Original Files 1411kbps (.wav) 320kbps (.mp3)
446,GB&GR,1,All Alone My Money | New Song was originally untitled.,Juice WRLD,The Beat Asylum,Juice WRLD,Shares the same instrumental as 'Smoke A Half*'.,Session Title: new .ptx,JUICE XX,"Unhkl Flex's Home Recording Studio, Matteson, Chicago, IL.","Recorded December 23, 2017.","First Previewed March 19, 2025.","Surfaced July 25, 2025. Session Surfaced January 25, 2026.",3:12,Original Solo Demo Track ( Unexported ) [ Open Verse ],Studio Session & Pro Tools Export
447,GB&GR,2,All Alone (with Unhkl Flex) My Money | New Song was originally untitled.,Juice WRLD & Unhkl Flex,The Beat Asylum,Juice WRLD,Shares the same instrumental as 'Smoke A Half*'.,Session Title: new .ptx,JUICE XX,"Unhkl Flex's Home Recording Studio, Matteson, Chicago, IL.","Recorded December 23, 2017.",-,"Surfaced January 25, 2026. Session Surfaced January 25, 2026.",3:12,Throwaway Track ( Unexported ) [ Complete ],Studio Session & Pro Tools Export
448,GB&GR,3,Are You Happy? Unload Song is untitled.,Juice WRLD,Danny Wolf & Otxhello,Patrik Ehrenbald-Plummer,Shares the same instrumental as 'Task Force'.,Session Title: JW r-uhappy.ptx,r-uhappy,"Blue Room West Recording Studio, West Hollywood, Los Angeles, CA.","Recorded February 22, 2018.","First Previewed May 24, 2025.","Surfaced December 6, 2025. Session Surfaced December 18, 2025.",3:01,Throwaway Track ( Unexported ) [ Open Verse ],Studio Session & Pro Tools Export
449,GB&GR,4,Bottom From Here,Juice WRLD,LiLMexicoBeatz,Justin Craig,"Song is unfinished, contains an open verse.",Session Title (1): Lil Mexico1.ptx Session Title (2): Juice Wrld - Bottom From Here - acapella.ptx,nudyland,"Glass Tree Creative Recording Studio, Downtown, Chicago, IL.","Recorded April 29, 2018. Acapella File Exported June 5, 2019.","First Previewed August 17, 2023.","Surfaced November 15, 2023. Session Surfaced November 15, 2023.",2:49,Throwaway Track ( Unexported ) [ Open Verse ],Studio Session & Pro Tools Export
450,GB&GR,5,Chosen Life's A Book Song is untitled.,Juice WRLD,Murda Beatz,James Kang,Shares the same instrumental as 'Antisocial'.,Session Title: SONG1.ptx,chosen 140,"Blue Room West Recording Studio, West Hollywood, Los Angeles, CA.","Recorded March 2, 2018.","First Previewed February 10, 2024.","Surfaced May 31, 2025. Session Surfaced January 25, 2026.",2:44,Throwaway Track ( Unexported ) [ Complete ],Studio Session & Pro Tools Export
451,GB&GR,6,Cloudy Song is untitled.,Juice WRLD,Nick Mira,2Fly & Max Lord,Shares the same instrumental as 'Game'.,Session Title: Juice NM Cloudy 4.11.18.ptx,Instrumental: NM - Cloudy 140BPM Beat Pack: NM Juice 4.12,"Blue Room West Recording Studio, West Hollywood, Los Angeles, CA.","Recorded April 12, 2018.","First Previewed March 6, 2024.","Surfaced November 11, 2024. Session Surfaced November 11, 2024.",2:17,Scrapped Track ( Unexported ) [ Empty Project File ],Studio Session & Pro Tools Edit
452,GB&GR,7,Confide To* Song is untitled.,Juice WRLD,FKi 1st,2Fly,-,Session Title: SESSION 5.ptx,FKi1st juice 140,"Blue Room West Recording Studio, West Hollywood, Los Angeles, CA.","Recorded April 10, 2018.",-,"Surfaced March 1, 2022. Session Surfaced March 1, 2022.",3:54,Scrapped Track ( Unexported ) [ Empty Project File ],Studio Session & Pro Tools Edit
453,GB&GR,8,Creepin' Song is untitled.,Juice WRLD,Chase Davis & DJ Five1o,Chris Barnett,-,Session Title: juice.ptx,Chase Davis - Creepin Five1o,"Glass Tree Creative Recording Studio, Downtown, Chicago, IL.","Recorded January 27, 2018.",-,"Surfaced June 28, 2023. Session Surfaced June 28, 2023.",2:46,Throwaway Track ( Unexported ) [ Complete ],Studio Session & Pro Tools Export
454,GB&GR,9,"Devil In A Red Dress (v2) Song was originally titled 'FGCHB', after the instrumental.",Juice WRLD,Chris Barnett & Unknown,Chris Barnett & Thomas Cullison,-,Session Title: FGCHB cb.ptx,Juice Wrld - Devil in a red dress (fgchb_3.0_2) instrumental,"Chalice Recording Studio, West Hollywood, Los Angeles, CA.","Recorded February 19-20, 2018.",-,"Surfaced August 15, 2023. Session Surfaced August 15, 2023.",2:50,Alternate Demo Track ( Unexported ) [ Complete ],Studio Session & Pro Tools Export
455,GB&GR,10,Freestyle Song is untitled.,Juice WRLD,HazeBanga,James Kang,-,Session Title: SONG1.ptx Folder Title: FREESTYLE,haze 1,"Blue Room West Recording Studio, West Hollywood, Los Angeles, CA.","Recorded March 22, 2018.",-,"Surfaced January 25, 2026. Session Surfaced January 25, 2026.",5:06,Throwaway Track ( Unexported ) [ Complete ],Studio Session & Pro Tools Export
456,GB&GR,11,Fridget Song is untitled.,Juice WRLD,Cardo Got Wings & Yung Exclusive,2Fly,"Song is unfinished, contains an open verse.",Session Title: JUICY P SESSION 1.ptx,FRIDGET BPM137,"Blue Room West Recording Studio, West Hollywood, Los Angeles, CA.","Recorded April 9, 2018.",-,"Surfaced June 28, 2023. Session Surfaced June 28, 2023.",3:05,Scrapped Track ( Unexported ) [ Open Verse ],Studio Session & Pro Tools Export
457,GB&GR,12,Go Sick Of You,Juice WRLD,DJ L Beats,Kerim Wilhelm,"Song is unfinished, contains an open verse.",Session Title: Juice Wrld - Go.ptx,7-24-17 3,"Manhattan Beach Recording Studio, Midtown Manhattan, New York City, NY.","Recorded February 8-9, 2018.","First Previewed March 19, 2025.","Surfaced September 16, 2025. Session Surfaced January 25, 2026.",2:51,Throwaway Track ( Unexported ) [ Open Verse ],Studio Session & Pro Tools Export
458,GB&GR,13,Good Day* Song is untitled.,Juice WRLD,JuiceMadeThat & Nick Mira,Oz On The Track,"Song is unfinished, contains an open verse.",Session Title: Playlist Temp.ptx,Instrumental: 4-12-18 Loop: nm_shepard_84_v2,"ATS Records Recording Studio, West Loop, Chicago, IL.","Recorded April 16, 2018.",-,"Surfaced June 22, 2022. Session Surfaced June 22, 2022.",3:17,Scrapped Track ( Unexported ) [ Open Verse ],Studio Session & Pro Tools Export
459,GB&GR,14,Gorgeous* Forbes List Song is untitled.,Juice WRLD,DJ L Beats,Marquis Robinson,"Song is unfinished, contains an open verse.",Session Title: L 2 1-12-18.ptx,Cdot1,"Complex 2010 Recording Studio, China Town, Chicago, IL.","Recorded January 13, 2018.",-,"Surfaced October 22, 2023. Session Surfaced October 22, 2023.",2:43,Scrapped Track ( Unexported ) [ Open Verse ],Studio Session & Pro Tools Export
460,GB&GR,15,Honest Song was originally called 'Process'.,Juice WRLD,Joey88,Juice WRLD,"Song is unfinished, contains an open verse.",Session Title: process.ptx Folder Title: New 999,OUT OF MY WAY BPM126,"Unhkl Flex's Home Recording Studio, Matteson, Chicago, IL.","Recorded January 4, 2018.","First Teased January 3, 2018.","Surfaced October 12, 2023. Session Surfaced December 2, 2023.",3:33,Original Solo Demo Track ( Unexported ) [ Open Verse ],Studio Session & Pro Tools Export
461,GB&GR,16,Intended Song is untitled.,Juice WRLD,Unknown,Justin Craig,-,Session Title: Intended.ptx,intended,"Glass Tree Creative Recording Studio, Downtown, Chicago, IL.","Recorded April 3, 2018.",-,"Surfaced June 28, 2023. Session Surfaced June 28, 2023.",4:11,Throwaway Track ( Unexported ) [ Complete ],Studio Session & Pro Tools Export
462,GB&GR,17,Light Switch* Tech 5 Song is untitled.,Juice WRLD,Pi'erre Bourne,Patrik Ehrenbald-Plummer,-,Session TItle: JW tech5.ptx,tech5 139,"Blue Room West Recording Studio, West Hollywood, Los Angeles, CA.","Recorded February 22, 2018.",-,"Surfaced February 10, 2025. Session Surfaced January 25, 2026.",6:31,Scrapped Track ( Unexported ) [ Open Verse ],Studio Session & Pro Tools Export
463,GB&GR,18,Naruto New New | Visine Song is untitled.,Juice WRLD,Joey88,Juice WRLD,Shares the same instrumental as 'Persona'.,Session Title: new new .ptx,naruto2117BPM,"Unhkl Flex's Home Recording Studio, Matteson, Chicago, IL.","Recorded January 7, 2018.","First Previewed June 7, 2025.","Surfaced June 7, 2025. Session Surfaced January 25, 2026.",3:50,Scrapped Track ( Unexported ) [ Open Verse ],Studio Session & Pro Tools Export
464,GB&GR,19,New Age Tucked Song is untitled.,Juice WRLD,J Reezy,2Fly & Max Lord,Shares the same instrumental as Don Riich's 'Ain't For Everybody'.,Session Title: Juice new age c note 4.10.ptx,REEZY - NEW AGE - 7A,"Blue Room West Recording Studio, West Hollywood, Los Angeles, CA.","Recorded April 11, 2018.","First Previewed June 2, 2025.","Surfaced January 25, 2026. Session Surfaced January 25, 2026.",3:52,Scrapped Track ( Unexported ) [ Empty Project File ],Studio Session & Pro Tools Edit
465,GB&GR,20,Northside Relax Song is untitled.,Juice WRLD,Dorien Theus,2Fly & Max Lord,-,Session Title: Juice northside DT 4.11.18.ptx,DT - Northside 147BPM,"Blue Room West Recording Studio, West Hollywood, Los Angeles, CA.","Recorded April 12, 2018.","First Previewed November 13, 2024.","Surfaced September 4, 2025. Session Surfaced September 4, 2025.",4:08,Scrapped Track ( Unexported ) [ Empty Project File ],Studio Session & Pro Tools Edit
466,GB&GR,21,Piguet Drip Song is untitled.,Juice WRLD,Murda Beatz,James Kang,-,Session Title: SONG1.ptx,piguet drip 140,"Blue Room West Recording Studio, West Hollywood, Los Angeles, CA.","Recorded March 2, 2018.",-,"Surfaced January 25, 2026. Session Surfaced January 25, 2026.",3:12,Scrapped Track ( Unexported ) [ Open Verse ],Studio Session & Pro Tools Export
467,GB&GR,22,Poltergeist* Tech 8 Song is untitled.,Juice WRLD,Pi'erre Bourne,Patrik Ehrenbald-Plummer,Shares the same sample as Playboi Carti's 'Xan'.,Session TItle: JW tech8.ptx,tech8 157,"Blue Room West Recording Studio, West Hollywood, Los Angeles, CA.","Recorded February 23, 2018.",-,"Surfaced February 10, 2025. Session Surfaced January 25, 2026.",5:04,Scrapped Track ( Unexported ) [ Open Verse ],Studio Session & Pro Tools Export
468,GB&GR,23,Prada Song is untitled.,Juice WRLD,Dorien Theus & Nick Mira,James Kang,"Shares the same instrumental as 'Every Hour*', 'Put Me Down*' and Iann Dior's 'Lonely Stoner'.",Session TItle: SONG1.ptx,Instrumental: DT x NM - Prada 131BPM Loop Stems: NM_Prada_Playground 129 Loop Kit: Nick Mira - Gasolina 2,"Blue Room West Recording Studio, West Hollywood, Los Angeles, CA.","Recorded May 3, 2018.","First Previewed February 19, 2025.","Surfaced April 16, 2025. Session Surfaced April 29, 2025.",4:39,Scrapped Track ( Unexported ) [ Open Verse ],Studio Session & Pro Tools Export
469,GB&GR,24,Pursuit Song is untitled.,Juice WRLD,Murda Beatz,James Kang,-,Session Title: SONGS2.ptx,pursuit 110,"Blue Room West Recording Studio, West Hollywood, Los Angeles, CA.","Recorded March 2, 2018.",-,"Surfaced January 25, 2026. Session Surfaced January 25, 2026.",3:12,Scrapped Track ( Unexported ) [ Open Verse ],Studio Session & Pro Tools Export
470,GB&GR,25,Reach Song is untitled.,Juice WRLD,Dorien Theus,PrettyBoy Pablo,"Shares the same instrumental as 'Reach 2', 'Reach Freestyle' & 'Boss Now*'.",Session TItle: reach.ptx,Instrumental: DT - Reach 160BPM MIDI: pager Loop Stems: Taliban160,"Penthouse Recording Studio, Times Square, New York City, NY.","Recorded May 16, 2018.",-,"Surfaced September 27, 2022. Session Surfaced September 27, 2022.",3:48,Throwaway Track ( Unexported ) [ Open Verse ],Studio Session & Pro Tools Export
471,GB&GR,26,Reach 2 Song is untitled.,Juice WRLD,Dorien Theus,PrettyBoy Pablo,"Shares the same instrumental as 'Reach', 'Reach Freestyle' & 'Boss Now*'.",Session TItle: reach2.ptx Folder Title: reach,Instrumental: DT - Reach 160BPM MIDI: pager Loop Stems: Taliban160,"Penthouse Recording Studio, Times Square, New York City, NY.","Recorded May 16, 2018.",-,"Surfaced September 27, 2022. Session Surfaced September 27, 2022.",3:48,Throwaway Track ( Unexported ) [ Open Verse ],Studio Session & Pro Tools Export
472,GB&GR,27,Seems To Be* Hardly Song is untitled.,Juice WRLD,HazeBanga,James Kang,Shares the same instrumental as 'Wide Awake' by Rossi Rock.,Session Title: SONG1.ptx,Haze 5,"Blue Room West Recording Studio, West Hollywood, Los Angeles, CA.","Recorded March 23, 2018.","First Previewed October 23, 2024.","Surfaced November 12, 2024. Session Surfaced November 12, 2024.",3:45,Scrapped Track ( Unexported ) [ Hook Only ],Studio Session & Pro Tools Export
473,GB&GR,28,Skyy Song is untitled.,Juice WRLD,Dorien Theus & Nick Mira,Joey Galvan,Shares the same instrumental as 'Everlasting Love*'.,Session Title (1): 03.19.18 Song 1.ptx Session Title (2): 03.19.18 Song 1.1.ptx Folder Title: 03.19.18 JuiceWorld Song 1,Instrumental: DT x NM - Skyy 163BPM MIDI: nick mira - backonroad 170bpm,"Paramount Recording Studio, Santa Monica, Los Angeles, CA.","Recorded March 19-20, 2018.",-,"Surfaced June 28, 2023. Session Surfaced June 28, 2023.",4:19,Scrapped Track ( Unexported ) [ Open Verse ],Studio Session & Pro Tools Export
474,GB&GR,29,Slasher (v1.1),Juice WRLD,CuBeatz & Southside,Max Lord,-,Session Title: shrrom30 v1.1 slasher.ptx Folder Title: shrrom30,shroom30,"Valley High Residential Recording Studio, Studio City, Los Angeles, CA.","Recorded January 17, 2018.",-,"Surfaced January 25, 2026. Session Surfaced January 25, 2026.",5:04,Alternate Demo Track ( Unexported ) [ Complete ],Studio Session & Pro Tools Export
475,GB&GR,30,Slasher (v1.2),Juice WRLD,CuBeatz & Southside,Max Lord,-,Session Title: shrrom30 v1.2 slasher.ptx Folder Title: shrrom30,shroom30,"Valley High Residential Recording Studio, Studio City, Los Angeles, CA.","Recorded January 17, 2018.",-,"Surfaced January 25, 2026. Session Surfaced January 25, 2026.",5:04,Alternate Demo Track ( Unexported ) [ Complete ],Studio Session & Pro Tools Export
476,GB&GR,31,Slasher (v1.3),Juice WRLD,CuBeatz & Southside,Max Lord,-,Session Title: shrrom30 v1.3 slasher.ptx Folder Title: shrrom30,shroom30,"Valley High Residential Recording Studio, Studio City, Los Angeles, CA.","Recorded January 17, 2018.",-,"Surfaced January 25, 2026. Session Surfaced January 25, 2026.",5:04,Alternate Demo Track ( Unexported ) [ Complete ],Studio Session & Pro Tools Export
477,GB&GR,32,Slasher (v1),Juice WRLD,CuBeatz & Southside,Max Lord,-,Session Title: shrrom30 v1.0.ptx Folder Title: shrrom30,shroom30,"Valley High Residential Recording Studio, Studio City, Los Angeles, CA.","Recorded January 17, 2018.",-,"Surfaced January 25, 2026. Session Surfaced January 25, 2026.",5:04,Original Demo Track ( Unexported ) [ Open Verse ],Studio Session & Pro Tools Export
478,GB&GR,33,Smoke A Half* Song is untitled.,Juice WRLD,The Beat Asylum,Juice WRLD,Shares the same instrumental as 'All Alone'.,Session Title: new .ptx,JUICE XX,"Unhkl Flex's Home Recording Studio, Matteson, Chicago, IL.","Recorded January 1-9, 2018.","First Previewed June 2, 2025.","Surfaced July 10, 2025. Session Surfaced December 9, 2025.",2:57,Scrapped Track ( Unexported ) [ Missing Project File ],Studio Session & Pro Tools Edit
479,GB&GR,34,Space Song is untitled.,Juice WRLD,Danny Wolf & Otxhello,James Kang,Shares the same instrumental as 'Full Throttle' by 6 Dogs.,Session Title: SONGS2.ptx,space,"Blue Room West Recording Studio, West Hollywood, Los Angeles, CA.","Recorded February 25, 2018.",-,"Surfaced August 3, 2025. Session Surfaced August 5, 2025.",2:41,Scrapped Track ( Unexported ) [ Open Verse ],Studio Session & Pro Tools Export
480,GB&GR,35,Start It Up,Juice WRLD,Nick Mira,Eli,-,Session Title (1): apr27.ptx Session Title (2): Juice Wrld - Start it Up - Acapella.ptx,Instrumental: NM - Maid 148BPM Beat Pack: Nick Mira - March 18,"Glass Tree Creative Recording Studio, Downtown, Chicago, IL.","Recorded April 27, 2018. Acapella File Exported June 5, 2019.","First Previewed June 6, 2023. First Teased April 27, 2018.","Surfaced June 28, 2023. Session Surfaced June 28, 2023.",4:33,Throwaway Track ( Unexported ) [ Open Verse ],Studio Session & Pro Tools Export
481,GB&GR,36,Stuck Song is untitled.,Juice WRLD,"Danny Wolf, DILIP & Instupendo",Patrik Ehrenbald-Plummer,Shares the same instrumental as 'Motions*'.,Session Title: JW Stuck.ptx,Stuck,"Blue Room West Recording Studio, West Hollywood, Los Angeles, CA.","Recorded February 23, 2018.","First Previewed May 24, 2025.","Surfaced February 10, 2025. Session Surfaced January 25, 2026.",3:11,Scrapped Track ( Unexported ) [ Open Verse ],Studio Session & Pro Tools Export
482,GB&GR,37,Super Saiyan Styrofoam Song is untitled.,Juice WRLD,PrettyBoy Pablo & Yung SpvZz,PrettyBoy Pablo,-,Session Title: Super Saiyan.ptx,Super Saiyan,"Penthouse Recording Studio, Times Square, New York City, NY.","Recorded February 3, 2018.","First Previewed February 3, 2018.","Surfaced September 21, 2022. Session Surfaced November 2, 2022.",2:36,Throwaway Track ( Unexported ) [ Open Verse ],Studio Session & Pro Tools Export
483,GB&GR,38,The Wiz New 999 Song is untitled.,Juice WRLD,Joey88,Juice WRLD,"Shares the same instrumental as 'The Wiz 2'. Song is unfinished, contains an open verse.",Session Title: new 999.ptx Folder Title: New 999,THE WIZ BPM100.450,"Unhkl Flex's Home Recording Studio, Matteson, Chicago, IL.","Recorded January 2, 2018.",-,"Surfaced December 2, 2023. Session Surfaced December 2, 2023.",3:11,Scrapped Track ( Unexported ) [ Open Verse ],Studio Session & Pro Tools Export
484,GB&GR,39,The Wiz 2 Song is untitled.,Juice WRLD,Joey88,Juice WRLD,Shares the same instrumental as 'The Wiz'.,,THE WIZ BPM100.450,"Unhkl Flex's Home Recording Studio, Matteson, Chicago, IL.","Recorded January 4, 2018.",-,"Surfaced September 10, 2023. Session Surfaced September 10, 2023.",3:11,Scrapped Track ( Unexported ) [ Missing Project File ],Studio Session & Pro Tools Edit
485,GB&GR,40,They Said I Changed Song is untitled.,Juice WRLD,Murda Beatz,James Kang,Shares the same instrumental as 'Classroom'.,Session Title: SONG1.ptx,they said i changed 147,"Blue Room West Recording Studio, West Hollywood, Los Angeles, CA.","Recorded March 2, 2018.",-,"Surfaced January 25, 2026. Session Surfaced January 25, 2026.",3:09,Scrapped Track ( Unexported ) [ Complete ],Studio Session & Pro Tools Export
486,GB&GR,41,Trap House* Song is untitled.,Juice WRLD,DJ L Beats,Marquis Robinson,-,Session Title: L 5 1-12-18.ptx,11th 3_2.mp3 148,"Complex 2010 Recording Studio, China Town, Chicago, IL.","Recorded January 13, 2018.","First Previewed November 28, 2023.","Surfaced December 1, 2023. Session Surfaced December 1, 2023.",2:37,Scrapped Track ( Unexported ) [ Hook Only ],Studio Session & Pro Tools Export
487,GB&GR,42,Tusk Song is untitled.,Juice WRLD,Nick Mira,2Fly & Max Lord,-,Session Title: Juice Tusk 4.11.18.ptx,Instrumental: NM - Tusk 154BPM Beat Pack: NM Juice 4.12,"Blue Room West Recording Studio, West Hollywood, Los Angeles, CA.","Recorded April 12, 2018.",-,"Surfaced January 25, 2026. Session Surfaced January 25, 2026.",3:56,Scrapped Track ( Unexported ) [ Hook Only ],Studio Session & Pro Tools Export
488,GB&GR,43,Who I Am Anymore* Song is untitled.,Juice WRLD,Southside & Unknown,Justin Craig,Shares the same instrumental as 'See The Difference*'.,Session Title: 425-1.ptx,ROUTE80829YB,"Glass Tree Creative Recording Studio, Downtown, Chicago, IL.","Recorded April 25-26, 2018.",-,"Surfaced June 28, 2023. Session Surfaced June 28, 2023.",3:39,Scrapped Track ( Unexported ) [ Open Verse ],Studio Session & Pro Tools Export
489,GB&GR,44,Zaxbys Walking In The Sand Song is untitled.,Juice WRLD,Nick Mira,Eli,Shares the same instrumental as 'Love Over There'.,Session Title: apr27.2345.ptx,Instrumental: NM - Zaxbys 161BPM Loop: NM_Westpoint 68 Loop Kit: Nick Mira - Gasolina 2 Beat Pack: NM - Juice Feb 18,"Glass Tree Creative Recording Studio, Downtown, Chicago, IL.","Recorded April 27, 2018.","First Previewed May 12, 2023.","Surfaced June 27, 2023. Session Surfaced June 27, 2023.",3:59,Scrapped Track ( Unexported ) [ Open Verse ],Studio Session & Pro Tools Export
491,WOD,1,24 Hours (v1.5) Secure The Bag,Juice WRLD,Dre Moon,Max Lord,-,juice wrld - 24 hours v1.5 (1415),1415(130),"Chalice Recording Studio, West Hollywood, Los Angeles, CA.","Recorded June 17-18, 2018.","First Previewed July 1, 2018.","Surfaced August 11, 2019.",4:29,Alternate Demo Track,Original File 320kbps (.mp3)
492,WOD,2,500 Carats Five Bitches Song was originally called '500 K'.,Juice WRLD,SEPHGotWaves & YK808Mafia,Devin Nakao,-,File Name (1): Juice Wrld 500 k 092818 File Name (2): Juice Wrld - 500 Carats 092918 Session Title: Juicewrld 092818.ptx Folder Title: 500 k 092818,Instrumental: Yk808 b807 seph Loop: Lost Drip 152bpm,"Cherry Beach Recording Studio, Lower Don Lands, Toronto, ON.","Recorded September 28, 2018.","First Previewed September 28, 2018.","Surfaced October 1, 2022. Session Surfaced October 4, 2022.",2:50,Throwaway Track,Studio Session & Original Files 320kbps (.mp3)
493,WOD,3,6 Kiss (feat. YNW Melly) Kiss | Six Kiss,Juice WRLD,Nick Mira,Alex Layne & Chris Perez,"Song is unfinished, contains an open verse. Shares the same instrumental as 'Vinci'. Song originally began as a Juice WRLD & Trippie Redd track.",Melly x Juice x Trippie_Melly Verse,Instrumental: NM - Vinci 142BPM Loop Stems: NM - Vinci Beat Pack: NM_Juice August 4.18,"Juice's Vocals Record Plant Recording Studio, West Hollywood, Los Angeles, CA. Melly's Vocals Fine Line Recording Studio, Miami Lakes, Hialeah, FL.","Juice's Vocals August 9, 2018. .L/.R Files Exported June 13, 2019.",-,"Surfaced November 24, 2022. Session Surfaced November 24, 2022.",4:31,Feature Track ( Open Verse ),Studio Session & Original Files .L/.R 1152kbps (.wav) 320kbps (.mp3)
494,WOD,4,7 A.M. Freestyle (with Future) [ v1 ] Seven A.M. Song was originally called 'Seven A.M. Freestyle'.,Juice WRLD & Future,Wheezy,Eric Manco,-,seven am freestyle_02 w juice,,"5Star Production Studio, Atlantic Station, Atlanta, GA.","Recorded August [ ? ], 2018. File Exported August 9, 2018.",-,"Surfaced February 17, 2021.",3:02,Original Demo Track,Original File 2822kbps (.wav)
495,WOD,5,7 A.M. Freestyle (with Future) [ v3 ] Seven A.M. Song was originally called 'Seven A.M. Freestyle'.,Juice WRLD & Future,Wheezy,Alex Tumay & Eric Manco,-,Future x JuiceWrld - Seven AM - Tumay Mix 2_01,,"5Star Production Studio, Atlantic Station, Atlanta, GA.","Recorded August [ ? ], 2018.",-,"Surfaced July 15, 2023.",3:11,Alternate Demo Track,Original File 320kbps (.mp3)
496,WOD,6,8 Minute Freestyle 8 Min. Freestyle,Juice WRLD,Dre Moon,Max Lord,-,File Name: juice wrld - 8 minute freestlye v1.0 (1472) Session Title: 1472 juice v1.0 freestyle.ptx Folder Title: 1472 juice,1472(82),"Chalice Recording Studio, West Hollywood, Los Angeles, CA.","Recorded June 19-20, 2018.","First Previewed July 4, 2018.","Surfaced October 3, 2020.",8:34,Throwaway Track,Original File 320kbps (.mp3)
497,WOD,7,Abyss (Interlude) [v1.1] Ups And Downs,Juice WRLD,"1Mind, Dre Moon & Tyler Turner",Max Lord,-,JUICE WRLD - abyss interlude v1.1 (1529 dre moon),1592(80),"Serenity West Recording Studio, Hollywood, Los Angeles, CA.","Recorded August 8, 2018.","First Previewed September 19, 2018. First Teased August 12, 2018.","Surfaced January 15, 2020.",3:22,Alternate Demo Track,Original File 320kbps (.mp3)
498,WOD,8,Abyss (v1.3) The Party Never Ends,Juice WRLD,Gezin & WondaGurl,Max Lord,"Song is unfinished, contains an open verse. Vocals from this track were used for Travis Scott's 'NO BYSTANDERS'. Samples Björk's 'Jóga'.",File Name: juice wrld - Abyss v1.3 (joga ast 1) Session Title: joga ast 1 wondagezin juice v1.3 Abyss.ptx Folder Title: joga ast 1 wondagezin juice,joga ast 1-wg-gezin-bpm147,"Paramount Recording Studio, Santa Monica, Los Angeles, CA.","Recorded June 14, 2018.","First Previewed July 4, 2018.","Surfaced May 21, 2019. Session Surfaced June 22, 2022.",3:15,Alternate Demo Track ( Open Verse ),Studio Session & Original File 320kbps (.mp3)
499,WOD,9,Ain't Coming Back (v1.2) KKK,Juice WRLD,Southside,Max Lord,-,juice wrld - aint coming back v1.2 (2 pac 41),2 pac 41,"Metropolis Recording Studio, Chiswick, London, England.","Recorded September 22-23, 2018.","First Previewed September 23, 2018.","Surfaced January 18, 2020.",3:56,Alternate Demo Track ( Complete ),Original Files 2117kbps (.wav) 320kbps (.mp3)
500,WOD,10,Ain't Livin' Right (with Future & Gunna) [ v3 ],"Juice WRLD, Future & Gunna",Nikko Bunkin & TrellGotWings,Eric Manco & Unknown,Song originally began as a Juice WRLD & Gunna track.,Aint livin Right w Juice n Gunna- V2,,"Juice & Gunna's Vocals 5Star Production Studio, Atlantic Station, Atlanta, GA.","Juice & Gunna's Vocals August 23, 2018. .L/.R Files Exported October 18, 2020.",-,"Surfaced June 2, 2025.",5:21,Alternate Demo Track,Original Files .L/.R 1152kbps (.wav)
501,WOD,11,Ain't Livin' Right (with Gunna) [ v1 ],Juice WRLD & Gunna,Nikko Bunkin & TrellGotWings,Eric Manco,-,Aint livin Right w Juice n Gunna_02,,"5Star Production Studio, Atlantic Station, Atlanta, GA.","Recorded August 23, 2018.","First Previewed September 9, 2018.","Surfaced May 1, 2023.",3:36,Original Demo Track,Original File 192kbps (.mp3)
502,WOD,12,Air 'Em Out (v1.2) Freaked It,Juice WRLD,Dre Moon,Max Lord,"Song is unfinished, contains an open verse.",juice wrld - air em out v1.2 (1479),1479(80),"Chalice Recording Studio, West Hollywood, Los Angeles, CA.","Recorded June 19-20, 2018.","First Previewed July 4, 2018.","Surfaced November 16, 2019.",3:23,Alternate Demo Track ( Open Verse ),Original File 320kbps (.mp3)
503,WOD,13,All In (v1.1) Gums | Sun,Juice WRLD,BasedKash,Max Lord,"Song is unfinished, contains an open verse.",juice wrld - all in v1.1 (open kash),open,"Paramount Recording Studio, Santa Monica, Los Angeles, CA.","Recorded June 12-13, 2018.",-,"Surfaced February 7, 2020.",3:23,Alternate Demo Track ( Open Verse ),Original File 320kbps (.mp3)
504,WOD,14,All Out (v1.4),Juice WRLD,Purps On The Beat,Max Lord,-,File Name: juice wrld - all out v1.4 (altnyc 3) Session Title: PURPS altnyc 3 v1.4.ptx Folder Title: PURPS altnyc 3,PurpsALTNYC 3notag156,"Twin Recording Studio, 16e Arrondissement, Paris, France.","Recorded September 19, 2018.",-,"Surfaced November 1, 2019.",3:46,Alternate Demo Track,Original File 320kbps (.mp3)
505,WOD,15,Alright ( v1.5 ) Buried Alive,Juice WRLD,Cardo Got Wings & Dez Wright,Max Lord,-,juice wrld - alright v1.5 A800 (LIFT MY DOOR UP)_1,Instrumental: LIFT MY DOOR UP Loop: alley oop 136bpm,"Paramount Recording Studio, Santa Monica, Los Angeles, CA.","Recorded June 15, 2018.",-,"Surfaced July 28, 2019.",3:59,Alternate Demo Track,Original File 320kbps (.mp3)
506,WOD,16,Amuse You (with G Herbo) Amuse U | Foo Foo,Juice WRLD & G Herbo,DJ Victoriouz & JuiceMadeThat,Max Lord,-,juice wrld herb - amuse u v1.0 (V201891),V201891,"NightBird Recording Studio, West Hollywood, Los Angeles, CA.","Recorded June 22, 2018.","First Previewed June 22, 2018.","Surfaced July 7, 2020.",3:32,Throwaway Track,Original File 320kbps (.mp3)
507,WOD,17,Animal (v1) But How?,Juice WRLD,"Diego Ave, Earl Hood, Eric Goudy, JRHITMAKER & Mally Mall",2Fly,-,File Name: ANIMAL Session Title: ANIMAL.ptx,Instrumental: AirWRL157 Loop: AIRBORN 157 BPM,"Paramount Recording Studio, Santa Monica, Los Angeles, CA.","Recorded July 9, 2018.","First Previewed August 8, 2018.","Surfaced October 25, 2021. Session Surfaced August 26, 2025.",2:03,Original Solo Demo Track,Studio Session & Original File 320kbps (.mp3)
508,WOD,18,Animal (v4.2) But How?,Juice WRLD,"Diego Ave, Earl Hood, Eric Goudy, JRHITMAKER & Mally Mall",2Fly & Earl Hood,-,Animal {EHMIX 4.2},Instrumental: AirWRL157 Loop: AIRBORN 157 BPM,"Paramount Recording Studio, Santa Monica, Los Angeles, CA.","Recorded July 9, 2018.",-,"Surfaced October 17, 2022.",2:05,Alternate Solo Demo Track,Original File 320kbps (.mp3)
509,WOD,19,Another Way (v1),Juice WRLD,Nick Mira,BJ Mekk,"Song is unfinished, contains an open verse.",File Name: Juice Wrld - Another Way Session Title: Juice Wrld - Another Way.ptx,Instrumental: NM - Avenge 153BPM Loop: NM - Primo 150BPM Loop Kit: Nick Mira - Durango Beat Pack: NM - Juice 5.16,"Paramount Ameraycan Recording Studio, North Hollywood, Los Angeles, CA.","Recorded May 23, 2018.","First Teased January 28, 2019.","Surfaced July 15, 2018. Session Surfaced August 10, 2021.",4:36,Original Demo Track ( Open Verse ),Studio Session & Original Files 3072kbps (.wav) 320kbps (.mp3)
510,WOD,20,Anything But Normal (v1.3),Juice WRLD,Russell Chell & Take A Daytrip,Max Lord,"Song is unfinished, contains an open verse.",juice wrld - anything but normal v1.3 (angel dust),Take A Daytrip x Russ Chell - Angel Dust [inst demo 1],"Chalice Recording Studio, West Hollywood, Los Angeles, CA.","Recorded June 19-20, 2018.",-,"Surfaced September 6, 2019.",3:19,Alternate Demo Track ( Open Verse ),Original File 320kbps (.mp3)
511,WOD,21,Arctic Tundra (v1.2) Blonde Hair Song was originally called 'Girl With The Blonde Hair'.,Juice WRLD,"Dez Wright, Gezin & TM88",Max Lord,-,File Name: Juice WRLD - girl with the blonde hair v1.2 TM GZ Session Title: JUUL MANGO 6 actually 5 TM GZ juice v1.2.ptx Folder Title: JUUL MANGO 6 actually 5 TM GZ juice,Instrumental: JUUL MANGO 5 dez xTM88 160 BPM Loop: rokstar 160 BPM,"Paramount Recording Studio, Santa Monica, Los Angeles, CA.","Recorded June 6-7, 2018.","First Previewed June 7, 2018.","Surfaced April 2, 2019. Session Surfaced December 5, 2022.",3:12,Alternate Solo Demo Track ( Complete ),Studio Session & Original File 320kbps (.mp3)
512,WOD,22,Armed And Dangerous (v1.6),Juice WRLD,Dre Moon,Max Lord,-,juice wrld - armed and dangerous v1.6 (1396),1396(130),"Paramount Recording Studio, Santa Monica, Los Angeles, CA.","Recorded June 17-18, 2018.","First Previewed June 18, 2018.","Surfaced October 17, 2022.",3:58,Alternate Demo Track,Original File 320kbps (.mp3)
513,WOD,23,Army Armory,Juice WRLD,ATL Jacob,Florian Ongonga & Seth Firkins,-,File Name (1): Juice - ARMY ARMORY - Prod. AtlJacob4 File Name (2): Juice - ARMY ARMORY - Prod. AtlJacob4_01 Session Title (1): Juice - AtlJacob4 08 28 18.ptx Session Title (2): Juice - ARMY ARMORY - Prod. AtlJacob4.ptx,FBG 1238 [ATLJACOB],"5Star Production Studio, Atlantic Station, Atlanta, GA.","Recorded August 29, 2018.",-,"Surfaced November 13, 2020. Session Surfaced June 22, 2022.",2:12,Throwaway Track,Studio Session & Original Files .L/.R 1152kbps (.wav) 320kbps (.mp3)
514,WOD,24,Astronauts (with Future) [v1],Juice WRLD & Future,Bobby Raps & Wheezy,Eric Manco,-,Astronauts_01 w juice,Wave Wizard 5,"5Star Production Studio, Atlantic Station, Atlanta, GA.","Recorded August 1, 2018.","First Previewed August 24, 2018.","Surfaced April 24, 2021.",2:49,Original Demo Track,Original File 1411kbps (.wav)
515,WOD,25,Astronauts (with Future) [ v3 ],Juice WRLD & Future,Bobby Raps & Wheezy,Eric Manco & Unknown,-,Astronauts- V2,Wave Wizard 5,"5Star Production Studio, Atlantic Station, Atlanta, GA.","Recorded August 1, 2018. .L/.R Files Exported October 11, 2020.",-,"Surfaced October 1, 2025. Trackouts Surfaced October 1, 2025.",5:00,Alternate Demo Track,Trackout Session & Original Files .L/.R 1152kbps (.wav)
516,WOD,26,Astronauts (with Future) [ v7 ],Juice WRLD & Future,Bobby Raps & Wheezy,"Alex Tumay, Eric Manco & Unknown",-,Future x JuiceWrld - Astronauts - Mix Notes_04,,"5Star Production Studio, Atlantic Station, Atlanta, GA.","Recorded August 1, 2018. File Exported October 9, 2018.",-,"Surfaced July 15, 2023.",2:51,Alternate Demo Track,Original File 2304kbps (.wav)
517,WOD,27,AY YO!! (v1) Purple Devil,Juice WRLD,"1Mind, Dre Moon & Tyler Turner",2Fly,-,File Name: AY YO!! V2 Session Title: AY YO!!.ptx,1495(80),"Paramount Recording Studio, Santa Monica, Los Angeles, CA.","Recorded July 7, 2018.","First Previewed July 7, 2018.","Surfaced January 16, 2026.",2:36,Original Demo Track,Original Files 2117kbps (.wav) 320kbps (.mp3)
518,WOD,28,AY YO!! (v2) Purple Devil,Juice WRLD,"1Mind, Dre Moon & Tyler Turner",2Fly,-,File Name: AY YO!! Session Title: AY YO!!.ptx,1495(80),"Paramount Recording Studio, Santa Monica, Los Angeles, CA.","Recorded July 7, 2018.",-,"Surfaced January 17, 2022.",2:36,Alternate Demo Track,Original File 320kbps (.mp3)
519,WOD,29,Back & Forth (with Lil Yachty) Stumblin',Juice WRLD & Lil Yachty,Dre Moon,Thomas Mann,-,BOAT X JUICE_BACK & FORTH,,"Paramount Recording Studio, Santa Monica, Los Angeles, CA.","Recorded June 12, 2018.","First Previewed June 12, 2018.","Surfaced January 7, 2020.",3:51,Throwaway Track,Original File 320kbps (.mp3)
520,WOD,30,Back Home,Juice WRLD,Kid Wond3r,Oz On The Track,-,File Name: Back Home (rough) Session Title: aug 31 song 2.ptx,10exxx,"ATS Records Recording Studio, West Loop, Chicago, IL.","Recorded August 31, 2018.",-,"Surfaced February 25, 2021. Session Surfaced February 14, 2022.",2:41,Throwaway Track,Studio Session & Original File 320kbps (.mp3)
521,WOD,31,Back On It,Juice WRLD,"Nofuk, Oz On The Track & Trapo",Oz On The Track,"Song is unfinished, contains an open verse.",File Name: Back On It (rough) Session Title: sep 2 song 3.ptx,Instrumental: trapo x oz 6 160 Loop: Malfunction,"ATS Records Recording Studio, West Loop, Chicago, IL.","Recorded September 3, 2018.",-,"Surfaced March 2, 2021. Session Surfaced March 2, 2022.",2:48,Throwaway Track ( Open Verse ),Studio Session & Original File 320kbps (.mp3)
522,WOD,32,Bad Day* (v1) Song is untitled.,Juice WRLD,CuBeatz & Nick Mira,BJ Mekk & Matthew Jacobson,-,File Name: Song 7_r1_5.27.18_01 Session Title: Song 7.ptx,Instrumental: NM x CuBeatz - Quickdraw 140BPM Loop: big butt 62.5bpm Beat Pack: NM - Juice 5.16,"Paramount Recording Studio, Santa Monica, Los Angeles, CA.","Recorded May 28, 2018.","First Previewed January 18, 2023.","Surfaced July 11, 2023. Session Surfaced July 11, 2023.",3:54,Throwaway Track ( Open Verse ),Studio Session & Original File 2822kbps (.wav)
523,WOD,33,Bad Day* (v2) Song is untitled.,Juice WRLD,CuBeatz & Nick Mira,BJ Mekk & Matthew Jacobson,-,File Name: Song 7_r1_5.27.18 Session Title: Song 7.ptx,Instrumental: NM x CuBeatz - Quickdraw 140BPM Loop: big butt 62.5bpm Beat Pack: NM - Juice 5.16,"Paramount Recording Studio, Santa Monica, Los Angeles, CA.","Recorded May 28, 2018.",-,"Surfaced March 10, 2023. Session Surfaced July 11, 2023.",3:54,Throwaway Track ( Open Verse ),Studio Session & Original Files 2822kbps (.wav) 320kbps (.mp3)
524,WOD,34,Bad To The Bone,Juice WRLD,ATL Jacob,Florian Ongonga & Seth Firkins,-,File Name: Juice - BAD TO THE BONE - Prod. AtlJacob Session Title (1): Juice - DY7.ptx Session Title (2): Juice - BAD TO THE BONE - Prod. Atl Jacob.ptx,FBG 1249 [ATLJACOB],"5Star Production Studio, Atlantic Station, Atlanta, GA.","Recorded August 28, 2018.",-,"Surfaced February 19, 2021. Session Surfaced March 3, 2022.",2:18,Throwaway Track,Studio Session & Original Files .L/.R 1152kbps (.wav) 320kbps (.mp3)
525,WOD,35,Ball,Juice WRLD,Andrew Watt & Dre Moon,Eric Manco,"Song is unfinished, contains an open verse. Vocals from this track were used for 5 Seconds Of Summer's 'Old Me'.",Ball o Juice_01,,"Chalice Recording Studio, West Hollywood, Los Angeles, CA.","Recorded July 23-24, 2018.",-,"Surfaced April 24, 2021.",2:02,Throwaway Track ( Open Verse ),Original File 320kbps (.mp3)
526,WOD,36,Bask In The Moment* (v1) Holding You Close Song is untitled.,Juice WRLD,Nick Mira,Zach Schultze,-,SongSix_Blueroom,Instrumental: NM - Aladdin 160BPM MIDI: NM - Gargle Beat Pack: NM_Juice_June17,"Blue Room South Recording Studio, Atlantic Station, Atlanta, GA.","Recorded July 12-14, 2018.","First Teased July 15, 2018.","Surfaced November 19, 2024.",2:48,Original Demo Track,Original File 320kbps (.mp3)
527,WOD,37,Bask In The Moment* (v2) Holding You Close Song is untitled.,Juice WRLD,Nick Mira,Zach Schultze,-,SONG6_ZachEdit_01,Instrumental: NM - Aladdin 160BPM MIDI: NM - Gargle Beat Pack: NM_Juice_June17,"Blue Room South Recording Studio, Atlantic Station, Atlanta, GA.","Recorded July 12-14, 2018.","First Previewed January 31, 2024.","Surfaced December 24, 2025.",3:10,Alternate Demo Track,Original File 320kbps (.mp3)
528,WOD,38,"Battle Scars* Song is titled 'CDROBDRIP', after the instrumental.",Juice WRLD,Rvssian,Hector Castro,-,CDROBDRIP_101518,rvssian CDROBDRIP 170,"Blue Room West Recording Studio, West Hollywood, Los Angeles, CA.","Recorded October 15-16, 2018.",-,"Surfaced November 15, 2019.",2:21,Throwaway Track,Original File 320kbps (.mp3)
529,WOD,39,Big Swag (v1),Juice WRLD,Chris Neal & Nick Mira,BJ Mekk,-,File Name: Juice Wrld - Big Swag Session Title: Juice Wrld - Big Swag.ptx,Instrumental: NM - Rigged 158BPM Loop: Delay-Dream Guitar Beat Pack: NM - Juice 5.16,"Paramount Ameraycan Recording Studio, North Hollywood, Los Angeles, CA.","Recorded May 27, 2018.",-,"Surfaced July 15, 2018. Session Surfaced February 20, 2021.",4:03,Original Demo Track,Studio Session & Original Files 3072kbps (.wav) 320kbps (.mp3)
530,WOD,40,Bird's Eye View (v1) Girl I Knew,Juice WRLD,DY Krazy & Kid Wond3r,Florian Ongonga & Seth Firkins,-,File Name: Juice - BIRDS EYE VIEW Prod. DY Session Title (1): Song 1.ptx Session Title (2): Juice - BIRDS EYE VIEW Prod. DY.ptx,DYNS88KID,"5Star Production Studio, Atlantic Station, Atlanta, GA.","Recorded August 27, 2018.",-,"Surfaced September 3, 2020.",2:11,Original Demo Track,Studio Session & Original Files .L/.R 1152kbps (.wav) 320kbps (.mp3)
531,WOD,41,Bitter ASFF (with SYKI) [v1] Bitter As Fuck Song was originally called 'Afterparty'.,Juice WRLD & SYKI,1Mind,SYKI,Shares the same instrumental as 'Someone New'.,File Name (1): KILL x JUICE Bitter asff_Current File Name (2): KILL x JUICE Bitter asff_Master Session Title: bitter w juice afterparty.flp,(people talk) Purple Love (1Mind),-,-,-,"Surfaced May 10, 2025. Multi-Tracks Surfaced February 10, 2026.",3:17,Original Demo Track,Multi-Track Stems & Original Files 2822kbps (.wav)
532,WOD,42,Bitter ASFF (with SYKI) [ v2 ] Bitter As Fuck Song was originally called 'Afterparty'.,Juice WRLD & SYKI,1Mind,SYKI,Shares the same instrumental as 'Someone New'.,Session Title: bitter w juice afterparty.flp,(people talk) Purple Love (1Mind),-,-,"First Previewed October 16, 2018.","Surfaced April 19, 2021.",3:18,Alternate Demo Track,320kbps (.mp3)
533,WOD,43,Blastoff (with Trippie Redd) [v1] Song was originally called 'Blast'.,Juice WRLD & Trippie Redd,Diplo,Igor Mamet,-,Trippie x JuiceWrld - BLAST,INST.02_01,"Paramount Encore Recording Studios, Burbank, Los Angeles, CA.","Recorded September 9, 2018.","First Previewed October 11, 2018.","Surfaced April 11, 2020. Trackouts Surfaced January 30, 2022.",2:52,Original Demo Track ( Complete ),Trackout Session & 128kbps (.mp3)
534,WOD,44,Blow Ya' Brains (v1) Blow Your Brains,Juice WRLD,Dre Moon,2Fly,"Song is unfinished, contains an open verse.",File Name: BLOW YA BRAINS V2 Session Title: BLOW YA BRAINS.ptx,,"Paramount Recording Studio, Santa Monica, Los Angeles, CA.","Recorded July 6-7, 2018.","First Previewed July 6-7, 2018.","Surfaced October 17, 2022.",2:41,Alternate Demo Track ( Open Verse ),Original File 320kbps (.mp3)
535,WOD,45,Blues (v1.1),Juice WRLD,TM88,Max Lord,"Song is unfinished, hook only.",juice wrld - blues v1.1 (CAPS LOCK 8 TM88),Instrumental: CAPS LOCK 8 TM88 Loop: snake game nokia 80bpm,"Paramount Recording Studio, Santa Monica, Los Angeles, CA.","Recorded June 12-13, 2018.",-,"Surfaced May 18, 2020.",3:00,Alternate Demo Track ( Hook Only ),Original File 320kbps (.mp3)
536,WOD,46,Body Bag,Juice WRLD,"CVRE, Frank Dukes & Wheezy",Florian Ongonga & Seth Firkins,-,File Name: Juice - BODY BAG - Prod. Wheezy Session Title (1): Juice Wheezy 1.ptx Session Title (2): Juice - BODY BAG - Prod. Wheezy.ptx,CVRE FDXW,"5Star Production Studio, Atlantic Station, Atlanta, GA.","Recorded August 26, 2018.","First Previewed August 26, 2018.","Surfaced June 20, 2020. Session Surfaced April 29, 2022.",1:29,Throwaway Track,Studio Session & Original Files .L/.R 1152kbps (.wav) 320kbps (.mp3)
537,WOD,47,Boomerang (with Lil Yachty) [v1.4],Juice WRLD,TrePounds,Max Lord,-,juice wrld - boomerang LIL BOAT v1.4,,"Paramount Recording Studio, Santa Monica, Los Angeles, CA.","Recorded June 8, 2018.",-,"Surfaced July 24, 2019.",3:11,Alternate Demo Track,Original File 320kbps (.mp3)
538,WOD,48,Both Ways (v1) Song was originally called 'Aye'.,Juice WRLD,Nick Mira & Pharaoh Vice,Cole Kruggel,-,File Name: Aye_7_3_18 Session Title: 7_3_18.ptx,Instrumental: NM x PV - Returned 156BPM Loop: reach - 155 Loop Kit: Pharaoh Vice - Deathwish Beat Pack: NM_Juice_June17,"Classick Recording Studio, Humboldt Park, Chicago, IL.","Recorded July 4, 2018.","First Previewed July 4, 2018.","Surfaced July 2, 2023. Session Surfaced November 15, 2023.",3:19,Throwaway Track,Studio Session & Original File 320kbps (.mp3)
539,WOD,49,Busch Song is titled after the instrumental.,Juice WRLD,Nick Mira,Cole Kruggel,-,File Name: Busch_8_13_18 Session Title: Busch.ptx,Instrumental: NM - Busch 150BPM Loop: NM - Spacecraft 155 Beat Pack: NM_Juice_June17,"Classick Recording Studio, Humboldt Park, Chicago, IL.","Recorded August 13, 2018.","First Previewed August 14, 2018.","Surfaced June 17, 2019. Session Surfaced January 29, 2023.",2:01,Throwaway Track,Studio Session & Original File 320kbps (.mp3)
540,WOD,50,"Bussin'* Song is titled '170 LRA2', after the instrumental.",Juice WRLD,London On Da Track & Rex Kudo,"Maher Woo-Shear, Max Lord & Rex Kudo",Shares the same instrumental as The Kid LAROI's 'Like You'.,Juice WRLD - 170 LRA2,170 LRA2,"Metropolis Recording Studio, Chiswick, London, England.","Recorded September 21-22, 2018.",-,"Surfaced June 1, 2020.",2:04,Throwaway Track,Original File 320kbps (.mp3)
541,WOD,51,Bustin' Savages,Juice WRLD,Wheezy,Eric Manco,"Song is unfinished, contains an open verse.",Bustin o juice_02,,"5Star Production Studio, Atlantic Station, Atlanta, GA.","Recorded August 24, 2018.","First Previewed September 9, 2018.","Surfaced February 19, 2021.",1:42,Throwaway Track,Original File 2117kbps (.wav)
542,WOD,52,Bye Bye Baby (with Young Thug),Juice WRLD & Young Thug,"Adam Young, Aviator Keyz & Matthew Thiessen",Shaan Singh,Samples Owl City's 'Fireflies'.,BYE BYE BABY - FT JUICE WORLD - SHAANRUFF,,"Premier Recording Studio, Midtown West, New York City, NY.","Recorded October 1, 2018.",-,"Surfaced September 23, 2022.",4:02,Feature Track,Original File 320kbps (.mp3)
543,WOD,53,Can't Die (v1.2) I Can't Die Song was originally called 'Time Stops'.,Juice WRLD,DY Krazy & Morgan O'Connor,Max Lord,-,File Name: juice wrld - time stops v1.2 (dymorgan) Session Title: dymorgan juice v1.2 time stops.ptx Folder Title: dymorgan juice,Instrumental: dymorgan Loop: holding on,"Chalice Recording Studio, West Hollywood, Los Angeles, CA.","Recorded June 19, 2018.","First Previewed April 1, 2019.","Surfaced August 18, 2019. Session Surfaced February 16, 2023.",3:02,Alternate Demo Track,Studio Session & Original File 320kbps (.mp3)
544,WOD,54,Can't Let Go Special,Juice WRLD,Frank Dukes & Wheezy,Florian Ongonga & Seth Firkins,-,File Name: Juice - CANT LET GO Prod. Wheezy_01 Session Title (1): wheezy4 08 25 18.ptx Session Title (2): Juice - CANT LET GO Prod. Wheezy.ptx,producto frank dukes wheezy,"5Star Production Studio, Atlantic Station, Atlanta, GA.","Recorded August 25, 2018. Files Exported August 26, 2018.",-,"Surfaced November 13, 2020. Session Surfaced March 2, 2022.",3:23,Original Solo Demo Track,Studio Session & Original Files .L/.R 1152kbps (.wav) 320kbps (.mp3)
545,WOD,55,Cash Up* Can't Keep Up,Juice WRLD,Richie Souf,Unknown,"Song is unfinished, contains an open verse.",,,-,"Recorded July [ ? ], 2018.",-,"Surfaced January 17, 2022.",3:05,Throwaway Track ( Open Verse ),320kbps (.mp3)
546,WOD,56,Catch Up (with Lil Yachty) Osama,Juice WRLD & Lil Yachty,JakeGoesDigital,Thomas Mann,-,LIL BOAT X JUICE_CATCH UP,,"Paramount Recording Studio, Santa Monica, Los Angeles, CA.","Recorded June 11, 2018.","First Previewed June 11, 2018.","Surfaced February 4, 2020.",3:23,Throwaway Track,Original File 320kbps (.mp3)
547,WOD,57,Choice On The Regular Song is titled after the instrumental.,Juice WRLD,Nick Mira & ShortBusMusic,Chris Paxton,Shares the same instrumental as 'Cheat Code' & 'Fenty'.,Choice,Instrumental: NM - Choice 130BPM Loop: Acoustic Guitar With Delay In Dm-C-B Beat Pack: Nick Mira - March 18,"Nexus Audio Recording Studio, East Peralta, Oakland, CA.","Recorded September 17, 2018.","First Previewed August 10, 2021.","Surfaced September 23, 2022.",5:08,Throwaway Track,Original File 320kbps (.mp3)
548,WOD,58,Choppa Hell Girl,Juice WRLD,Kid Wond3r,Oz On The Track,-,File Name: Choppa (rough) Session Title: aug 31 song 3.ptx,juicewrldkid141,"ATS Records Recording Studio, West Loop, Chicago, IL.","Recorded September 1, 2018.",-,"Surfaced March 7, 2021. Session Surfaced January 23, 2022.",3:51,Throwaway Track,Studio Session & Original File 320kbps (.mp3)
549,WOD,59,Come To Me (v2.1) Work Out,Juice WRLD,Purps On The Beat,Max Lord,-,juice wrld - come to me v2.1 (barlet),barlet,"Twin Recording Studio, 16e Arrondissement, Paris, France.","Recorded September 19, 2018.",-,"Surfaced January 18, 2020.",4:23,Alternate Demo Track,Original File 320kbps (.mp3)
550,WOD,60,Common Sense,Juice WRLD,PD Beats,Eric Manco,"Samples Michiru Ōshima's 'The Glow of Rim Elm's Sunset' a song from 'Legend of Legaia'. Song is unfinished, contains an open verse.",common sense o juice_01,PDNIGHTREQUIEM,"5Star Production Studio, Atlantic Station, Atlanta, GA.","Recorded August 23, 2018.",-,"Surfaced March 2, 2021.",3:07,Throwaway Track ( Open Verse ),Original File 2117kbps (.wav)
551,WOD,61,Confused (with Lil Yachty),Juice WRLD & Lil Yachty,JRHITMAKER & Nick Mira,Thomas Mann,"Song is unfinished, contains an open verse.",BOAT X JUICE_CONFUSED,Instrumental: NM x JR - Flashy 151BPM Loop: Paris 157 BPM Loop Kit: JRHITMAKER - Intoxicated Beat Pack: NM - Juice 5.28,"Paramount Recording Studio, Santa Monica, Los Angeles, CA.","Recorded June 12, 2018.","First Previewed December 8, 2019.","Surfaced January 17, 2020.",3:23,Throwaway Track ( Open Verse ),Original File 320kbps (.mp3)
552,WOD,62,Cooking Orders Gun In The Bag,Juice WRLD,TrellGotWings,Eric Manco,"Song is unfinished, contains an open verse.",cooking orders. o juice_01,,"5Star Production Studio, Atlantic Station, Atlanta, GA.","Recorded August 23, 2018.","First Previewed September 9, 2018.","Surfaced March 3, 2021.",3:01,Throwaway Track ( Open Verse ),Original File 2117kbps (.wav)
553,WOD,63,Couple M's Chicago To L.A.,Juice WRLD,"DY Krazy, Steven Lean & TM88",Florian Ongonga & Seth Firkins,-,File Name: Juice - COUPLE M's - Prod. DY6 Session Title (1): Juice DY6 08 17 18.ptx Session Title (2): Juice - COUPLE M's - Prod. DY6.ptx,DYOVERDRIVE99tmlean,"5Star Production Studio, Atlantic Station, Atlanta, GA.","Recorded August 28, 2018.",-,"Surfaced March 1, 2021. Session Surfaced March 6, 2022.",1:53,Throwaway Track,Studio Session & Original Files .L/.R 1152kbps (.wav) 320kbps (.mp3)
554,WOD,64,Dangerous* (with G Herbo) Song is untitled.,Juice WRLD & G Herbo,Pi'erre Bourne,Thomas Cullison,-,File Name: FOUR Session Title: FOUR.ptx,,"Chalice Recording Studio, West Hollywood, Los Angeles, CA.","Recorded August 9-10, 2018.","First Previewed August 9-10, 2018.","Surfaced September 23, 2022.",1:40,Throwaway Track,Original File 192kbps (.mp3)
555,WOD,65,Deep In,Juice WRLD,Kid Wond3r,Oz On The Track,-,File Name: deep in (rough) Session Title: sep 2 song 4.ptx,266 kidwond3r,"ATS Records Recording Studio, West Loop, Chicago, IL.","Recorded September 3, 2018.",-,"Surfaced March 11, 2021. Session Surfaced June 20, 2022.",3:21,Throwaway Track,Studio Session & Original File 320kbps (.mp3)
556,WOD,66,Demons And Angels (with A Boogie Wit' Da Hoodie) [feat. Lil Skies] Song was originally called 'Dangerous'.,Juice WRLD & A Boogie Wit' Da Hoodie,Richie Souf,AJRuinedMyRecord & Unknown,"Official edit made by AJRuinedMyRecord , reusing Juice WRLD & A Boogie Wit' Da Hoodie's vocal outtakes from 'Follow'. Shares the same instrumental as 'Follow'.",Skies + Juice + A Boogie _Dangerous_ Mix 1,Instrumental: rs_1709_011118_4 Open Verse File: _Dangerous OPEN _ A boogie x Juice WRLD x 08.09.18,"Juice & Boogie's Vocals Penthouse Recording Studio, Times Square, New York City, NY.","Juice & Boogie's Vocals July 17, 2018. Lil Skies' Vocals August 21, 2018.","First Previewed September 28, 2018.","Surfaced June 3, 2022.",4:11,Official Edit Demo Feature Track ( Complete ),Original File 109kbps (.m4a)
557,WOD,67,Demons And Angels (with A Boogie Wit' Da Hoodie) [v1] Song was originally called 'Dangerous'.,Juice WRLD & A Boogie Wit' Da Hoodie,Richie Souf,AJRuinedMyRecord & Unknown,"Official edit made by AJRuinedMyRecord , reusing Juice WRLD & A Boogie Wit' Da Hoodie's vocal outtakes from 'Follow'. Open verse version of the song which was sent to Lil Skies. Shares the same instrumental as 'Follow'.",_Dangerous OPEN _ A boogie x Juice WRLD x 08.09.18,rs_1709_011118_4,"Penthouse Recording Studio, Times Square, New York City, NY.","Juice & Boogie's Vocals July 17, 2018. File Exported August 9, 2018.","First Previewed September 9, 2018.","Surfaced May 1, 2023.",4:48,Official Original Edit Demo Track ( Open Verse ),Original File 320kbps (.mp3)
558,WOD,68,Different Story,Juice WRLD,ATL Jacob,Florian Ongonga & Seth Firkins,Vocals from this track were used for 'Different'.,File Name (1): Juice - DIFFERENT STORY - Prod. AtlJacob2 File Name (2): Juice - DIFFERENT STORY - Prod. AtlJacob2_01 Session Title (1): Juice - AtlJacob2 08 28 18.ptx Session Title (2): Juice - DIFFERENT STORY - Prod. AtlJacob2.ptx,FBG 1246 [ATLJACOB],"5Star Production Studio, Atlantic Station, Atlanta, GA.","Recorded August 28, 2018.",-,"Surfaced March 2, 2021. Session Surfaced April 29, 2022.",1:53,Original Solo Demo Track,Studio Session & Original Files .L/.R 1152kbps (.wav) 320kbps (.mp3)
559,WOD,69,Diors (v1) Song was originally untitled.,Juice WRLD,Richie Souf,Matthew Harvey,Shares the same instrumental as 'Rebel*'.,File Name: JuiceWRLD 021218 Session Title: JuiceWRLD.ptx,rs_1757_021218_2,"The Warehouse Recording Studio, Gastown, Vancouver, British Columbia, Canada.","Recorded June 9, 2018.",-,"Surfaced August 27, 2022. Session Surfaced December 16, 2023.",3:23,Original Demo Track ( Open Verse ),Studio Session & Original File 320kbps (.mp3)
560,WOD,70,Dolce* All Of Me Song is untitled.,Juice WRLD,Frank Dukes,BJ Mekk & Matthew Jacobson,-,File Name: song 2 FD _r1_5.27.18 Session Title: Song 2.ptx Folder Title: Song 2 FD,frano loop 1_03,"Paramount Recording Studio, Santa Monica, Los Angeles, CA.","Recorded May 27-28, 2018.",-,"Surfaced July 16, 2018. Session Surfaced September 30, 2022.",6:02,Throwaway Track ( Open Verse ),Studio Session & Original File 320kbps (.mp3)
561,WOD,71,Don't Go (v1),Juice WRLD,Nick Mira,Cole Kruggel,Shares the same instrumental as DC The Don's 'Window Love' & 'Widow'.,File Name: Dont Go_8_13_18 Session Title: 8_13.ptx,Instrumental: NM - Widow 150BPM Beat Pack: NM_Juice_June17,"Classick Recording Studio, Humboldt Park, Chicago, IL.","Recorded August 13, 2018.",-,"Surfaced June 17, 2019. Session Surfaced January 5, 2023.",2:12,Original Demo Track,Studio Session & Original Files .L/.R 1152kbps (.wav) 320kbps (.mp3)
562,WOD,72,Don't Go (v2),Juice WRLD,Nick Mira,Cole Kruggel & Unknown,Shares the same instrumental as DC The Don's 'Window Love' & 'Widow'.,Dont Go Mix 1,Instrumental: NM - Widow 150BPM Beat Pack: NM_Juice_June17,"Classick Recording Studio, Humboldt Park, Chicago, IL.","Recorded August 13, 2018.",-,"Surfaced October 21, 2022.",2:12,Alternate Demo Track,Original File 320kbps (.mp3)
563,WOD,73,Don't Go There I'm Not Scared,Juice WRLD,CashMoneyAp & VinnyX,Cecil Remmler & Marek Pompetzki,-,File Name: Don't go there Session Title (1): 95.ptx Session Title (2): Don't go there.ptx,95 ( Prod. CashMoneyAp x Vinnyx ) 170BPM,"Kung Fu Recording Studios, Kreuzberg, Berlin, Germany.","Recorded June 30, 2018.",-,"Surfaced May 23, 2024. Session Surfaced May 29, 2024.",3:23,Throwaway Track,Studio Session & Original File 320kbps (.mp3)
564,WOD,74,Doom (v1.1),Juice WRLD,Mason David Levy & Take A Daytrip,Max Lord,Shares the same sample as K.A.A.N.'s 'N.G.D'.,juice wrld - doom v1.1 (blue cheese),Instrumental: Take A Daytrip - Blue Cheese [inst demo 2] Loop: MdL SNO Guitar Loop - 86 BPM - C Major,"Chalice Recording Studio, West Hollywood, Los Angeles, CA.","Recorded June 20, 2018.","First Teased June 24, 2018.","Surfaced August 27, 2019.",3:32,Alternate Demo Track,Original File 320kbps (.mp3)
565,WOD,75,Far Away Different Dimension,Juice WRLD,Earl Hood & Eric Goudy,2Fly,"Song is unfinished, contains an open verse.",File Name: FAR AWAY Session Title: FAR AWAY.ptx,,"Paramount Recording Studio, Santa Monica, Los Angeles, CA.","Recorded July 8-9, 2018.","First Previewed March 3, 2020.","Surfaced September 27, 2022.",2:42,Throwaway Track ( Open Verse ),Original File 320kbps (.mp3)
566,WOD,76,Fast ( v1 ) Last Call,Juice WRLD,"Andrew Watt, Frank Dukes & Louis Bell","Andrew Watt, Louis Bell & Paul LaMalfa","Song is unfinished, contains an open verse.",Fast No 2nd Verse (7.24.18) (Version 1),,"Gold Tooth Music Recording Studio, Beverly Hills, Los Angeles, CA.","Recorded July 24, 2018.",-,-,3:13,Original Demo Track ( Open Verse ),Original File 320kbps (.mp3)
567,WOD,77,Fast ( v2 ) Last Call,Juice WRLD,"Andrew Watt, Frank Dukes & Louis Bell","Andrew Watt, Louis Bell & Paul LaMalfa",-,Juice WRLD - Fast (7.26.18) (Version 1),Open Verse File: Fast No 2nd Verse (7.24.18) (Version 1),"Gold Tooth Music Recording Studio, Beverly Hills, Los Angeles, CA.","Intro, Hook & First Verse July 24, 2018. Second Verse & Outro July 26, 2018.",-,"Surfaced October 17, 2022.",3:31,Alternate Demo Track,Original File 320kbps (.mp3)
568,WOD,78,Fast ( v3 ) Last Call,Juice WRLD,"Andrew Watt, Frank Dukes & Louis Bell","Andrew Watt, Louis Bell & Paul LaMalfa",-,Last Call 07.26,,"Gold Tooth Music Recording Studio, Beverly Hills, Los Angeles, CA.","Intro, Hook & First Verse July 24, 2018. Second Verse & Outro July 26, 2018.",-,"Surfaced January 4, 2023.",3:14,Alternate Demo Track,Original File 320kbps (.mp3)
569,WOD,79,Feel Like A God,Juice WRLD,CuBeatz & Wheezy,Florian Ongonga & Seth Firkins,-,File Name: Juice - FEEL LIKE A GOD - Prod. Wheezy_01 Session Title (1): Wheezy Juice 2.ptx Session Title (2): Juice - FEEL LIKE A GOD - Prod. Wheezy.ptx,BOMBACLAT BOMBARD WHZ CU,"5Star Production Studio, Atlantic Station, Atlanta, GA.","Recorded August 26, 2018. Files Exported August 27, 2018.",-,"Surfaced February 22, 2021. Session Surfaced December 27, 2021.",2:45,Throwaway Track,Studio Session & Original Files .L/.R 1152kbps (.wav) 320kbps (.mp3)
570,WOD,80,Fine China ( v1 ),Juice WRLD,"Psymun, SinGrinch & Wheezy",Eric Manco,"Song is unfinished, contains an open verse.",Fine China o Juice_02,,"5Star Production Studio, Atlantic Station, Atlanta, GA.","Recorded August 24, 2018.","First Previewed August 24, 2018.","Surfaced April 9, 2021.",1:55,Original Solo Demo Track,Original File 2117kbps (.wav)
571,WOD,81,Fine China (with Future) [ v1 ],Juice WRLD & Future,"Psymun, SinGrinch & Wheezy",Eric Manco & Unknown,Song originally began as a solo Juice WRLD track.,Fina China- V1,,"5Star Production Studio, Atlantic Station, Atlanta, GA.","Juice's Vocals August 24, 2018. Future's Vocals August 24-25, 2018 .L/.R Files Exported October 11, 2020.",-,"Surfaced June 2, 2025.",2:25,Original Demo Track ( Complete ),Original Files .L/.R 1152kbps (.wav)
572,WOD,82,Fine China (with Future) [ v7 ],Juice WRLD & Future,"Psymun, SinGrinch & Wheezy","Alex Tumay, Eric Manco & Unknown",Song originally began as a solo Juice WRLD track.,Future x JuiceWrld - Fine China - Mix_06,,"5Star Production Studio, Atlantic Station, Atlanta, GA.","Juice's Vocals August 24, 2018. Future's Vocals August 24-25, 2018. File Exported October 9, 2018.",-,"Surfaced July 15, 2023.",2:22,Alternate Demo Track ( Complete ),Original File 2304kbps (.wav)
573,WOD,83,Fine China (with Future) [ v8 ],Juice WRLD & Future,"Psymun, SinGrinch & Wheezy","Alex Tumay, Eric Manco & Unknown",Song originally began as a solo Juice WRLD track.,Future x JuiceWrld - Fine China - Mix_07,,"5Star Production Studio, Atlantic Station, Atlanta, GA.","Juice's Vocals August 24, 2018. Future's Vocals August 24-25, 2018. File Exported October 9, 2018.",-,"Surfaced July 15, 2023.",2:22,Alternate Demo Track ( Complete ),Original File 2304kbps (.wav)
574,WOD,84,Finessin' Don't Touch My Raf,Juice WRLD,Nick Mira,Don Hulio,Shares the same instrumental as Young Thug's 'On My Wrist'.,File Name: Finessin Session Title: Distances.ptx,Instrumental: NM - Distances 147BPM Loop: NM - Distances 150BPM Loop Kit: Nick Mira - Phantom Beat Pack: NM - Juice 5.28,"Classick Recording Studio, Humboldt Park, Chicago, IL.","Recorded June 1, 2018.","First Previewed June 1, 2018.","Surfaced February 14, 2023. Session Surfaced June 28, 2023.",2:05,Throwaway Track,Studio Session & Original Files .L/.R 1058kbps (.wav) 320kbps (.mp3)
575,WOD,85,First Time* Song is untitled.,Juice WRLD,Fly Anakin & Frank Dukes,BJ Mekk & Matthew Jacobson,-,File Name: song 5 FD _r1_5.27.18 Session Title: Song 5.ptx Folder Title: Song 5 FD,ALASKA ( FRANK WALTON ) 1,"Paramount Recording Studio, Santa Monica, Los Angeles, CA.","Recorded May 28, 2018.",-,"Surfaced July 16, 2018. Session Surfaced October 18, 2022.",3:26,Throwaway Track,Studio Session & Original Files 2822kbps (.wav) 320kbps (.mp3)
576,WOD,86,Flossin' (v1.1) Zero Toleration,Juice WRLD,Larry Herb & Max Lord,Max Lord,"Song is unfinished, contains an open verse.",juice wrld - flossin v1.1 (margate 129),margate129 x larry herb 1,"Metropolis Recording Studio, Chiswick, London, England.","Recorded September 23, 2018.","First Previewed September 23, 2018.","Surfaced January 3, 2020.",3:48,Alternate Demo Track ( Open Verse ),Original Files 2117kbps (.wav) 320kbps (.mp3)
577,WOD,87,Follow (with A Boogie Wit' Da Hoodie),Juice WRLD & A Boogie Wit' Da Hoodie,Richie Souf,AJRuinedMyRecord,Shares the same instrumental as 'Demons And Angels'.,File Name: Follow (JuiceWRLD x A Boogie) Session Title (1): JuiceWRLD 07.17.2018 - Session01.ptx Session Title (2): JuiceWRLD 07.17.2018 - Follow ft. A Boogie.ptx,rs_1709_011118_4,"Penthouse Recording Studio, Times Square, New York City, NY.","Recorded July 17, 2018.",-,"Surfaced November 1, 2022. Session Surfaced November 2, 2022.",3:20,Throwaway Track,Studio Session & Original Files 2117kbps (.wav) 320kbps (.mp3)
578,WOD,88,For The Weekend (with G Herbo) [v1.2] Facetious,Juice WRLD & G Herbo,Don Cannon & Tay Keith,Max Lord,-,File Name: JUICE WRLD - for the weekend HERBO v1.2 (cream) Session Title: cream juice tay keith v1.2.ptx Folder Title: cream juice tay keith,Don Cannon x Tay Keith - Cream 160BPM,"Serenity West Recording Studio, Hollywood, Los Angeles, CA.","Recorded August 8, 2018.","First Teased August 12, 2018.","Surfaced January 17, 2020.",3:05,Alternate Demo Track,Original File 320kbps (.mp3)
579,WOD,89,For Your Life (On The Daily) [with Future] Finessin' Hoes,Juice WRLD & Future,Wheezy,Eric Manco,-,For Your Life (on the daily) w Juice_01-01,,"5Star Production Studio, Atlantic Station, Atlanta, GA.","Recorded August 1-14, 2018. File Exported August 14, 2018.","First Previewed August 14, 2018.","Surfaced February 14, 2021.",3:00,Throwaway Track,Original File 2117kbps (.wav)
580,WOD,90,Friends Die (v1),Juice WRLD,Chris Barnett,Chris Barnett,-,File Name: Juice Wrld - Friends Die prod by Cbmix Session Title (1): cb 1.ptx Session Title (2): Juice Wrld - Friends Die.ptx,Instrumental (1): mm_2 Instrumental (2): Juice Wrld - Friends Die (instrumental) prod by Cbmix,"Premier Recording Studio, Midtown West, New York City, NY.","Recorded August 21, 2018.","First Previewed September 21, 2018. First Teased September 13, 2018.","Surfaced January 17, 2020. Session Surfaced August 11, 2023.",3:24,Original Demo Track,Studio Session & Original Files 1411kbps (.wav) 320kbps (.mp3)
581,WOD,91,Friends Die (v2),Juice WRLD,Chris Barnett,Chris Barnett,"Song is unfinished, hook only.",File Name: Juice Wrld - Friends Die (just hook) prod by Cbmix Session Title (1): cb 1.ptx Session Title (2): Juice Wrld - Friends Die.ptx,Instrumental (1): mm_2 Instrumental (2): Juice Wrld - Friends Die (instrumental) prod by Cbmix,"Premier Recording Studio, Midtown West, New York City, NY.","Recorded August 21, 2018. File Exported October 15, 2019.",-,"Surfaced June 17, 2024. Session Surfaced August 11, 2023.",3:24,Alternate Demo Track ( Hook Only ),Studio Session & Original File 320kbps (.mp3)
582,WOD,92,From The Bottom (v1.3),Juice WRLD,Dre Moon,Max Lord,-,juice wrld - from the bottom v1.3 (1477),1477(140),"Paramount Recording Studio, Santa Monica, Los Angeles, CA.","Recorded June 17-18, 2018.",-,"Surfaced July 19, 2019.",3:39,Alternate Demo Track,Original File 320kbps (.mp3)
583,WOD,93,Fuck What You Sayin' (with Lil Yachty) Super Saiyan,Juice WRLD & Lil Yachty,Eskay,Blake Harden,-,FUCK WHAT YOU SAYIN_Juice Wrld_YACHTY,,"Blue Room West Recording Studio, West Hollywood, Los Angeles, CA.","Recorded September 10, 2018.","First Previewed September 10, 2018.","Surfaced August 12, 2022.",3:56,Throwaway Track,Original File 320kbps (.mp3)
584,WOD,94,Fuck You Mean? (with Trippie Redd) F.U.M. | F.Y.M. | Fuck U Mean?,Juice WRLD & Trippie Redd,Nick Mira,Alex Layne,-,FUM,Instrumental: NM - Mindful 140BPM Beat Pack: NM_Juice August 4.18,"Record Plant Recording Studio, West Hollywood, Los Angeles, CA.","Recorded August 9, 2018.","First Previewed August 9, 2018.","Surfaced January 3, 2021. Session Surfaced November 24, 2022.",3:12,Throwaway Track,Studio Session & Original File 320kbps (.mp3)
585,WOD,95,Gave Her All Of Me* Song is untitled.,Juice WRLD,Frank Dukes,BJ Mekk & Matthew Jacobson,-,File Name: Song 3 FD _r1_5.27.18 Session Title: Song 3.ptx Folder Title: Song 3 FD,EMO BEAT NEW 144,"Paramount Recording Studio, Santa Monica, Los Angeles, CA.","Recorded May 28, 2018.",-,"Surfaced July 24, 2018. Session Surfaced September 30, 2022.",3:20,Throwaway Track,Studio Session & Original Files 2822kbps (.wav) 320kbps (.mp3)
586,WOD,96,Gentleman (v1.1) Blue Shit,Juice WRLD,Richie Souf,Max Lord,-,juice wrld - gentleman v1.1 (rs 1773 030618),rs_1773_030618,"Manhattan Beach Recording Studio, Midtown Manhattan, New York City, NY.","Recorded June 16, 2018.",-,"Surfaced January 4, 2020.",3:16,Alternate Demo Track,Original File 320kbps (.mp3)
587,WOD,97,Get Geeked (feat. Juice WRLD) [v1.1] Get Geekd',Ski Mask The Slump God,"Binnz, G Koop & WondaGurl",LGfive & Max Lord,Song originally began as a solo Ski Mask The Slump God track.,File Name: get geeked ski juice ruff v1.1 Session Title: skimask x WG get geeked juice v1.1.ptx Folder Title: skimask x WG get geeked juice,Open Verse File: Skimask x WG - Get Geeked (rough) [LGMIX],"Juice's Vocals Paramount Recording Studio, Santa Monica, Los Angeles, CA.","Juice's Vocals June 11, 2018.",-,"Surfaced November 18, 2022. Session Surfaced February 22, 2023.",2:30,Alternate Feature Demo Track,Studio Session & Original File 320kbps (.mp3)
588,WOD,98,Glo'd Up (v1.3) Glowed Up | Through Emotions,Juice WRLD,Russell Chell & Take A Daytrip,Max Lord,"Song is unfinished, hook only.",juice wrld - Glo'd up v1.3 (broccoli),Take A Daytrip x Russ Chell - Broccoli [inst demo 1],"Manhattan Beach Recording Studio, Midtown Manhattan, New York City, NY.","Recorded June 16, 2018.",-,"Surfaced April 6, 2020.",4:59,Alternate Demo Track ( Hook Only ),Original File 320kbps (.mp3)
589,WOD,99,Glo'd Up (v1.5) Glowed Up | Through Emotions,Juice WRLD,Russell Chell & Take A Daytrip,Max Lord,"Song is unfinished, hook only.",juice wrld - Glo'd up v1.5 (broccoli) nudged,Take A Daytrip x Russ Chell - Broccoli [inst demo 1],"Manhattan Beach Recording Studio, Midtown Manhattan, New York City, NY.","Recorded June 16, 2018.","First Previewed November 14, 2018.","Surfaced April 6, 2020.",4:59,Alternate Demo Track ( Hook Only ),Original File 320kbps (.mp3)
590,WOD,100,Good Days,Juice WRLD,Nick Mira & Roy Major,BJ Mekk,"Song is unfinished, contains an open verse.",File Name: Juice Wrld - Good Days Session Title: Juice Wrld - Good Days.ptx,Instrumental: NM x RM - Sadboy 150BPM Loop: Sadboy150bpm Beat Pack: NM - Juice 5.16,"Paramount Ameraycan Recording Studio, North Hollywood, Los Angeles, CA.","Recorded May 25-26, 2018.","First Teased June 6, 2018.","Surfaced July 15, 2018. Session Surfaced September 21, 2020.",3:25,Throwaway Track ( Open Verse ),Studio Session & Original Files 3072kbps (.wav) 320kbps (.mp3)
591,WOD,101,Got My Mask On (feat. Lil Durk) [v1] Stick Up,Juice WRLD,Chopsquad DJ & Dre Moon,2Fly & Park Hill,Song originally began as a solo Juice WRLD track.,Juiceworld x Lil Durk - Unnamed-1,,"Paramount Recording Studio, Santa Monica, Los Angeles, CA.","Recorded July 7-8, 2018.","First Previewed July 7-8, 2018.","Surfaced September 2, 2022.",4:03,Original Demo Track,Original File 320kbps (.mp3)
592,WOD,102,Got My Mask On (feat. Lil Durk) [v2] Stick Up,Juice WRLD,Chopsquad DJ & Dre Moon,2Fly & Park Hill,Song originally began as a solo Juice WRLD track.,GOT MY MASK OFF,,"Paramount Recording Studio, Santa Monica, Los Angeles, CA.","Recorded July 7-8, 2018.",-,"Surfaced August 26, 2022.",3:35,Alternate Demo Track,Original File 320kbps (.mp3)
593,WOD,103,Got Nothing On Me (v1),Juice WRLD,Nick Mira,BJ Mekk,-,File Name: Juice Wrld - Got Nothing On Me Session Title: Juice Wrld - Got Nothing On Me.ptx,Instrumental: NM - Triples 158BPM Loop: NM - Bonjour 150BPM Loop Kit: Nick Mira - Durango Beat Pack: NM - Juice 5.16,"Paramount Ameraycan Recording Studio, North Hollywood, Los Angeles, CA.","Recorded May 23, 2018. File Exported May 25, 2018.","First Previewed June 1, 2018.","Surfaced July 15, 2018. Session Surfaced December 10, 2020.",3:51,Original Demo Track,Studio Session & Original Files 3072kbps (.wav) 320kbps (.mp3)
594,WOD,104,Grateful (v1.1),Juice WRLD,London On Da Track & Rex Kudo,Max Lord,"Song is unfinished, contains an open verse.",juice wrld - grateful v1.1 less delay (LR 126.9921 rex),LR 126.9921 rex,"Metropolis Recording Studio, Chiswick, London, England.","Recorded September 22, 2018.",-,"Surfaced July 28, 2019.",4:16,Alternate Demo Track ( Open Verse ),Original File 320kbps (.mp3)
595,WOD,105,Grateful (v1),Juice WRLD,London On Da Track & Rex Kudo,Max Lord,"Song is unfinished, contains an open verse.",juice wrld - grateful v1.0 (LR 126.9921 rex),LR 126.9921 rex,"Metropolis Recording Studio, Chiswick, London, England.","Recorded September 22, 2018.","First Previewed September 22, 2018.","Surfaced January 3, 2024.",4:16,Original Demo Track ( Open Verse ),Original File 320kbps (.mp3)
596,WOD,106,Grateful ( v2 ),Juice WRLD,London On Da Track & Rex Kudo,Max Lord & Rex Kudo,-,grateful juicelondn,,"Metropolis Recording Studio, Chiswick, London, England.","Recorded September 22, 2018. File Exported October 18, 2018.","First Previewed October 18, 2018.","Surfaced February 5, 2020.",1:46,Alternate Demo Track,Original File 219kbps (.mp3)
597,WOD,107,GTA (feat. Gunna) Grand Theft Auto,Juice WRLD,"Dez Wright, Gezin & TM88",Madison Blackheart & Turbo,-,File Name: GUNNA x JUICE GTA TURBO REF 1 Folder Title: GUNNA- GTA ... WRLD 08.08.18,JUUL MANGO 6 GZ x TM88 153 BPM,"Juice's Vocals Paramount Recording Studio, Santa Monica, Los Angeles, CA. Gunna's Vocals 5Star Production Studio, Atlantic Station, Atlanta, GA.","Juice's Vocals June 6, 2018. Gunna's Vocals August 8, 2018.","First Previewed January 18, 2023.","Surfaced January 29, 2023.",3:10,Feature Track,Original File 320kbps (.mp3)
598,WOD,108,GTA (v1.4) Grand Theft Auto,Juice WRLD,"Dez Wright, Gezin & TM88",Max Lord,"Song is unfinished, contains an open verse.",File Name: Juice WRLD - GTA v 1.4 JUUL MANGO 5 TM GZ Session Title: JUUL MANGO 5 TM GZ juice v1.4.ptx Folder Title: JUUL MANGO 5 TM GZ juice,JUUL MANGO 6 GZ x TM88 153 BPM,"Paramount Recording Studio, Santa Monica, Los Angeles, CA.","Recorded June 6, 2018.","First Previewed July 31, 2018.","Surfaced May 23, 2019.",3:09,Alternate Solo Demo Track ( Open Verse ),Original File 320kbps (.mp3)
599,WOD,109,Gun You Down Two Percs,Juice WRLD,Wheezy,Eric Manco,"Song is unfinished, contains an open verse.",Gun you Down o Juice 01,,"5Star Production Studio, Atlantic Station, Atlanta, GA.","Recorded August 24, 2018.","First Previewed September 9, 2018.","Surfaced February 10, 2021.",1:25,Throwaway Track,Original File 2117kbps (.wav)
600,WOD,110,Ha-Ha (v1) Too High,Juice WRLD,Eric Fresh,2Fly,-,File Name: HA HA Session Title: HA HA .ptx,Eric Fresh Juice 166,"Paramount Recording Studio, Santa Monica, Los Angeles, CA.","Recorded July 9, 2018.",-,"Surfaced September 28, 2022. Session Surfaced June 25, 2025.",2:19,Original Demo Track,Studio Session & Original File 320kbps (.mp3)
601,WOD,111,Had To (v1.1) Stabbed You,Juice WRLD,Gezin,Max Lord,"Song is unfinished, contains an open verse.",Juice wrld - had to v1.1 (NS10studio 5 GZ),NS10studio 5,"Twin Recording Studio , 16e Arrondissement , Paris , France .","Recorded September 19, 2018.","First Previewed September 21, 2018. First Teased December 15 2018.","Surfaced November 16, 2019.",3:26,Alternate Demo Track ( Open Verse ),Original Files 2117kbps (.wav) 320kbps (.mp3)
602,WOD,112,Hard Work Pays Off (with Future) [ v1 ] Song was originally called 'Hard Work'.,Juice WRLD & Future,"Andrew Watt, Happy Perez & Louis Bell",Eric Manco,-,hard work w juice_02,,"Chalice Recording Studio, West Hollywood, Los Angeles, CA.","Recorded July 23-24, 2018.","First Previewed July 24, 2018. First Teased July 24, 2018.","Surfaced September 7, 2021.",3:44,Original Demo Track,Original File 320kbps (.mp3)
603,WOD,113,Haunted By Real Life (v1) Close My Eyes | Money Purified,Juice WRLD,CashMoneyAp & King LeeBoy,Cecil Remmler & Marek Pompetzki,-,File Name: Haunted by Real Life Session Title (1): closet.ptx Session Title (2): Haunted by Real Life.ptx,Closet ( Prod. CashMoneyAp x KingLeeBoy ) 128BPM,"Kung Fu Recording Studios, Kreuzberg, Berlin, Germany.","Recorded June 30, 2018.",-,"Surfaced May 29, 2024. Session Surfaced May 29, 2024.",4:02,Original Demo Track,Studio Session & Original File 320kbps (.mp3)
604,WOD,114,Hectic Dyslexic,Juice WRLD,CuBeatz & Wheezy,Florian Ongonga & Seth Firkins,-,File Name (1): Juice - HECTIC Prod. Wheezy File Name (2): Hectic Prod. Wheezy_01 Session Title (1): Wheezy3 08 25 18.ptx Session Title (2): Juice - HECTIC - Prod. Wheezy.ptx,TRENCHES CUXW,"5Star Production Studio, Atlantic Station, Atlanta, GA.","Recorded August 25, 2018. Files Exported August 26, 2018.",-,"Surfaced March 1, 2021. Session Surfaced March 3, 2022.",2:12,Throwaway Track,Studio Session & Original Files .L/.R 1152kbps (.wav) 320kbps (.mp3)
605,WOD,115,Help Me (v1.4) Move On,Juice WRLD,Purps On The Beat,Max Lord,-,juice wrld - help me v1.4 (emailed),emailed,"Metropolis Recording Studio, Chiswick, London, England.","Recorded September 21, 2018.",-,"Surfaced April 4, 2020. Session Surfaced January 26, 2026.",3:27,Alternate Demo Track,Studio Session & Original File 320kbps (.mp3)
606,WOD,116,Henny (feat. Rahrii & Unhkl Flex) Hennessy,Juice WRLD,Joey88,Juice WRLD & Marcus Gibson,Song originally began as a solo Juice WRLD track.,,LET LOOSE BPM140.430,"Unhkl Flex's Home Recording Studio, Matteson, Chicago, IL.","Juice's Vocals January 6, 2018. Unhkl's Vocals October 11, 2018.",-,-,3:25,Feature Track ( Complete ),256kbps (.mp3)
607,WOD,117,Henny (feat. Unhkl Flex) Hennessy,Juice WRLD,Joey88,Juice WRLD & Marcus Gibson,"Song is unfinished, contains an open verse. Song originally began as a solo Juice WRLD track.",Session Title: henny.ptx,LET LOOSE BPM140.430,"Unhkl Flex's Home Recording Studio, Matteson, Chicago, IL.","Juice's Vocals January 6, 2018. Unhkl's Vocals October 11, 2018.",-,"Surfaced September 20, 2023. Session Surfaced September 20, 2023.",3:25,Feature Track ( Open Verse ),Studio Session & Pro Tools Export
608,WOD,118,Her Friend,Juice WRLD,ATL Jacob,Florian Ongonga & Seth Firkins,-,File Name: Juice - HER FRIEND - Prod. AtlJacob5 Session Title (1): Juice - AtlJacob5 08 28 18.ptx Session Title (2): Juice - HER FRIEND - Prod. AtlJacob5.ptx,FBG 1099 [ATLJACOB],"5Star Production Studio, Atlantic Station, Atlanta, GA.","Recorded August 29, 2018.",-,"Surfaced February 23, 2021. Session Surfaced April 11, 2022.",1:50,Throwaway Track,Studio Session & Original Files .L/.R 1152kbps (.wav) 320kbps (.mp3)
609,WOD,119,Hey Mister (feat. Juice WRLD) [v1],Ski Mask The Slump God,DJ Scheme & Henry Daher,Max Lord,Song originally began as a solo Ski Mask The Slump God track.,SKI HD SCHEME juice wrld v1.0 LIM,Loop: 420 V2 Melodic Loop 150 Starter Reverse Keys Dm,"Juice's Vocals Metropolis Recording Studio, Chiswick, London, England.","Juice's Vocals September 23, 2018.","First Previewed September 23, 2018. First Teased October 2, 2018.","Surfaced December 30, 2019.",3:01,Original Feature Demo Track,Original Files 2117kbps (.wav) 320kbps (.mp3)
610,WOD,120,Hide (feat. Kodak Black),Juice WRLD,Neil Blanco & PD Beats,Justin Craig & Montez Roberts,"Song is unfinished, contains an open verse.",Hide_Kodak x Juice Wrld_bnc_v1,PDDIPPPPP,"Juice's Vocals Glass Tree Creative Recording Studio, Downtown, Chicago, IL. Kodak's Vocals MilkBoy Recording Studio, Franklin Square, Philadelphia, PA.","Juice's Vocals April 3, 2018. File Exported October 12, 2018.",-,"Surfaced March 2, 2020.",4:29,Feature Track ( Open Verse ),Original Files 3072kbps (.wav) 320kbps (.mp3)
611,WOD,121,High Again Withdrawals,Juice WRLD,Donn Robb & HBSamples,Oz On The Track,-,File Name: High Again (rough) Session Title: song 3 sep 2.ptx,Instrumental: SEPTEMBER 2 100-BPM Loop: HBS Fender Guitar Chords I A-sharp 100BPM,"ATS Records Recording Studio, West Loop, Chicago, IL.","Recorded September 2-3, 2018.",-,"Surfaced February 22, 2021. Session Surfaced July 28, 2022.",2:23,Throwaway Track,Studio Session & Original File 320kbps (.mp3)
612,WOD,122,Hit A Lick,Juice WRLD,CuBeatz & TM88,Max Lord,"Song is unfinished, contains an open verse.",Juice WRLD - hit a lick v1.0 (CAPS LOCK 5 TM),Instrumental: CAPS LOCK 5 TM88 Loop: call it magic 86bpm,"Paramount Recording Studio, Santa Monica, Los Angeles, CA.","Recorded June 11, 2018.","First Previewed June 11, 2018.","Surfaced January 21, 2019.",3:00,Throwaway Track ( Open Verse ),Original File 320kbps (.mp3)
613,WOD,123,Homicide,Juice WRLD,Wheezy,Eric Manco,"Song is unfinished, contains an open verse.",homocide O juice_01,,"5Star Production Studio, Atlantic Station, Atlanta, GA.","Recorded August 24, 2018.",-,"Surfaced February 25, 2021.",2:21,Throwaway Track ( Open Verse ),Original File 320kbps (.mp3)
614,WOD,124,Honest (feat. Dripface Hottie & Unhkl Flex) Song was originally called 'Process'.,Juice WRLD,Joey88,Juice WRLD & Marcus Gibson,Song originally began as a solo Juice WRLD track.,Honest,OUT OF MY WAY BPM126,"Unhkl Flex's Home Recording Studio, Matteson, Chicago, IL.","Juice's Vocals January 4, 2018.",-,"Surfaced August 7, 2024.",3:33,Feature Track,Original File 320kbps (.mp3)
615,WOD,125,How I Feel Matte Black,Juice WRLD,TrellGotWings,2Fly,"Song is unfinished, contains an open verse.",File Name: HOW I FEEL Session Title: HOW I FEEL.ptx,,"Blue Room West Recording Studio, West Hollywood, Los Angeles, CA.","Recorded September [ ? ], 2018.","First Previewed September 21, 2018.","Surfaced September 25, 2022.",2:37,Throwaway Track ( Open Verse ),Original File 320kbps (.mp3)
616,WOD,126,I Feel Rich Today Woke Up Rich,Juice WRLD,Nick Mira,Mikey Main,"Shares the same instrumental as 'Whistles'. Song is unfinished, hook only.",File Name: JuiceWrld - I Feel Rich Today Session Title: NM Whistles .ptf,Instrumental: NM - Whistles 163BPM Loop: Nick Mira - Chimes 135BPM Loop Kit: Nick Mira - Nosedive Beat Pack: NM_Juice_June17,"Deaf Dog Recording Studio, Motor Row District, Chicago, IL.","Recorded July 3, 2018.","First Previewed July 3, 2018.","Surfaced March 3, 2022. Session Surfaced July 15, 2025.",3:08,Throwaway Track ( Hook Only ),Studio Session & Original File 128kbps (.mp3)
617,WOD,127,I Want It (v1.1) Water,Juice WRLD,"1Mind, Dre Moon & Tyler Turner",Max Lord,-,File Name: JUICE WRLD - i want it V1.1 (1534 dre moon) Session Title: 1534 juice dre moon V1.1 i want it.ptx Folder Title: 1534 juice dre moon,1534(80),"Serenity West Recording Studio, Hollywood, Los Angeles, CA.","Recorded August 8, 2018.","First Teased August 12, 2018.","Surfaced February 1, 2020. Session Surfaced January 30, 2023.",3:36,Alternate Solo Demo Track,Studio Session & Original Files 3072kbps (.wav) 320kbps (.mp3)
618,WOD,128,I Wonder (v1) Demons In My Mind,Juice WRLD,"Andrew Watt, Diablo, Diplo & Unknown",Blake Harden,"Song is unfinished, contains an open verse. Within the project file's metadata it mentions that Lil Yachty was meant to be the featured artist over the open verse.",File Name: I WONDER_DIPLO_DIABLO_JUICE Session Title: DIPLO_DIABLO_JUICE_YACHTY.ptx,diplo pump watt bassline,"Blue Room West Recording Studio, West Hollywood, Los Angeles, CA.","Recorded September 10, 2018.","First Previewed September 11, 2018.","Surfaced July 21, 2022. Session Surfaced May 14, 2023.",3:03,Original Demo Track ( Open Verse ),Studio Session & Original File 320kbps (.mp3)
619,WOD,129,I.D.G.A.F. (feat. Juice WRLD) [v1] I Don't Give A Fuck | My Laptop ( Blood Leaking ),Lil Peep,"Dylan Cooper, IIVI & Smokeasac","BJ Mekk, Lil Peep & Unknown",Song originally began as a solo Lil Peep track.,File Name: Lil Peep Feat Juice Wrld (Prod.Smokeasac) - IDGF (Rough) Session Title: Lil Peep Feat Juice Wrld - IDGAF.ptx,Instrumental: smokeasac peep fuk it on onefebuary 22 Open Verse File: 9. IDGAF (open 2nd vs for ft.) L1,"Juice's Vocals Paramount Ameraycan Recording Studio, North Hollywood, Los Angeles, CA.","Peep's Vocals February 23, 2017. Juice's Vocals May 26, 2018.",-,"Surfaced January 31, 2023. Session Surfaced November 7, 2020.",3:38,Original Feature Demo Track,Studio Session & Original Files 3072kbps (.wav) 320kbps (.mp3)
620,WOD,130,If I Vibe,Juice WRLD,Oz On The Track,Oz On The Track,-,File Name: 00 JUICE WRLD-If I (rough) Session Title: OCT 8 SONG 1.ptx,10.8 Beat2 140,"ATS Records Recording Studio, West Loop, Chicago, IL.","Recorded October 9, 2018. Acapella File Exported January 17, 2019.","First Previewed April 3, 2022.","Surfaced November 13, 2022. Session Surfaced January 25, 2026.",3:12,Throwaway Track,Studio Session & Original Files 320kbps (.mp3)
621,WOD,131,Ignorant (v1.4) Bigger And Better | Killing My Vibe Song was originally untitled.,Juice WRLD,Rex Kudo,"Max Lord, Maher Woo-Shear & Rex Kudo","Song is unfinished, contains an open verse. Samples Mickey Roze's vocals.",File Name: ACAPELLA with Mickey JUICE v1.4 Session Title: MICKEY ACAPELLA RECOV juice wrld mia v1.4.ptx Folder: Roadtrip,,"Metropolis Recording Studio, Chiswick, London, England.","Mickey's Vocals September 10, 2018. Juice's Vocals September 21, 2018. Files Exported September 22, 2018.","First Previewed September 23, 2018.","Surfaced November 5, 2021. Session Surfaced December 10, 2025.",4:53,Alternate Demo Track ( Open Verse ),Studio Session & Original Files 2117kbps (.wav) 320kbps (.mp3)
622,WOD,132,Ignorant ( v2 ) Bigger And Better | Killing My Vibe Song was originally untitled.,Juice WRLD,Rex Kudo,"Max Lord, Maher Woo-Shear & Rex Kudo",Samples Mickey Roze's vocals.,Juice WRLD - Ignorant,,"Metropolis Recording Studio, Chiswick, London, England.","Mickey's Vocals September 10, 2018. Juice's Vocals September 21, 2018. File Exported September 24, 2018.",-,"Surfaced October 20, 2019.",2:05,Alternate Demo Track ( Complete ),Original Files 2117kbps (.wav) 192kbps (.mp3)
623,WOD,133,In My Arms Bad News,Juice WRLD,Kid Wond3r,Oz On The Track,"Song is unfinished, contains an open verse.",File Name: In My arm (rough) Session Title: aug 31 song 4.ptx,KID 171,"ATS Records Recording Studio, West Loop, Chicago, IL.","Recorded September 1, 2018.","First Previewed October 23, 2018. First Teased September 7, 2018.","Surfaced November 10, 2020. Session Surfaced April 11, 2022.",4:10,Throwaway Track ( Open Verse ),Studio Session & Original File 320kbps (.mp3)
624,WOD,134,In The Mix,Juice WRLD,Nick Mira,Cole Kruggel,-,File Name: In The Mix_7_3_18 Session Title: 7_3_18 C.ptx,Instrumental: NM - Sacked 151BPM Loop: nm_joyroad_160 Loop Kit: Nick Mira - Frenzy Beat Pack: NM_Juice_June17,"Classick Recording Studio, Humboldt Park, Chicago, IL.","Recorded July 4, 2018.",-,"Surfaced February 19, 2025. Session Surfaced March 23, 2025.",3:26,Throwaway Track,Studio Session & Original Files .L/.R 1152kbps (.wav) 320kbps (.mp3)
625,WOD,135,Inspire Me (v1) Irony,Juice WRLD,CakeBoy Bally,James Kang,"Song is unfinished, contains an open verse.",File Name: INSPIRE ME Session Title: SONG1.ptx,1emo,"Blue Room West Recording Studio, West Hollywood, Los Angeles, CA.","Recorded September 10, 2018.","First Previewed January 10, 2019.","Surfaced June 12, 2023. Session Surfaced June 23, 2023.",3:03,Original Demo Track ( Open Verse ),Studio Session & Original File 320kbps (.mp3)
626,WOD,136,It Ain't So,Juice WRLD,"CVRE, Frank Dukes & Wheezy",Florian Ongonga & Seth Firkins,Shares the same instrumental as Gunna's 'Choppa Pillow'.,File Name: Juice - IT AINT SO - Prod. Wheezy Session Title (1): WHEEZY6 08 25 18.ptx Session Title (2): Juice - IT AINT SO - Prod. Wheezy.ptx,CVRE LIL WESLYN 161 FDXW,"5Star Production Studio, Atlantic Station, Atlanta, GA.","Recorded August 26, 2018.","First Teased September 13, 2018.","Surfaced February 19, 2021. Session Surfaced January 27, 2022.",2:46,Throwaway Track,Studio Session & Original Files .L/.R 1152kbps (.wav) 320kbps (.mp3)
627,WOD,137,It Won't Hurt,Juice WRLD,Wheezy,Eric Manco,"Song is unfinished, hook only.",it wont hurt O juice- open verses_01,,"5Star Production Studio, Atlantic Station, Atlanta, GA.","Recorded August 24, 2018.",-,"Surfaced February 23, 2021.",2:58,Throwaway Track ( Hook Only ),Original File 320kbps (.mp3)
628,WOD,138,Jet Lag (with Future) [feat. Young Scooter] { v2 },Juice WRLD & Future,Andrew Watt & Louis Bell,Eric Manco & Unknown,Song originally began as a solo Juice WRLD track.,Jetlag - 101118 alt voc-1dB 24bit,,"Juice's Vocals Chalice Recording Studio, West Hollywood, Los Angeles, CA.","Juice's Vocals July 23-24, 2018. File Exported October 11, 2018.",-,"Surfaced May 11, 2024.",4:34,Alternate Feature Demo Track,Original File 2117kbps (.wav)
629,WOD,139,Jet Lag (with Future) [ v1 ],Juice WRLD & Future,Andrew Watt & Louis Bell,Eric Manco,Song originally began as a solo Juice WRLD track.,Jet lag w juice.04_01,,"Juice's Vocals Chalice Recording Studio, West Hollywood, Los Angeles, CA.","Juice's Vocals July 23-24, 2018. File Exported August 10, 2018.",-,"Surfaced April 4, 2021.",3:21,Original Demo Track,Original File 2822kbps (.wav)
630,WOD,140,King Kong* Kiki,Juice WRLD,Richie Souf,Unknown,-,,rs_1741_020318,-,"Recorded July [ ? ], 2018.","First Previewed July 31, 2018.","Surfaced April 7, 2021.",2:50,Throwaway Track,320kbps (.mp3)
631,WOD,141,Knuck If You Buck (with Lil Yachty),Juice WRLD & Lil Yachty,Eskay,Blake Harden,-,File Name: NUCK IF YOU BUCK_Juice Wrld_YACHTY Session Title: Juice Wrld_Song 1.ptx,duckk (1),"Blue Room West Recording Studio, West Hollywood, Los Angeles, CA.","Recorded September 10, 2018.","First Previewed September 10, 2018.","Surfaced March 19, 2020. Session Surfaced June 8, 2024.",2:37,Throwaway Track,Studio Session & Original File 320kbps (.mp3)
632,WOD,142,Later On,Juice WRLD,CakeBoy Bally,2Fly,"Song is unfinished, contains an open verse.",File Name: LATER ON (NOT FINISHED) Session Title: LATER ON.ptx,,"Blue Room West Recording Studio, West Hollywood, Los Angeles, CA.","Recorded September [ ? ], 2018.",-,"Surfaced September 25, 2022.",2:36,Throwaway Track ( Open Verse ),Original File 320kbps (.mp3)
633,WOD,143,Lead Overseas,Juice WRLD,CuBeatz & TM88,Devin Nakao,-,File Name: Juice Wrld - Lead 092918 Session Title (1): juice 092818 2.ptx Session Title (2): Lead 092818.ptx,APE11 LBS CUBEATS,"Cherry Beach Recording Studio, Lower Don Lands, Toronto, ON.","Recorded September 28-29, 2018.","First Previewed September 29, 2018.","Surfaced October 5, 2022. Session Surfaced March 19, 2023.",2:09,Throwaway Track,Studio Session & Original File 320kbps (.mp3)
634,WOD,144,Lean With It Horrible,Juice WRLD,TM88,Max Lord,"Song is unfinished, contains an open verse.",juice wrld - lean with it v1.0,,"Paramount Recording Studio, Santa Monica, Los Angeles, CA.","Recorded June 12-13, 2018.","First Previewed August 14, 2018.","Surfaced August 16, 2019.",2:43,Throwaway Track ( Open Verse ),Original File 320kbps (.mp3)
635,WOD,145,Lemon Glow Song is titled after the sample.,Juice WRLD,The Chainsmokers,The Chainsmokers,Samples Beach House's 'Lemon Glow'. Shares a very similar instrumental with Che's 'BA$$'.,lemon glow,lemon glow,"Blue Room West Recording Studio, West Hollywood, Los Angeles, CA.","Recorded September 11, 2018.",-,"Surfaced October 22, 2023.",2:19,Throwaway Track,128kbps (.mp3)
636,WOD,146,Let 'Em Have It Habit,Juice WRLD,Take A Daytrip,2Fly,"Song is unfinished, contains an open verse.",File Name: LET EM HAVE IT Session Title: LET EM HAVE IT.ptx,Take A Daytrip - Jumping [inst demo 1],"Paramount Recording Studio, Santa Monica, Los Angeles, CA.","Recorded July [ ? ], 2018.","First Previewed March 23, 2022.","Surfaced October 17, 2022.",2:59,Throwaway Track ( Open Verse ),Original File 320kbps (.mp3)
637,WOD,147,Life's A Movie,Juice WRLD,CakeBoy Bally,2Fly,"Song is unfinished, contains an open verse.",File Name: LIFES A MOVIE Session Title: LIFES A MOVIE.ptx,,"Blue Room West Recording Studio, West Hollywood, Los Angeles, CA.","Recorded September [ ? ], 2018.",-,"Surfaced September 25, 2022.",3:19,Throwaway Track ( Open Verse ),Original File 320kbps (.mp3)
638,WOD,148,Lightyears Internet | Sky High Song is titled after the instrumental.,Juice WRLD,Minor2Go & Nick Mira,GeeFlow,"Shares the same instrumental as Bernard Jabs' 'Makes Sense'. Song is unfinished, contains an open verse.",File Name: Lightyears (Open Verse) 8.4.18 Session Title: Lightyears 8.4.18.ptx,Instrumental: NM - Lightyears 180BPM Loop: Another Word For Sadness 1 Beat Pack: NM_Juice August 4.18,"Premier Recording Studio, Midtown West, New York City, NY.","Recorded August 5, 2018.",-,"Surfaced October 9, 2022. Session Surfaced July 2, 2023.",2:50,Original Solo Demo Track ( Open Verse ),Studio Session & Original File 320kbps (.mp3)
639,WOD,149,Lightyears (feat. Young Thug) [v1] Internet | Sky High Song is titled after the instrumental.,Juice WRLD,Minor2Go & Nick Mira,Bainz & GeeFlow,Shares the same instrumental as Bernard Jabs' 'Makes Sense'. Song originally began as a solo Juice WRLD track.,Thug x JuiceWrld - Lightyears - Bainzruff,Instrumental: NM - Lightyears 180BPM Open Verse File: Lightyears (Open Verse) 8.4.18 Loop: Another Word For Sadness 1 Beat Pack: NM_Juice August 4.18,"Juice's Vocals Premier Recording Studio, Midtown West, New York City, NY. Thug's Vocals Crosby Recording Studio, Burbank, Los Angeles, CA.","Juice's Vocals August 5, 2018.","First Previewed October 23, 2018.","Surfaced January 14, 2023.",3:11,Original Feature Demo Track ( Complete ),Original File 320kbps (.mp3)
640,WOD,150,Like A Riff Take A Trip,Juice WRLD,Chris Barnett,Justin Craig,"Song is unfinished, contains an open verse.",File Name: Like A Riff (ROUGH) Session Title: cb rockstart beat.ptx,IM ROCKSTAR instrumental,"Glass Tree Creative Recording Studio, Downtown, Chicago, IL.","Recorded July 2, 2018.","First Previewed July 2, 2018.","Surfaced August 14, 2023. Session Surfaced August 16, 2023.",4:03,Throwaway Track ( Open Verse ),Studio Session & Original File 320kbps (.mp3)
641,WOD,151,Lit (v1.4) Sticks | Ya' Dig,Juice WRLD,Dorien Theus & Nick Mira,Max Lord,-,File Name: juice wrld -NM theory LIT v1.4 Folder Title: NM theory,Instrumental: NM x DT - Theory 168BPM Loop Stems: rattle 160bpm Loop Kit: DT - Marble Beat Pack: nm_juice 9.19,"NightBird Recording Studio, West Hollywood, Los Angeles, CA.","Recorded October 15, 2018.","First Previewed October 15, 2018.","Surfaced October 7, 2021.",3:02,Alternate Demo Track,Original Files 2117kbps (.wav) 320kbps (.mp3)
642,WOD,152,Livin' Life (with Lil Yachty),Juice WRLD & Lil Yachty,Dre Moon,Thomas Mann,-,BOAT X JUICE_LIVIN LIFE,,"Paramount Recording Studio, Santa Monica, Los Angeles, CA.","Recorded June 12, 2018.","First Previewed July 13, 2023.","Surfaced August 7, 2023.",2:25,Throwaway Track,Original File 320kbps (.mp3)
643,WOD,153,Lobster Pizza Song is titled after the instrumental.,Juice WRLD,The Chainsmokers,The Chainsmokers,Interpolates Gucci Mane's 'Wasted'.,lobster pizza,lobster pizza,"Blue Room West Recording Studio, West Hollywood, Los Angeles, CA.","Recorded September 11, 2018.",-,"Surfaced October 22, 2023.",1:57,Throwaway Track,128kbps (.mp3)
644,WOD,154,Lonely* Other Side,Juice WRLD,Richie Souf,Unknown,-,,,-,"Recorded July [ ? ], 2018.","First Previewed January 31, 2024.","Surfaced January 26, 2026.",2:23,Throwaway Track,320kbps (.mp3)
645,WOD,155,Love You Always (v1),Juice WRLD,Nick Mira,BJ Mekk,"Song is unfinished, contains an open verse.",File Name: Juice Wrld - Love you always Session Title: Juice Wrld - Love You Always.ptx,Instrumental: NM - Burrow 140BPM Beat Pack: NM - Juice 5.16,"Paramount Ameraycan Recording Studio, North Hollywood, Los Angeles, CA.","Recorded May 23, 2018.",-,"Surfaced July 15, 2018. Session Surfaced December 10, 2020.",4:20,Original Demo Track ( Open Verse ),Studio Session & Original Files 3072kbps (.wav) 320kbps (.mp3)
646,WOD,156,Lovely (Remix) [feat. Juice WRLD & Khalid],Billie Eilish,Finneas O'Connell,Finneas O'Connell & Unknown,Song originally began as a solo Billie Eilish track.,,Open Verse File: Lovely (Juice WRLD edit) option 1,-,"Juice's Vocals July [ ? ], 2018.","First Previewed January 31, 2024.","Surfaced November 14, 2024.",3:13,Feature & Remix Track ( Complete ),320kbps (.mp3)
647,WOD,157,Luigi Twins Song is titled after the instrumental.,Juice WRLD,Nick Mira,Cole Kruggel,-,File Name: Luigi_8_13_18 Session Title: Luigi.ptx,Instrumental: NM - Luigi 160BPM Beat Pack: NM_Juice_June17,"Classick Recording Studio, Humboldt Park, Chicago, IL.","Recorded August 13, 2018.","First Previewed September 9, 2018.","Surfaced June 14, 2019. Session Surfaced May 14, 2023.",3:15,Throwaway Track,Studio Session & Original Files .L/.R 1152kbps (.wav) 320kbps (.mp3)
648,WOD,158,Make It Back (v1),Juice WRLD,Frank Dukes & Wheezy,Florian Ongonga & Seth Firkins,-,File Name (1): Juice - MAKE IT BACK -Prod. Wheezy File Name (2): Juice - MAKE IT BACK -Prod. Wheezy_01 Session Title (1): Wheezy2 08 25 18.ptx Session Title (2): Juice - MAKE IT BACK -Prod. Wheezy.ptx,VOX PLAY FDXW,"5Star Production Studio, Atlantic Station, Atlanta, GA.","Recorded August 25, 2018.",-,"Surfaced April 9, 2021. Session Surfaced December 24, 2021.",3:08,Original Demo Track,Studio Session & Original Files .L/.R 1152kbps (.wav) 320kbps (.mp3)
649,WOD,159,Man Down (with G Herbo) [v1.1] Do-Re-Mi,Juice WRLD & G Herbo,Don Cannon & Tay Keith,Max Lord,-,File Name: JUICE WRLD - man down HERBO v1.1 (symera) Session Title: symera juice tay keith v1.1.ptx Folder Title: symera juice tay keith,Don Cannon x Tay Keith - Symera 162BPM,"Serenity West Recording Studio, Hollywood, Los Angeles, CA.","Recorded August 8, 2018.","First Previewed October 8, 2019.","Surfaced December 27, 2019.",2:59,Alternate Demo Track,Original File 320kbps (.mp3)
650,WOD,160,Matt Hardy 999 (with Trippie Redd) [v1] Song was originally called '1400 / 999 Freestyle (Pt. 2)'.,Juice WRLD & Trippie Redd,Dez Wright & OZ,Igor Mamet,Originally a sequel track to '1400 / 999 Freestyle'.,1400_999 Freestyle Pt. 2 Ft. JuiceWrld,,"Paramount Encore Recording Studios, Burbank, Los Angeles, CA.","Recorded September 9, 2018.","First Previewed September 9, 2018.","Surfaced January 23, 2020.",4:10,Original Demo Track ( Complete ),Original File 320kbps (.mp3)
651,WOD,161,Me (feat. Unhkl Flex) Song was originally called 'Never Lied'.,Juice WRLD,Joey88,Juice WRLD & Marcus Gibson,Song originally began as a solo Juice WRLD track.,File Name: me_ rough Session Title: never lied.ptx Folder Title: Me,TALK IS CHEAP BPM128.410,"Unhkl Flex's Home Recording Studio, Matteson, Chicago, IL.","Juice's Vocals January 6-7, 2018. Unhkl's Vocals October 12, 2018.","First Previewed October 12, 2018.","Surfaced September 11, 2023. Session Surfaced December 5, 2023.",3:45,Feature Track,Studio Session & Original File 320kbps (.mp3)
652,WOD,162,Mental Overload,Juice WRLD,Earl Hood & Eric Goudy,Florian Ongonga & Seth Firkins,-,File Name: Juice - MENTAL OVERLOAD - Prod. Earl&E1 Session Title (1): Juice - AtlJacob6 08 28 18.ptx Session Title (2): Juice - MENTAL OVERLOAD - Prod. Earl&E1.ptx,CARIBBEAN 142bpm JUICE,"5Star Production Studio, Atlantic Station, Atlanta, GA.","Recorded August 29, 2018.",-,"Surfaced February 28, 2021. Session Surfaced May 3, 2022.",2:01,Throwaway Track,Studio Session & Original Files .L/.R 1152kbps (.wav) 320kbps (.mp3)
653,WOD,163,Miles & Miles Lover's Lane,Juice WRLD,Chris Barnett,Chris Barnett,-,File Name: Juice Wrld - Miles & Miles prod by Cbmix Session Title (1): cb 3.ptx Session Title (2): Juice Wrld - Miles & Miles.ptx,cb 05.19a,"Premier Recording Studio, Midtown West, New York City, NY.","Recorded August 22, 2018.",-,"Surfaced July 15, 2021. Session Surfaced August 30, 2023.",3:18,Throwaway Track,Studio Session & Original Files 1411kbps (.wav) 320kbps (.mp3)
654,WOD,164,Militia* Song is untitled.,Juice WRLD,Pi'erre Bourne,Thomas Cullison,-,File Name: ONE Session Title: ONE.ptx,,"Chalice Recording Studio, West Hollywood, Los Angeles, CA.","Recorded August 9-10, 2018.","First Previewed August 31, 2018.","Surfaced September 27, 2022.",2:46,Throwaway Track ( Open Verse ),Original File 192kbps (.mp3)
655,WOD,165,Minus (feat. Leven Kali) Song was originally untitled.,Juice WRLD,"Charlie Handsome, Leven Kali & Zack Sekoff",Jamil Chammas & Ricky Reed,Song originally began as a solo Juice WRLD track.,File Name: minus w bridge jw kali digi Session File: JUICE WRLD MINUS LOGIC.logicx Folder Title: July 11th (minus),February 21st 2018 (140.308),"The Palm Pad Recording Studio, Hollywood Hills, Los Angeles, CA.","Juice's Vocals March 7-8, 2018. File Exported July 10, 2018.",-,"Surfaced January 22, 2023. Session Surfaced February 26, 2025.",3:06,Feature Track,Studio Session & Original File 127kbps (.m4a)
656,WOD,166,Minus ( v2 ) Song was originally untitled.,Juice WRLD,Charlie Handsome & Zack Sekoff,Jamil Chammas & Ricky Reed,-,juice minus demo 140.3080,February 21st 2018 (140.308),"The Palm Pad Recording Studio, Hollywood Hills, Los Angeles, CA.","Recorded March 7-8, 2018.","First Previewed June 2, 2024.","Surfaced January 2, 2026.",2:44,Alternate Solo Demo Track,Original File 160kbps (.mp3)
657,WOD,167,Money (with Young Thug) Blue Cash,Juice WRLD & Young Thug,Charlie Heat,Alex Tumay,Shares the same instrumental as Asian Doll's demo version of 'Big Racks'.,Young Thug x JuiceWrld - Money x 5 .01_01,,"Tree Sound Recording Studio, Norcross, Atlanta, GA.","Recorded July 14, 2018.","First Previewed October 28, 2018.","Surfaced February 27, 2020.",3:18,Original Feature Demo Track ( Complete ),Original File 320kbps (.mp3)
658,WOD,168,Money Hunt (feat. Dripface Hottie) Double Dutch,Juice WRLD,Joey88,Marcus Gibson,Song originally began as a solo Juice WRLD track.,File Name: Money Hunt_1st Mix_1 Session Title: 5-27-17.ptx,Goggles115BPM,"Unhkl Flex's Home Recording Studio, Matteson, Chicago, IL.","Juice's Vocals May 27, 2017. Dripface's Vocals October 10-11, 2018.",-,"Surfaced August 31, 2023. Session Surfaced September 27, 2023.",3:37,Feature Track,Studio Session & Original File 320kbps (.mp3)
659,WOD,169,Money Long Cheech And Chong,Juice WRLD,Take A Daytrip,2Fly,-,File Name: MONEY LONG Session Title: MONEY LONG.ptx,,"Paramount Recording Studio, Santa Monica, Los Angeles, CA.","Recorded July [ ? ], 2018.",-,"Surfaced October 17, 2022.",2:44,Throwaway Track,Original File 320kbps (.mp3)
660,WOD,170,Money On The Way Globetrotter | Money,Juice WRLD,Andrew Watt & Louis Bell,Eric Manco & Louis Bell,"Song is unfinished, contains an open verse.",File Name (1): Money o Juice_01 File Name (2): Money On The Way (Super Rough 1),,"Chalice Recording Studio, West Hollywood, Los Angeles, CA.","Recorded July 23-24, 2018.","First Previewed July 24, 2018.","Surfaced February 11, 2021.",1:09,Throwaway Track,Original Files 320kbps (.mp3)
661,WOD,171,Money War* (with G Herbo) Song is untitled.,Juice WRLD & G Herbo,DJ Victoriouz & LiLMexicoBeatz,Mike Piacentini,-,File Name (1): Audio 1_01 File Name (2): G Herbo x Juice Wrld - (Rough Print 01) Session Title: Juice Tracking #1 - 07.19.18.ptx,44,"Dubway Recording Studio, NoHo, New York City, NY.","Recorded July 19, 2018.","First Previewed July 19, 2018.","Surfaced October 3, 2020. Session Surfaced October 4, 2022.",3:02,Throwaway Track,Studio Session & Original File 2117kbps (.wav) 320kbps (.mp3)
662,WOD,172,Morphine Song is titled after the instrumental.,Juice WRLD,DJ KHALED'S SON & Nick Mira,Cole Kruggel,"Song is unfinished, contains an open verse.",File Name: Morphine_8_13_18 Session Title: Morphine.ptx,Instrumental: NM - Morphine 144BPM Loop: Sad Trap Guitar Beat Pack: NM_Juice August 4.18,"Classick Recording Studio, Humboldt Park, Chicago, IL.","Recorded August 13, 2018.",-,"Surfaced July 25, 2019. Session Surfaced March 21, 2025.",3:34,Throwaway Track ( Open Verse ),Studio Session & Original Files .L/.R 1152kbps (.wav) 320kbps (.mp3)
663,WOD,173,Move The Bale (with Unhkl Flex) [v2] Song was originally called 'The Bale'.,Juice WRLD & Unhkl Flex,Joey88,Juice WRLD & Marcus Gibson,-,File Name: Move The Bell Rough Session Title: Move The Bell.ptx,the bell juice and alfred,"Unhkl Flex's Home Recording Studio, Matteson, Chicago, IL.","Juice's Vocals December 16, 2017. Unhkl's Vocals July 12, 2018.",-,"Surfaced January 25, 2026. Session Surfaced January 25, 2026.",2:33,Alternate Demo Track,Studio Session & Original File 320kbps (.mp3)
664,WOD,174,Move The Bale (with Unhkl Flex) [v3] Song was originally called 'The Bale'.,Juice WRLD & Unhkl Flex,Joey88,Juice WRLD & Marcus Gibson,"Originally released on SoundCloud as a single track, but was later removed for unknown reasons.",File Name: Move The Bell Rough_1 Session Title: Move The Bell.1.ptx Folder Title: Move The Bell,MOVE THE BELL FT. JUICEWRLD999,"Unhkl Flex's Home Recording Studio, Matteson, Chicago, IL.","Juice's Vocals December 16, 2017. Unhkl's Vocals September 26-27, 2018.",-,"Released October 3, 2018. Session Surfaced January 25, 2026.",2:45,Original Demo & Single Track,Studio Session & Original File 320kbps (.mp3)
665,WOD,175,My Bad (v1.3) Revenge In The Air,Juice WRLD,Nick Mira,Max Lord,-,juice wrld - my bad v1.3 (NM ricks),Instrumental: NM - Ricks 140BPM Beat Pack: nm_juice 9.19,"NightBird Recording Studio, West Hollywood, Los Angeles, CA.","Recorded October 14-15, 2018. File Exported October 15, 2018.","First Previewed October 15, 2018.","Surfaced October 21, 2021.",3:46,Alternate Demo Track,Original Files 2117kbps (.wav) 320kbps (.mp3)
666,WOD,176,My Name (v1),Juice WRLD,CakeBoy Bally,James Kang,"Song is unfinished, contains an open verse.",File Name: MY NAME Session Title: SONG3.ptx,,"Blue Room West Recording Studio, West Hollywood, Los Angeles, CA.","Recorded September 10-11, 2018.","First Previewed March 27, 2023.","Surfaced March 30, 2023.",2:40,Original Demo Track ( Open Verse ),Original File 320kbps (.mp3)
667,WOD,177,Never Cared (v2.1) Young God,Juice WRLD,"CuBeatz, Max Lord & Southside",Max Lord,Shares the same instrumental as 'Sad Thing'.,juice wrld - never cared v2.1(rebirth43cue),rebirth43cue,"Pen Station Recording Studio, Santa Monica, Los Angeles, CA.","Recorded June 17, 2018.","First Previewed June 26, 2018.","Surfaced August 11, 2019.",3:17,Alternate Demo Track,Original File 320kbps (.mp3)
668,WOD,178,Never Fold* Dolce Jeans Song is untitled.,Juice WRLD,Pi'erre Bourne,Thomas Cullison,-,File Name: THREE Session Title: THREE.ptx,,"Chalice Recording Studio, West Hollywood, Los Angeles, CA.","Recorded August 9-10, 2018.",-,"Surfaced October 10, 2022.",2:14,Throwaway Track,Original File 192kbps (.mp3)
669,WOD,179,Never Scared (feat. Juice WRLD) [v1],G Herbo,"CuBeatz, DY Krazy & Southside",Zillasuper,Song originally began as a solo G Herbo track.,Never Scared Ft Juice Wrld,,-,-,-,"Surfaced November 22, 2024.",3:20,Original Feature Demo Track,Original File 320kbps (.mp3)
670,WOD,180,Never Scared (feat. Juice WRLD) [v2],G Herbo,"CuBeatz, DY Krazy & Southside",Zillasuper,Song originally began as a solo G Herbo track.,Never Scared Edit,,-,-,-,"Surfaced February 27, 2026.",3:20,Alternate Feature Demo Track,Original File 320kbps (.mp3)
671,WOD,181,Newww Whip (v1) Snare Song was originally called 'Newww'.,Juice WRLD,CakeBoy Bally,2Fly,-,File Name: NEWWW Session Title: NEWWW.ptx,,"Blue Room West Recording Studio, West Hollywood, Los Angeles, CA.","Recorded September [ ? ], 2018.","First Previewed September 21, 2018. First Teased September 28, 2018.","Surfaced September 26, 2022.",2:18,Original Demo Track,Original File 320kbps (.mp3)
672,WOD,182,NO BYSTANDERS (feat. Juice WRLD & Sheck Wes) [ v2 ],Travis Scott,"Gezin, Mike Dean, TM88 & WondaGurl","Max Lord, Mike Dean & Unknown","Song originally began as a solo Juice WRLD track and was called 'Abyss'. However, after hearing it in the studio Travis Scott and Sheck Wes decided to create a whole new song on the beat reusing Juice WRLD's vocals. Samples Björk's 'Jóga'. DJ Paul Of Three 6 Mafia filed a $20 million lawsuit against Travis Scott in April 2019 over the 'Tear Da Club Up' interpolation, which was later settled in September 2019.",,,"Juice's Vocals Paramount Recording Studio, Santa Monica, Los Angeles, CA. Sheck & Travis' Vocals Travis' Rented Home Recording Studio, 'Āina Haina, Honolulu, HI.","Juice's Vocals June 14, 2018. Sheck & Travis' Vocals July 10, 2018.",-,"Surfaced February 7, 2020.",2:51,Alternate Feature Demo Track,128kbps (.mp3)
673,WOD,183,No Issue (with Future) [ v1 ] Song was originally called 'No Issue (Space Cadets)'.,Juice WRLD & Future,Wheezy,Eric Manco,Samples Rosie Lowe's 'Water Came Down'.,no issue (space cadets) w juice_06,,"5Star Production Studio, Atlantic Station, Atlanta, GA.","Recorded August [ ? ], 2018. File Exported August 12, 2018.",-,"Surfaced February 17, 2021.",3:01,Original Demo Track,Original File 2117kbps (.wav)
674,WOD,184,No Issue (with Future) [ v4 ] Song was originally called 'No Issue (Space Cadets)'.,Juice WRLD & Future,Wheezy,Eric Manco & Unknown,Samples Rosie Lowe's 'Water Came Down'.,no issue w juice- V3,,"5Star Production Studio, Atlantic Station, Atlanta, GA.","Recorded August [ ? ], 2018. .L/.R Files Exported October 18, 2020.","First Teased October 15, 2018.","Surfaced June 2, 2025.",11:39,Alternate Demo Track,Original Files .L/.R 1152kbps (.wav)
675,WOD,185,No Shame (v1) Drugs-R-Us Song is titled after the instrumental.,Juice WRLD,Rvssian,Hector Castro,-,NOSHAME_101518,rvssian NOSHAME 160,"Blue Room West Recording Studio, West Hollywood, Los Angeles, CA.","Recorded October 15-16, 2018. .L/.R Files Exported October 16, 2018.",-,"Surfaced June 15, 2019.",3:05,Original Demo Track,Original Files .L/.R 1058kbps (.wav) 320kbps (.mp3)
676,WOD,186,No Shame (v2) Drugs-R-Us Song is titled after the instrumental.,Juice WRLD,Rvssian,Hector Castro,-,NOSHAME_101519,rvssian NOSHAME 160,"Blue Room West Recording Studio, West Hollywood, Los Angeles, CA.","Recorded October 15-16, 2018.",-,"Surfaced November 24, 2024.",3:05,Alternate Demo Track,Original File 320kbps (.mp3)
677,WOD,187,Nobody (with Lil Yachty) [v1.3],Juice WRLD & Lil Yachty,Southside & TrePounds,Max Lord,-,juice wrld - nobody v1.3 LIL BOAT (touba10TP),touba10TP,"Paramount Recording Studio, Santa Monica, Los Angeles, CA.","Recorded June 8, 2018.","First Previewed June 8, 2018.","Surfaced September 2, 2019.",3:10,Alternate Demo Track,Original File 320kbps (.mp3)
678,WOD,188,Nobody (with Lil Yachty) [v1.6],Juice WRLD & Lil Yachty,Southside & TrePounds,Max Lord,-,juice wrld - nobody v1.6 LIL BOAT (touba10TP),touba10TP,"Paramount Recording Studio, Santa Monica, Los Angeles, CA.","Recorded June 8, 2018.",-,"Surfaced February 16, 2023.",3:10,Alternate Demo Track,Original File 320kbps (.mp3)
679,WOD,189,Not Right* Through The Night Song is untitled.,Juice WRLD,Pi'erre Bourne,Thomas Cullison,-,File Name: TWO Session Title: TWO.ptx,,"Chalice Recording Studio, West Hollywood, Los Angeles, CA.","Recorded August 9-10, 2018.","First Previewed October 17, 2022.","Surfaced October 17, 2022.",1:53,Throwaway Track,Original File 192kbps (.mp3)
680,WOD,190,Not That Easy Codependent,Juice WRLD,Andrew Watt & Happy Perez,Andrew Watt & Paul LaMalfa,-,File Name: Not That Easy 07.26 Session Title: 06 QSA.ptx,bass track ruff 2 75bpm,"Gold Tooth Music Recording Studio, Beverly Hills, Los Angeles, CA.","Recorded July 26, 2018.","First Previewed August [ ? ], 2018. First Teased August 2, 2018.","Surfaced January 18, 2020. Session Surfaced February 2, 2021.",3:20,Throwaway Track,Studio Session & Original File 2304kbps (.wav)
681,WOD,191,O.J. Glove,Juice WRLD,CuBeatz & DY Krazy,Florian Ongonga & Seth Firkins,-,File Name: Juice - OJ. GLOVE - Prod. DY Session Title (1): Juice DY 4.ptx Session Title (2): Juice - OJ. GLOVE - Prod. DY.ptx,DYNS105CU,"5Star Production Studio, Atlantic Station, Atlanta, GA.","Recorded August 27-28, 2018.","First Previewed January 22, 2020.","Surfaced October 16, 2020. Session Surfaced May 15, 2022.",2:28,Throwaway Track,Studio Session & Original Files .L/.R 1152kbps (.wav) 320kbps (.mp3)
682,WOD,192,"Oh Yeah, I Did (v1) Boondocks | Broke To Rich",Juice WRLD,Diego Ave & Mally Mall,2Fly,-,File Name: OH YEAH I DID Session Title: OH YEAH I DID.ptx,1 Juice Gtrs 148npm_01,"Paramount Recording Studio, Santa Monica, Los Angeles, CA.","Recorded July 9, 2018.","First Previewed October 15, 2018. First Teased August 24, 2018.","Surfaced September 1, 2022. Session Surfaced October 13, 2025.",1:43,Original Demo Track,Studio Session & Original File 320kbps (.mp3)
683,WOD,193,OKAY!! (v1),Juice WRLD,Dre Moon & Metro Boomin',2Fly,"Song is unfinished, contains an open verse. Shares the same instrumental as 'Red Guts'.",File Name: OKAY!! V2 Session Title: OKAY!!.ptx,RED GUTS 73 METRO MOON BPM 118,"Paramount Recording Studio, Santa Monica, Los Angeles, CA.","Recorded July 6-7, 2018.",-,"Surfaced October 21, 2022.",4:21,Alternate Demo Track ( Open Verse ),Original File 320kbps (.mp3)
684,WOD,194,OKAY!! (v2),Juice WRLD,Dre Moon & Metro Boomin',2Fly,"Song is unfinished, contains an open verse. Shares the same instrumental as 'Red Guts'.",File Name: OKAY!! Session Title: OKAY!!.ptx,RED GUTS 73 METRO MOON BPM 118,"Paramount Recording Studio, Santa Monica, Los Angeles, CA.","Recorded July 6-7, 2018.",-,"Surfaced January 17, 2022.",4:21,Original Demo Track ( Open Verse ),Original File 320kbps (.mp3)
685,WOD,195,On A Plane (feat. Juice WRLD),Gunna,The Playmakers & Turbo,Madison Blackheart & Turbo,-,File Name: GUNNA- ON A PLANE X JUICE WORLD (TURBO) Folder Title: GUNNA- ON A PLANE08.21.18,,"5Star Production Studio, Atlantic Station, Atlanta, GA.","Gunna's Vocals August 21, 2018. Juice's Vocals August 23, 2018.","First Previewed August 24, 2018.","Surfaced June 10, 2022.",2:35,Feature Track,Original File 320kbps (.mp3)
686,WOD,196,On My Mind,Juice WRLD,CakeBoy Bally,2Fly,-,File Name: ON MY MIND Session Title: ON MY MIND.ptx,,"Blue Room West Recording Studio, West Hollywood, Los Angeles, CA.","Recorded September [ ? ], 2018.","First Previewed September 26, 2018.","Surfaced September 25, 2022.",3:06,Throwaway Track,Original File 320kbps (.mp3)
687,WOD,197,On Tour (v1.3) You Don't Know Me,Juice WRLD,Andrew Watt & Happy Perez,"Andrew Watt, Louis Bell & Paul LaMalfa",-,Juice Watt HP On Tour ref 7.27 1.3 (new vox bpm up),,"Gold Tooth Music Recording Studio, Beverly Hills, Los Angeles, CA.","Recorded July 26, 2018. File Exported July 27, 2018.",-,"Surfaced October 17, 2022.",3:32,Alternate Demo Track,Original File 320kbps (.mp3)
688,WOD,198,On Tour ( v2 ) You Don't Know Me,Juice WRLD,Andrew Watt & Happy Perez,"Andrew Watt, Louis Bell & Paul LaMalfa",-,On Tour 07.28,,"Gold Tooth Music Recording Studio, Beverly Hills, Los Angeles, CA.","Recorded July 26, 2018. File Exported July 28, 2018.",-,"Surfaced April 15, 2020.",3:19,Alternate Demo Track,Original File 2304kbps (.wav)
689,WOD,199,OREO (feat. Lil Yachty) [ v1.2 ],Juice WRLD,Gezin & TM88,Max Lord,Song originally began as a solo Juice WRLD track.,Juice WRLD - OREO v2.2 lil boat JUUL MANGO 9 GZ_1,JUUL MANGO 9 GZ x TM88 153 BPM,"Paramount Recording Studio, Santa Monica, Los Angeles, CA.","Juice's Vocals June 7, 2018. Yachty's Vocals June 11, 2018.",-,"Surfaced December 7, 2019.",3:58,Alternate Feature Demo Track,Original File 320kbps (.mp3)
690,WOD,200,OREO (feat. Lil Yachty) [v1.3],Juice WRLD,Gezin & TM88,Max Lord,Song originally began as a solo Juice WRLD track.,Juice WRLD - OREO v2.3 lil boat JUUL MANGO 9 GZ,JUUL MANGO 9 GZ x TM88 153 BPM,"Paramount Recording Studio, Santa Monica, Los Angeles, CA.","Juice's Vocals June 7, 2018. Yachty's Vocals June 11, 2018.",-,"Surfaced February 28, 2023.",3:58,Alternate Feature Demo Track,Original File 320kbps (.mp3)
691,WOD,201,OREO (v1.1),Juice WRLD,Gezin & TM88,Max Lord,"Song is unfinished, contains an open verse.",Juice WRLD - OREO v1.1 JUUL MANGO 9 GZ,JUUL MANGO 9 GZ x TM88 153 BPM,"Paramount Recording Studio, Santa Monica, Los Angeles, CA.","Recorded June 7, 2018.",-,"Surfaced May 23, 2019.",3:20,Alternate Solo Demo Track ( Open Verse ),Original File 320kbps (.mp3)
692,WOD,202,Out Late (v2) Zombie Song was originally untitled.,Juice WRLD,Apollo Bangers,Oz On The Track & Unknown,"Song is unfinished, contains an open verse. Samples Metallica's 'One'.",aug 31 song 5,401 [144bpm],"ATS Records Recording Studio, West Loop, Chicago, IL.","Recorded September 1, 2018.",-,"Surfaced March 7, 2023.",3:35,Alternate Demo Track ( Open Verse ),Original Files .L/.R 1058kbps (.wav)
693,WOD,203,Out Late (v3) Zombie Song was originally untitled.,Juice WRLD,Apollo Bangers,Oz On The Track & Unknown,Samples Metallica's 'One'.,File Name: Juice WRLD - Out Late (UNF) Session Title: aug 31 song 5.ptx,401 [144bpm],"ATS Records Recording Studio, West Loop, Chicago, IL.","Recorded September 1, 2018. File Exported September 20-29, 2018.","First Previewed April 3, 2022.","Surfaced November 10, 2022.",1:57,Alternate Demo Track,Original Files 2822kbps (.wav) 320kbps (.mp3)
694,WOD,204,Outta My Mind Rodents Song is untitled.,Juice WRLD,Chopsquad DJ & TyMadeIt,Oz On The Track,-,File Name: OCT 9 SONG 3 (rough) Session Title: OCT 9 SONG 3.ptx,outta my mind 10 8-171,"ATS Records Recording Studio, West Loop, Chicago, IL.","Recorded October 9, 2018. Acapella File Exported January 17, 2019.","First Previewed October 9, 2018.","Surfaced August 22, 2020. Session Surfaced January 25, 2026.",3:02,Throwaway Track,Studio Session & Original File 320kbps (.mp3)
695,WOD,205,Oxy (with Future) [feat. Lil Wayne] { v1 },Juice WRLD & Future,Richie Souf,Alex Tumay & Unknown,Song originally began as a solo Juice WRLD & Future track.,Future x Lil Wayne x Juice WRLD - Oxy - Main Pass.01_05-01,,-,"Juice & Future's Vocals October 12-13, 2018. File Exported October 15, 2018.",-,"Surfaced September 14, 2022.",4:03,Alternate Demo Track,Original File 2304kbps (.wav)
696,WOD,206,Pause (v1.2),Juice WRLD,"12Hunna, Guttaceo, Kacey Khaliel & Naee",Max Lord,Shares the same instrumental as Trippie Redd's 'Icky Vicky' featuring Rich The Kid.,juice wrld - pause v1.2 AUDIO_5813),Instrumental: AUDIO_5813 Loop: Guitar Loop,"Metropolis Recording Studio, Chiswick, London, England.","Recorded September 22, 2018. File Exported September 23, 2018.","First Previewed September 22, 2018.","Surfaced April 13, 2019.",2:59,Alternate Demo Track,Original Files 2117kbps (.wav) 320kbps (.mp3)
697,WOD,207,Peace Of Mind (v1),Juice WRLD,ATL Jacob,Florian Ongonga & Seth Firkins,-,File Name: Juice - PEACE OF MIND - Prod. AtlJacob Session Title (1): Juice AtlJacob2.ptx Session Title (2): Juice - PEACE OF MIND - Prod. AtlJacob.ptx,FBG 1248 [ATLJACOB],"5Star Production Studio, Atlantic Station, Atlanta, GA.","Recorded August 28, 2018.",-,"Surfaced February 5, 2021. Session Surfaced May 1, 2022.",2:19,Original Demo Track,Studio Session & Original Files .L/.R 1152kbps (.wav) 320kbps (.mp3)
698,WOD,208,Percs,Juice WRLD,Nick Mira,Filip Mercedes,-,PERCS JUICE WRLD FEATURE,NM - Hallow 140BPM,"Juice 5tudio, Downtown Providence, Providence, RI.","Recorded September 15, 2018.",-,"Surfaced August 15, 2020.",2:56,Throwaway Track,Original File 320kbps (.mp3)
699,WOD,209,Play Fair Fair Song was originally called 'Play'.,Juice WRLD,SEPHGotWaves & YK808Mafia,Devin Nakao,"Song is unfinished, contains an open verse.",File Name: Juice Wrld - Play 092918 Session Title: Juice 092818 3.ptx,Yk808 b825 seph,"Cherry Beach Recording Studio, Lower Don Lands, Toronto, ON.","Recorded September 29, 2018.",-,"Surfaced October 17, 2022. Session Surfaced March 19, 2023.",2:52,Original Solo Demo Track ( Open Verse ),Studio Session & Original File 320kbps (.mp3)
700,WOD,210,Play Fair (feat. Lil Tracy) Fair Song was originally called 'Play'.,Juice WRLD,SEPHGotWaves & YK808Mafia,Devin Nakao & Lil Tracy,"Originally released on SoundCloud as track #1 on Lil Tracy's 'Sinner', but was later removed for unknown reasons. Song originally began as a solo Juice WRLD track.",File Name (1): tracy x juice - fair File Name (2): Juice Wrld x Lil Tracy Minaj,Instrumental: Yk808 b825 seph Open Verse File: Juice Wrld - Play 092918,"Juice's Vocals Cherry Beach Recording Studio, Lower Don Lands, Toronto, ON.","Juice's Vocals September 29, 2018. Tracy's Vocals October 1-2, 2018.","First Previewed October 2, 2018.","Released October 27, 2018.",2:52,Feature & Single Track,Original File 320kbps (.mp3)
701,WOD,211,Pop Rock (v1.1) Pop Tart,Juice WRLD,BasedKash,Max Lord,"Song is unfinished, contains an open verse.",Juice WRLD - pop rock v1.1 oiu kash,oiu,"Paramount Recording Studio, Santa Monica, Los Angeles, CA.","Recorded June 11, 2018.",-,"Surfaced September 10, 2019.",3:18,Alternate Demo Track ( Open Verse ),Original File 320kbps (.mp3)
702,WOD,212,Pour Up A 6* (v1) Song is untitled.,Juice WRLD,"Bobby Raps, DY Krazy & TrePounds",Cole Kruggel,"Song is unfinished, contains an open verse.",File Name: 7_31_18 Rough Session Title: 7_31.ptx,DYNS24bobpounds,"Classick Recording Studio, Humboldt Park, Chicago, IL.","Recorded July 31, 2018.",-,"Surfaced October 24, 2022. Session Surfaced April 6, 2023.",2:22,Original Demo Track ( Open Verse ),Studio Session & Original Files .L/.R 1152kbps (.wav) 320kbps (.mp3)
703,WOD,213,Pour Up A 6* (v2) Song is untitled.,Juice WRLD,"Bobby Raps, DY Krazy & TrePounds",Cole Kruggel,"Song is unfinished, contains an open verse.",File Name: 7_31_18 ROUGH 2 Session Title: 7_31.ptx,DYNS24bobpounds,"Classick Recording Studio, Humboldt Park, Chicago, IL.","Recorded July 31, 2018.",-,"Surfaced October 27, 2022. Session Surfaced April 6, 2023.",2:26,Alternate Demo Track ( Open Verse ),Studio Session & Original Files .L/.R 1152kbps (.wav) 320kbps (.mp3)
704,WOD,214,Pour Up A 6* (v3) Song is untitled.,Juice WRLD,"Bobby Raps, DY Krazy & TrePounds",Cole Kruggel,"Song is unfinished, contains an open verse.",File Name: 9_21_18 Rough Session Title: 7_31.ptx,DYNS24bobpounds,"Classick Recording Studio, Humboldt Park, Chicago, IL.","Recorded July 31, 2018. File Exported September 21, 2018.",-,"Surfaced October 10, 2023. Session Surfaced April 6, 2023.",2:22,Alternate Demo Track ( Open Verse ),Studio Session & Original File 320kbps (.mp3)
705,WOD,215,Preheat,Juice WRLD,Unknown,2Fly,"Song is unfinished, contains an open verse. Samples Buckethead's 'Padmasana'.",File Name: PRE HEAT Session Title: PRE HEAT.ptx,,"Paramount Recording Studio, Santa Monica, Los Angeles, CA.","Recorded July [ ? ], 2018.",-,"Surfaced October 17, 2022.",3:02,Throwaway Track ( Open Verse ),Original File 320kbps (.mp3)
706,WOD,216,Racks In,Juice WRLD,TyMadeIt,Oz On The Track,-,File Name: Racks In (rough) Session Title: sep 2 song 2.ptx,22 convertible,"ATS Records Recording Studio, West Loop, Chicago, IL.","Recorded September 2, 2018.","First Previewed October 26, 2018.","Surfaced July 16, 2020. Session Surfaced April 29, 2022.",2:33,Throwaway Track,Studio Session & Original File 320kbps (.mp3)
707,WOD,217,Real One,Juice WRLD,Andrew Watt & Louis Bell,"Andrew Watt, Louis Bell & Paul LaMalfa","Song is unfinished, contains an open verse.",Juice WRLD - Real One (Super Rough 1),,"Gold Tooth Music Recording Studio, Beverly Hills, Los Angeles, CA.","Recorded July 26, 2018.",-,"Surfaced October 17, 2022.",3:24,Throwaway Track ( Open Verse ),Original File 320kbps (.mp3)
708,WOD,218,Realer 'N Realer Song was originally called 'Real 'N Realer'.,Juice WRLD,Frankie Bash & Wheezy,Florian Ongonga & Seth Firkins,-,File Name: Juice REAL n REALER - Prod. Wheezy_01 Session Title (1): Juice - Wheezy4 08 25 18.ptx Session Title (2): Juice REAL n REALER - Prod. Wheezy.ptx,illumnation,"5Star Production Studio, Atlantic Station, Atlanta, GA.","Recorded August 25, 2018. Files Exported August 26, 2018.","First Previewed October 17, 2018.","Surfaced March 1, 2021. Session Surfaced February 14, 2022.",2:51,Original Solo Demo Track,Studio Session & Original Files .L/.R 1152kbps (.wav) 320kbps (.mp3)
709,WOD,219,Rebel* My Year,Juice WRLD,Richie Souf,Unknown,Shares the same instrumental as 'Diors'.,,rs_1757_021218_2,-,"Recorded July [ ? ], 2018.","First Previewed January 31, 2024.","Surfaced January 22, 2026.",2:28,Throwaway Track,320kbps (.mp3)
710,WOD,220,Red Bentley (with Future) [feat. Young Thug] { v1 } All Red Bentley | Gigolo,Juice WRLD & Future,Murda Beatz,Eric Manco & Unknown,Song originally began as a solo Young Thug track.,All Red Bentley w Thug n Juice,Dozens 150,"Juice's Vocals 5Star Production Studio, Atlantic Station, Atlanta, GA.",".L/.R Files Exported October 11, 2020.","First Previewed October 13, 2018.","Surfaced May 4, 2025. Trackouts Surfaced October 1, 2025.",3:30,Original Feature Demo Track,Trackout Session & Original Files .L/.R 1058kbps (.wav)
711,WOD,221,Relapse (v1.3),Juice WRLD,"Dez Wright, Gezin & TM88",Max Lord,-,Juice WRLD - Relapse v1.3 JUUL MANGO 13 TM GZ,JUUL MANGO 13 GZ x TM88 170 BPM,"Paramount Recording Studio, Santa Monica, Los Angeles, CA.","Recorded June 7, 2018.","First Previewed June 7, 2018.","Surfaced May 27, 2019.",3:00,Alternate Demo Track,Original File 320kbps (.mp3)
712,WOD,222,Retro Js* Good Days Song is untitled.,Juice WRLD,DJ Victoriouz & JuiceMadeThat,Oz On The Track,-,File Name: OCT 9 SONG 2 (rough) Session Title: OCT 9 SONG 2.ptx,1050,"ATS Records Recording Studio, West Loop, Chicago, IL.","Recorded October 9, 2018. Acapella File Exported January 17, 2019.","First Previewed March 19, 2025.","Surfaced January 25, 2026. Session Surfaced January 25, 2026.",3:01,Throwaway Track,Studio Session & Original File 320kbps (.mp3)
713,WOD,223,Robbery (EDM Remix) [ v1 ],Juice WRLD,Marshmello & Southside,Max Lord & Unknown,-,robbery juice world southside mello 2,,"Rented Home Recording Studio, Sherman Oaks, Los Angeles, CA.","Recorded January 24, 2018.","First Teased August 21, 2018.","Surfaced February 1, 2020.",3:06,Original Demo & Remix Track,Original File 320kbps (.mp3)
714,WOD,224,Robbery (EDM Remix) [ v2 ],Juice WRLD,Marshmello & Southside,Max Lord & Unknown,-,ROBBERY FINAL V1,,"Rented Home Recording Studio, Sherman Oaks, Los Angeles, CA.","Recorded January 24, 2018. File Exported May 31, 2018.",-,"Surfaced October 10, 2023.",3:04,Alternate Demo & Remix Track,Original File 110kbps (.m4a)
715,WOD,225,Rockstar Status (v1),Juice WRLD,CuBeatz & Dre Moon,2Fly,"Song is unfinished, contains an open verse.",File Name: ROCKSTAR STATUS V2 Session Title: ROCKSTAR STATUS.ptx,Instrumental: 1502CU(48) Loop: u addicted 50bpm,"Paramount Recording Studio, Santa Monica, Los Angeles, CA.","Recorded July 7, 2018.","First Previewed December 29, 2021.","Surfaced August 12, 2022. Session Surfaced January 25, 2026.",3:17,Alternate Demo Track ( Open Verse ),Studio Session & Original File 320kbps (.mp3)
716,WOD,226,Ronald (feat. Playboi Carti) Want To,Juice WRLD,Gezin & Nobu,Max Lord & Roark Bailey,"Originally released on SoundCloud as a single track, but was later removed for unknown reasons.",Carti x Juice 10.10.18,solid rock 11 x nobu,"Juice's Vocals Metropolis Recording Studio, Chiswick, London, England.","Juice's Vocals September 23, 2018. File Exported October 10, 2018.",-,"Released December 28, 2018.",2:30,Feature Track,Original File 320kbps (.mp3)
717,WOD,227,Ronald (v1.1) Want To,Juice WRLD,Gezin & Nobu,Max Lord,"Song is unfinished, contains an open verse.",juice wrld - Ronald v1.1 (solid rock 11 GZ),solid rock 11 x nobu,"Metropolis Recording Studio, Chiswick, London, England.","Recorded September 23, 2018.",-,"Surfaced October 17, 2022.",3:24,Alternate Solo Demo Track ( Open Verse ),Original Files 2117kbps (.wav) 320kbps (.mp3)
718,WOD,228,Royer Simmer Down Song is titled after the instrumental.,Juice WRLD,Rvssian,Hector Castro,Shares the same instrumental as 'Ring Ring'.,ROYER_101518,Instrumental: rvssian ROYER 160 Instrumental Stems: RVSSIAN,"Blue Room West Recording Studio, West Hollywood, Los Angeles, CA.","Recorded October 15-16, 2018. .L/.R Files Exported October 16, 2018.",-,"Surfaced November 11, 2019.",1:26,Throwaway Track,Original Files .L/.R 1058kbps (.wav) 320kbps (.mp3)
719,WOD,229,Run A Fade* Song is untitled.,Juice WRLD,Earl On The Beat & MitchGoneMad,Thomas Mann,"Song is unfinished, hook only.",JUICE X EARL_HOOK,,"Paramount Recording Studio, Santa Monica, Los Angeles, CA.","Recorded June 15, 2018.",-,"Surfaced January 18, 2020.",3:08,Throwaway Track ( Hook Only ),Original File 320kbps (.mp3)
720,WOD,230,Run It Up Beretta,Juice WRLD,Andrew Watt & Louis Bell,"Andrew Watt, Louis Bell & Paul LaMalfa","Song is unfinished, contains an open verse.",Juice WRLD - Run It Up (7.26.18) (Super Rough 1),,"Gold Tooth Music Recording Studio, Beverly Hills, Los Angeles, CA.","Recorded July 26, 2018.","First Previewed March 23, 2023.","Surfaced June 21, 2023.",2:48,Throwaway Track ( Open Verse ),Original File 320kbps (.mp3)
721,WOD,231,Sacrifices (v2.2) Cake | Flavor Song is titled after the instrumental.,Juice WRLD,Nick Mira,Max Lord,-,juice wrld - NM sacrifices v2.2,Instrumental: NM - Sacrifices 140BPM Beat Pack: nm_juice 9.19,"NightBird Recording Studio, West Hollywood, Los Angeles, CA.","Recorded October 15, 2018.","First Previewed October 15, 2018.","Surfaced August 1, 2020.",3:53,Alternate Demo Track,Original File 320kbps (.mp3)
722,WOD,232,Semi Addict,Juice WRLD,DY Krazy & Supah Mario,Florian Ongonga & Seth Firkins,-,File Name: Juice - SEMI ADDICT - Prod. DY5 Session Title (1): Juice Dy5.ptx Session Title (2): Juice Dy5 08 27 18.ptx Session Title (3): Juice - SEMI ADDICT - Prod. DY5.ptx,idea29supahdy,"5Star Production Studio, Atlantic Station, Atlanta, GA.","Recorded August 28, 2018.",-,"Surfaced March 5, 2021. Session Surfaced February 8, 2022.",1:38,Throwaway Track,Studio Session & Original Files .L/.R 1152kbps (.wav) 320kbps (.mp3)
723,WOD,233,She On Go (v1.4) Living In The Moment,Juice WRLD,Dre Moon,Max Lord,"Song is unfinished, contains an open verse.",File Name: juice wrld - she on go v1.4 (1378) Session Title: 1378 juice she on go v1.4.ptx Folder Title : 1378 juice,1378(160),"Chalice Recording Studio, West Hollywood, Los Angeles, CA.","Recorded June 20, 2018.","First Previewed July 4, 2018.","Surfaced December 28, 2019. Session Surfaced January 25, 2026.",2:59,Alternate Demo Track ( Open Verse ),Studio Session & Original File 320kbps (.mp3)
724,WOD,234,Shoot For Love (feat. Unhkl Flex) Shoot For You Song was originally called 'Ready Or Not'.,Juice WRLD,Dorien Theus & Klimax Productions,Juice WRLD & Marcus Gibson,Song originally began as a solo Juice WRLD track. Shares the same instrumental as 'Miracle*'.,File Name: Shoot For Love Mix Session Title: ready or not.ptx Folder Title: juice,"Instrumental (1): Lift UT 158 Instrumental (2): Tory Lanez Type Beat - ""Lift"" (Prod. by Klimax Productions x Sidepce) 2017","Unhkl Flex's Home Recording Studio, Matteson, Chicago, IL.","Juice's Hook & Verses January 4, 2018. Juice's Ad-Libs January 4-5, 2018. Unhkl's Vocals October 12, 2018.",-,"Surfaced January 25, 2026. Session Surfaced January 25, 2026.",4:02,Feature Track ( Complete ),Studio Session & Original File 320kbps (.mp3)
725,WOD,235,Shorty (with Future) [ v1 ] Shawty,Juice WRLD & Future,"Aviator Keyz, Outtatown & Wheezy",Eric Manco,-,shorty w juice_03,World On Drugs2xouttatown,"5Star Production Studio, Atlantic Station, Atlanta, GA.","Recorded August [ ? ], 2018. .L/.R Files Exported October 18, 2020.","First Previewed October 14, 2018.","Surfaced February 10, 2026. Trackouts Surfaced February 29, 2024.",2:17,Original Demo Track,Trackout Session & Original Files .L/.R 1152kbps (.wav)
726,WOD,236,Shorty (with Future) [ v2 ] Shawty,Juice WRLD & Future,"Aviator Keyz, Outtatown & Wheezy",Eric Manco,-,shorty w juice_03_1,World On Drugs2xouttatown,"5Star Production Studio, Atlantic Station, Atlanta, GA.","Recorded August [ ? ], 2018. .L/.R Files Exported October 18, 2020.",-,"Surfaced June 2, 2025. Trackouts Surfaced February 29, 2024.",2:17,Alternate Demo Track,Trackout Session & Original Files .L/.R 1152kbps (.wav)
727,WOD,237,Shorty (with Future) [ v3 ] Shawty,Juice WRLD & Future,"Aviator Keyz, Outtatown & Wheezy",Eric Manco,-,shorty w juice_03_2,World On Drugs2xouttatown,"5Star Production Studio, Atlantic Station, Atlanta, GA.","Recorded August [ ? ], 2018. .L/.R Files Exported October 18, 2020.",-,"Surfaced February 10, 2026. Trackouts Surfaced February 29, 2024.",2:17,Alternate Demo Track,Trackout Session & Original Files .L/.R 1152kbps (.wav)
728,WOD,238,Shorty (with Future) [ v4 ] Shawty,Juice WRLD & Future,"Aviator Keyz, Outtatown & Wheezy",Eric Manco,-,Rough,World On Drugs2xouttatown,"5Star Production Studio, Atlantic Station, Atlanta, GA.","Recorded August [ ? ], 2018. .L/.R Files Exported October 18, 2020.",-,"Surfaced June 2, 2025. Trackouts Surfaced February 29, 2024.",2:17,Alternate Demo Track,Trackout Session & Original Files .L/.R 1152kbps (.wav)
729,WOD,239,Shorty (with Future) [ v7 ] Shawty,Juice WRLD & Future,"Aviator Keyz, Outtatown & Wheezy","Alex Tumay, Eric Manco & Unknown",-,Future x JuiceWrld - Shorty - Mix Notes 2_01,World On Drugs2xouttatown,"5Star Production Studio, Atlantic Station, Atlanta, GA.","Recorded August [ ? ], 2018. File Exported October 10, 2018.",-,"Surfaced July 15, 2023.",2:00,Alternate Demo Track,Original File 2304kbps (.wav)
730,WOD,240,Shorty (with Future) [ v8 ] Shawty,Juice WRLD & Future,"Aviator Keyz, Outtatown & Wheezy","Alex Tumay, Eric Manco & Unknown",-,Future x JuiceWrld - Shorty - Main Pass_02,World On Drugs2xouttatown,"5Star Production Studio, Atlantic Station, Atlanta, GA.","Recorded August [ ? ], 2018. File Exported October 10, 2018.",-,"Surfaced July 15, 2023.",2:00,Alternate Demo Track,Original File 2304kbps (.wav)
731,WOD,241,Show 'N Tell,Juice WRLD,Ayo & TyMadeIt,Oz On The Track,-,File Name: Show n Tell (rough) Session Title: sep 2 song 5.ptx,me and ayo-172,"ATS Records Recording Studio, West Loop, Chicago, IL.","Recorded September 3, 2018.","First Previewed September [ ? ], 2018.","Surfaced May 28, 2020. Session Surfaced June 14, 2022.",1:51,Throwaway Track,Studio Session & Original File 320kbps (.mp3)
732,WOD,242,Sip (v1) Always Workin',Juice WRLD,Dre Moon,2Fly,-,File Name: SIP Session Title: SIP.ptx,1309(150),"Paramount Recording Studio, Santa Monica, Los Angeles, CA.","Recorded July 7-8, 2018.",-,"Surfaced September 28, 2022. Session Surfaced September 18, 2025.",2:12,Original Demo Track,Studio Session & Original File 320kbps (.mp3)
733,WOD,243,Sippin' Red* Sprite Bleeding Song is untitled.,Juice WRLD,Frank Dukes & TheLabCook,BJ Mekk & Matthew Jacobson,Shares the same instrumental as Kodak Black's 'Because Of You'.,File Name: Song 6 FD _r1_5.27.18 Session Title: Song 6.ptx Folder Title: Song 6 FD,emodepot beat,"Paramount Recording Studio, Santa Monica, Los Angeles, CA.","Recorded May 28, 2018.","First Previewed July 1, 2018.","Surfaced May 22, 2023. Session Surfaced June 28, 2023.",2:19,Throwaway Track,Studio Session & Original Files 2822kbps (.wav) 320kbps (.mp3)
734,WOD,244,Slide (v1.1),Juice WRLD,Dorien Theus & Nick Mira,Max Lord,"Song is unfinished, contains an open verse.",juice wrld - slide v1.1 (NM tidal),Instrumental: NM x DT - Tidal 150BPM Loop Stems: tidal 150bpm Loop Kit: DT - Marble Beat Pack: nm_juice 9.19,"NightBird Recording Studio, West Hollywood, Los Angeles, CA.","Recorded October 15, 2018.","First Previewed October 15, 2018.","Surfaced June 14, 2020.",4:03,Throwaway Track ( Open Verse ),Original Files 2117kbps (.wav) 320kbps (.mp3)
735,WOD,245,Slow Me Down ( v1 ) Song was originally called 'Diners'.,Juice WRLD,Andrew Watt & Happy Perez,Andrew Watt & Paul LaMalfa,-,Diners 07.26,Diners,"Gold Tooth Music Recording Studio, Beverly Hills, Los Angeles, CA.","Recorded July 26, 2018.","First Previewed October 2, 2022. First Teased October 26, 2018.","Surfaced October 2, 2022.",3:36,Original Demo Track,Original File 320kbps (.mp3)
736,WOD,246,Slow Me Down ( v2 ) Song was originally called 'Diners'.,Juice WRLD,Andrew Watt & Happy Perez,Andrew Watt & Paul LaMalfa,-,juice watt hp SLow me down new ref 7.27,Diners,"Gold Tooth Music Recording Studio, Beverly Hills, Los Angeles, CA.","Recorded July 26, 2018. File Exported July 27, 2018.",-,"Surfaced October 17, 2022.",3:36,Alternate Demo Track,Original File 320kbps (.mp3)
737,WOD,247,Smile (v1) Song was originally called 'Sad'.,Juice WRLD,Nick Mira,BJ Mekk,"Song is unfinished, contains an open verse.",File Name: Juice Wrld - Sad Session Title: Juice Wrld - Sad.ptx,Instrumental: NM - Plea 155BPM MIDI: NM_Avatar Beat Pack: NM - Juice 5.16,"Paramount Ameraycan Recording Studio, North Hollywood, Los Angeles, CA.","Recorded May 26, 2018. File Exported May 27, 2018.","First Previewed June 22, 2018.","Surfaced July 15, 2018. Session Surfaced October 2, 2020.",3:18,Original Solo Demo Track ( Open Verse ),Studio Session & Original Files 3072kbps (.wav) 320kbps (.mp3)
738,WOD,248,So Fake (v1) Song was originally untitled.,Juice WRLD,Richie Souf,Matthew Harvey,-,File Name: JuiceWRLD 120717 Session Title: JuiceWRLD.ptx,rs_1664_120717_9,"The Warehouse Recording Studio, Gastown, Vancouver, British Columbia, Canada.","Recorded June 9, 2018.",-,"Surfaced August 27, 2022. Session Surfaced January 3, 2024.",3:03,Original Demo Track ( Open Verse ),Studio Session & Original File 320kbps (.mp3)
739,WOD,249,So What?,Juice WRLD,Andrew Watt & Louis Bell,Eric Manco,-,So What_01 o juice,Loop: lbwatt0139,"Chalice Recording Studio, West Hollywood, Los Angeles, CA.","Recorded July 23-24, 2018.",-,"Surfaced March 10, 2021.",2:45,Throwaway Track,Original File 320kbps (.mp3)
740,WOD,250,Spanglish (v1.2),Juice WRLD,Take A Daytrip,Max Lord,-,File Name: juice wrld - spanglish v1.2 (watermelon) Session Title: watermelon ice cream v1.2.ptx Folder Title: watermelon ice cream,Take A Daytrip - Watermelon Ice Cream [inst demo 1],"Chalice Recording Studio, West Hollywood, Los Angeles, CA.","Recorded June 19-20, 2018.","First Previewed June 22, 2018.","Surfaced July 28, 2019.",3:42,Alternate Demo Track,Original File 320kbps (.mp3)
741,WOD,251,Starstruck (v1),Juice WRLD,Andrew Watt & Louis Bell,Eric Manco & Louis Bell,-,File Name (1): Star Struck o Juice_01 File Name (2): Star Struck (Super Rough 1),Future (Instrumental) - Guitar 4 (Instrumental) (122 BPM) (Version 1),"Chalice Recording Studio, West Hollywood, Los Angeles, CA.","Recorded July 23-24, 2018. .L/.R Files Exported July 25, 2018.",-,"Surfaced January 2, 2020.",2:21,Original Solo Demo Track,Original Files .L/.R 1536kbps (.wav) 320kbps (.mp3)
742,WOD,252,Starstruck (v3),Juice WRLD,Andrew Watt & Louis Bell,"Andrew Watt, Eric Manco & Louis Bell & Paul LaMalfa",-,File Name: Starstruck (LB Version 1) Session Title: Star Struck.02b for LB.ptx Folder Title: 01 Star Struck,Future (Instrumental) - Guitar 4 (Instrumental) (122 BPM) (Version 1),"Intro, Hook, First Verse & Bridge Chalice Recording Studio, West Hollywood, Los Angeles, CA. Second Verse & Outro Gold Tooth Music Recording Studio, Beverly Hills, Los Angeles, CA.","Intro, Hook, First Verse & Bridge July 23-24, 2018. Second Verse & Outro July 26, 2018. .L/.R Files Exported July 28, 2018.","First Teased August 3, 2018.","Surfaced April 20, 2019.",3:59,Alternate Solo Demo Track,Original Files .L/.R 1536kbps (.wav) 320kbps (.mp3)
743,WOD,253,Stay High (v1),Juice WRLD,2Fly & Sid Mallick,2Fly,"Song is unfinished, contains an open verse.",File Name: STAY HIGH Session Title (1): SESSION 14.ptx Session Title (2): STAY HIGH.ptx,AROUND THE WORLD,"Paramount Recording Studio, Santa Monica, Los Angeles, CA.","Recorded July 11, 2018.",-,"Surfaced October 21, 2022. Session Surfaced June 22, 2022.",3:32,Original Demo Track ( Open Verse ),Studio Session & Original File 320kbps (.mp3)
744,WOD,254,Sugarfish,Juice WRLD,The Chainsmokers,The Chainsmokers,-,,,"Blue Room West Recording Studio, West Hollywood, Los Angeles, CA.","Recorded September 11, 2018. Acapella File Exported September 12, 2018.",-,"Surfaced October 22, 2023.",2:02,Original Solo Demo Track,128kbps (.mp3)
745,WOD,255,Sugarfish (feat. The Chainsmokers) [v1],Juice WRLD,The Chainsmokers,The Chainsmokers,Song originally began as a solo Juice WRLD track.,,,"Juice's Vocals Blue Room West Recording Studio, West Hollywood, Los Angeles, CA. Andrew's Vocals The Chainsmokers' Home Recording Studio, West Hollywood, Los Angeles, CA.","Juice's Vocals September 11, 2018. Andrew's Vocals September 25, 2018.",-,"Surfaced July 27, 2019. Session Surfaced June 26, 2023.",3:15,Original Feature Demo Track,320kbps (.mp3)
746,WOD,256,Sugarfish (feat. The Chainsmokers) [ v2 ],Juice WRLD,The Chainsmokers,The Chainsmokers,Song originally began as a solo Juice WRLD track.,Session Title: sugarfish for mix.als,,"Juice's Vocals Blue Room West Recording Studio, West Hollywood, Los Angeles, CA. Andrew's Vocals The Chainsmokers' Home Recording Studio, West Hollywood, Los Angeles, CA.","Juice's Vocals September 11, 2018. Andrew's Vocals September 25, 2018.",-,"Surfaced September 1, 2022. Session Surfaced June 26, 2023.",3:11,Alternate Feature Demo Track,Studio Session & Ableton Export
747,WOD,257,Tag (v1),Juice WRLD,Nick Mira,Mikey Main,-,File Name: JuiceWrld - Tag Session Title: NM Blanco .ptf,Instrumental: NM - Blanco 150BPM Loop: nm_augusta_146 Loop Kit: Nick Mira - Frenzy Beat Pack: NM_Juice_June17,"Deaf Dog Recording Studio, Motor Row District, Chicago, IL.","Recorded July 2-3, 2018.","First Previewed August 4, 2018. First Teased July 4, 2018.","Surfaced January 12, 2023. Session Surfaced February 13, 2025.",3:24,Original Demo Track,Studio Session & Original File 128kbps (.mp3)
748,WOD,258,Tag (v2),Juice WRLD,Nick Mira,Mikey Main,-,File Name: Juicewrld - Tag (Master) Session Title: NM Blanco .ptf,Instrumental: NM - Blanco 150BPM Loop: nm_augusta_146 Loop Kit: Nick Mira - Frenzy Beat Pack: NM_Juice_June17,"Deaf Dog Recording Studio, Motor Row District, Chicago, IL.","Recorded July 2-3, 2018. File Exported August 5, 2018.",-,"Surfaced June 6, 2019. Session Surfaced February 13, 2025.",3:24,Alternate Demo Track,Studio Session & Original Files 2304kbps (.wav) 320kbps (.mp3)
749,WOD,259,Take Me Home (v1) W.B.R.F.L | What Being Rich Feels Like,Juice WRLD,Unknown,2Fly,-,File Name: TAKE ME HOME Session Title: TAKE ME HOME.ptx,,"Paramount Recording Studio, Santa Monica, Los Angeles, CA.","Recorded July [ ? ], 2018.",-,"Surfaced October 17, 2022.",1:53,Original Demo Track,Original File 320kbps (.mp3)
750,WOD,260,Take Off Green Light,Juice WRLD,ATL Jacob,Florian Ongonga & Seth Firkins,-,File Name (1): Juice - TAKE OFF - Prod. AtlJacob_01 File Name (2): Juice - TAKE OFF - Prod. AtlJacob3 Session Title (1): Juice - AtlJacob3 08 28 18.ptx Session Title (2): Juice - TAKE OFF - Prod. AtlJacob3.ptx,FBG 1245 [ATLJACOB],"5Star Production Studio, Atlantic Station, Atlanta, GA.","Recorded August 28-29, 2018.",-,"Surfaced March 6, 2021. Session Surfaced March 3, 2022.",1:57,Throwaway Track,Studio Session & Original Files .L/.R 1152kbps (.wav) 320kbps (.mp3)
751,WOD,261,Takeover (with Lil Yachty) [v1] Breaks Over,Juice WRLD & Lil Yachty,Toro Y Moi,Thomas Mann,-,JUICE X BOAT_TAKEOVER,,"Paramount Recording Studio, Santa Monica, Los Angeles, CA.","Recorded June 15, 2018.","First Previewed June 15, 2018.","Surfaced August 10, 2023.",2:10,Original Demo Track,Original File 320kbps (.mp3)
752,WOD,262,Takeover (with Lil Yachty) [v2] Breaks Over,Juice WRLD & Lil Yachty,Toro Y Moi,Thomas Mann,-,JUICE X BOAT_TAKEOVER _OFFICAL,,"Paramount Recording Studio, Santa Monica, Los Angeles, CA.","Recorded June 15, 2018.",-,"Surfaced April 19, 2020.",2:25,Alternate Demo Track,Original File 320kbps (.mp3)
753,WOD,263,Talk Too Much* Cash Out Song is untitled.,Juice WRLD,Nick Mira & Unknown,BJ Mekk & Matthew Jacobson,-,File Name (1): Song 1_01 File Name (2): Song 1_r1_5.27.18 Session Title: Song 1.ptx,Instrumental: NM - Potion 150BPM Beat Pack: NM - Juice 5.16,"Paramount Recording Studio, Santa Monica, Los Angeles, CA.","Recorded May 27, 2018. File Exported May 28, 2018.","First Previewed May 28, 2018.","Surfaced April 18, 2023. Session Surfaced April 21, 2023.",4:04,Throwaway Track ( Open Verse ),Studio Session & Original Files 2822kbps (.wav) 320kbps (.mp3)
754,WOD,264,Talking To Voices,Juice WRLD,CuBeatz & Wheezy,Florian Ongonga & Seth Firkins,-,File Name: Juice - TALKING TO VOICES Prod. Wheezy_01 Session Title (1): Wheezy5 08 25 18.ptx Session Title (2): Juice - TALKING TO VOICES Prod. Wheezy.ptx,FIRECRACKER SHOOTO WXCU,"5Star Production Studio, Atlantic Station, Atlanta, GA.","Recorded August 26, 2018.",-,"Surfaced September 5, 2020. Session Surfaced December 22, 2021.",2:30,Throwaway Track,Studio Session & Original Files .L/.R 1152kbps (.wav) 320kbps (.mp3)
755,WOD,265,That's A 50 That's A Fifty,Juice WRLD,DP Beats,Unknown,"Song is unfinished, contains an open verse.",THAT A 50 - JuiceWLD,,"Means Street Recording Studio, Marietta Street Artery, Atlanta, GA.","Recorded October 16, 2018.",-,"Surfaced February 22, 2025.",3:16,Original Solo Demo Track ( Open Verse ),Original File 320kbps (.mp3)
756,WOD,266,That's A 50 (feat. Playboi Carti) That's A Fifty,Juice WRLD,DP Beats,Unknown,The song reuses Playboi Carti's vocals from 'Racks' featuring RX PESO. Song originally began as a solo Juice WRLD track.,,,"Juice's Vocals Means Street Recording Studio, Marietta Street Artery, Atlanta, GA.","Carti's Vocals August 8, 2018. Juice's Vocals October 16, 2018.",-,"Surfaced August 29, 2019.",3:05,Feature Track,320kbps (.mp3)
757,WOD,267,That's On Gang!,Juice WRLD,Dre Moon,2Fly,"Song is unfinished, contains an open verse.",File Name: Thats On Gang Session Title: Thats On GanG!.ptx,,"Paramount Recording Studio, Santa Monica, Los Angeles, CA.","Recorded July [ ? ], 2018.",-,"Surfaced October 17, 2022.",3:17,Throwaway Track ( Open Verse ),Original File 320kbps (.mp3)
758,WOD,268,They All Talk Make The News,Juice WRLD,ATL Jacob,Florian Ongonga & Seth Firkins,-,File Name (1): Juice - THEY ALL TALK - Prod. AtlJacob1 File Name (2): Juice - MAKE THE NEWS - Prod. ATLJacob1_01 Session Title (1): Juice - AtlJacob1 08 28 18.ptx Session Title (2): Juice - THEY ALL TALK - Prod. AtlJacob1.ptx,FBG 1247 [ATLJACOB],"5Star Production Studio, Atlantic Station, Atlanta, GA.","Recorded August 28, 2018.",-,"Surfaced March 7, 2021. Session Surfaced June 22, 2022.",2:46,Throwaway Track,Studio Session & Original Files .L/.R 1152kbps (.wav) 320kbps (.mp3)
759,WOD,269,Threw A Fit (feat. Juice WRLD) Evil Twins,Ski Mask The Slump God,"1Mind, CVRE & OG Parker",Max Lord,-,threw a fit SKI JUICE ruff v1.0,Instrumental: Don't Catch Feelings (Og Parker x 1Mind) Loop: two[146bpm] Loop Stems: kw tr2,"Juice's Vocals Paramount Recording Studio, Santa Monica, Los Angeles, CA.","Juice's Vocals June 10-11, 2018.","First Previewed June 19, 2018.","Surfaced May 27, 2019.",2:47,Feature Track,Original File 320kbps (.mp3)
760,WOD,270,Thrills (v1.2),Juice WRLD,"Max Lord, Southside & TM88",Max Lord,-,juice wrld - thrills v1.2 (legend91max),legend91max,"Paramount Recording Studio, Santa Monica, Los Angeles, CA.","Recorded June 12-13, 2018.","First Previewed June 22, 2018.","Surfaced September 15, 2019.",3:13,Alternate Demo Track,Original File 320kbps (.mp3)
761,WOD,271,Tick-Tock (v1.2) In The Air,Juice WRLD,Dre Moon,Max Lord,-,juice wrld - tick tock v1.2 (1434),1434(140),"Paramount Recording Studio, Santa Monica, Los Angeles, CA.","Recorded June 17-18, 2018.","First Previewed June 26, 2018.","Surfaced August 18, 2019.",4:06,Alternate Demo Track,Original File 320kbps (.mp3)
762,WOD,272,To The Face (v1) Up In London,Juice WRLD,BatGangBeats & CashMoneyAp,Cecil Remmler & Marek Pompetzki,-,File Name: To the face Session Title (1): Presidential.ptx Session Title (2): To the face.ptx,Presidential ( Prod. CashMoneyAp x BatGangBeats ) 126BPM,"Kung Fu Recording Studios, Kreuzberg, Berlin, Germany.","Recorded June 30, 2018.","First Previewed June 30, 2018.","Surfaced May 29, 2024. Session Surfaced May 29, 2024.",4:19,Original Demo Track,Studio Session & Original File 320kbps (.mp3)
763,WOD,273,Traveling (v1.1) Inner Peace,Juice WRLD,Dre Moon,Max Lord,Vocals from this track were used for 'The Way'.,juice wrld - travelling v1.1 (1334),1334(80),"Paramount Recording Studio, Santa Monica, Los Angeles, CA.","Recorded June 17-18, 2018.","First Teased September 5, 2018.","Surfaced November 4, 2019.",5:11,Alternate Demo Track,Original File 320kbps (.mp3)
764,WOD,274,Traveling The World Mind Twirling,Juice WRLD,CashMoneyAp & Dez Wright,Cecil Remmler & Marek Pompetzki,-,File Name: Traveling the world Session Title (1): Transmission.ptx Session Title (2): Travelling the World.ptx,Transmission ( Prod. CashMoneyAp x Dez Wright ) 155BPM,"Kung Fu Recording Studios, Kreuzberg, Berlin, Germany.","Recorded June 29, 2018.",-,"Surfaced May 23, 2024. Session Surfaced May 29, 2024.",3:46,Throwaway Track,Studio Session & Original File 320kbps (.mp3)
765,WOD,275,Try Me (v1.1) Boss Shit,Juice WRLD,Bobby Raps & DY Krazy,Max Lord,"Song is unfinished, contains an open verse.",juice wrld - try me v1.1 ruff (dykrazy76BOB),DYKRAZY76BOB,-,-,-,"Surfaced April 16, 2019.",2:54,Alternate Demo Track ( Open Verse ),Original File 320kbps (.mp3)
766,WOD,276,Wake Up Ride 'Round Dirty,Juice WRLD,CakeBoy Bally,James Kang,-,File Name: WAKE UP Session Title: SONG4.ptx,gameboy bpm157 cakeboybally,"Blue Room West Recording Studio, West Hollywood, Los Angeles, CA.","Recorded September 11, 2018.","First Previewed January 31, 2024.","Surfaced December 2, 2024. Session Surfaced December 2, 2024.",2:05,Throwaway Track,Studio Session & Original File 320kbps (.mp3)
767,WOD,277,What Else? (v1.8),Juice WRLD,YK808Mafia,Max Lord,-,File Name: juice wrld - what else v1.8 (yk fil 2018 13) Session Title: yk fil 2018 13 juice v1.8 what else.ptx Folder Title: yk fil 2018 13 juice,yk fill 2018 13,"Pen Station Recording Studio, Santa Monica, Los Angeles, CA.","Recorded June 17, 2018.","First Previewed June 26, 2018. First Teased June 22, 2018.","Surfaced April 14, 2019.",2:56,Alternate Demo Track,Original Files 2117kbps (.wav) 320kbps (.mp3)
768,WOD,278,Whip Alaska,Juice WRLD,"Donn Robb, Nick Mira & Oz On The Track",Oz On The Track,-,File Name: whip (rough) Session Title: aug 31 song 1.ptx,Instrumental: donnrobbxozondatrack 12 160 Loop Stems: nick mira - hotwire 154bpm Loop Kit: Nick Mira - Contra,"ATS Records Recording Studio, West Loop, Chicago, IL.","Recorded September 1, 2018.",-,"Surfaced November 10, 2020. Session Surfaced April 11, 2022.",2:35,Throwaway Track,Studio Session & Original File 320kbps (.mp3)
769,WOD,279,Whistles Freak Show Song is titled after the instrumental.,Juice WRLD,Nick Mira,Cole Kruggel,Shares the same instrumental as 'I Feel Rich Today'.,File Name: Whistles_8_13_18 Session Title: WHistles.ptx,Instrumental: NM - Whistles 163BPM Loop: Nick Mira - Chimes 135BPM Loop Kit: Nick Mira - Nosedive Beat Pack: NM_Juice_June17,"Classick Recording Studio, Humboldt Park, Chicago, IL.","Recorded August 13, 2018.","First Previewed September 21, 2018.","Surfaced July 1, 2019. Session Surfaced March 15, 2025.",3:12,Throwaway Track,Studio Session & Original Files .L/.R 1152kbps (.wav) 320kbps (.mp3)
770,WOD,280,Who Shot Cupid? (v1),Juice WRLD,Purps On The Beat,Max Lord,"Song is unfinished, contains an open verse.",juice wrld - who shot cupid v1.0 (breathyouhold),Instrumental: breathyouholdNOTAG126 Instrumental Stems: breathyouhold,"Twin Recording Studio, 16e Arrondissement, Paris, France.","Recorded September 19, 2018.","First Previewed September 23, 2018.","Surfaced October 15, 2022.",3:35,Original Demo Track ( Open Verse ),Original File 320kbps (.mp3)
771,WOD,281,Widow (v1) Miss It Song is titled after the instrumental.,Juice WRLD,Nick Mira,Cole Kruggel,Shares the same instrumental as DC The Don's 'Window Love' & 'Don't Go'.,File Name: Widow_8_13_18 Session Title: Widow.ptx,Instrumental: NM - Widow 150BPM Beat Pack: NM_Juice_June17,"Classick Recording Studio, Humboldt Park, Chicago, IL.","Recorded August 13, 2018.",-,"Surfaced June 17, 2019. Session Surfaced March 15, 2025.",1:07,Original Demo Track,Studio Session & Original Files .L/.R 1152kbps (.wav) 320kbps (.mp3)
772,WOD,282,Widow (v2) Miss It Song is titled after the instrumental.,Juice WRLD,Nick Mira,Cole Kruggel & Unknown,Shares the same instrumental as DC The Don's 'Window Love' & 'Don't Go'.,Widow Mix 1,Instrumental: NM - Widow 150BPM Beat Pack: NM_Juice_June17,"Classick Recording Studio, Humboldt Park, Chicago, IL.","Recorded August 13, 2018.",-,"Surfaced October 21, 2022.",1:06,Alternate Demo Track,Original File 320kbps (.mp3)
773,WOD,283,World Tour (Aquafina) [v1] Song was originally called 'World Tour'.,Juice WRLD,DJ Relentt,Vekz Madison,-,JUICE WRLD - WORLD TOUR(8.17.18_vekz),,"The Oz Recording Studio, Manhattan, New York City, NY.","Recorded August 17, 2018.","First Previewed August 17, 2018.","Surfaced June 6, 2025.",2:35,Throwaway Track,Original File 192kbps (.mp3)
774,WOD,284,WRLD On Drugs (with Future) [ v4 ] World On Drugs,Juice WRLD & Future,"BHUNNA, Don Cannon, Oogie Mane & Treshaun Beatz",Eric Manco,-,World On Drugs- V3,Loop: Luv 4ever,"5Star Production Studio, Atlantic Station, Atlanta, GA.","Recorded August [ ? ], 2018. .L/.R Files Exported October 18, 2020.",-,"Surfaced February 10, 2026.",4:34,Alternate Demo Track,Original Files .L/.R 1152kbps (.wav)
775,WOD,285,WRLD On Drugs (with Future) [ v5 ] World On Drugs,Juice WRLD & Future,"BHUNNA, Don Cannon, Oogie Mane & Treshaun Beatz",Eric Manco,-,Rough,Loop: Luv 4ever,"5Star Production Studio, Atlantic Station, Atlanta, GA.","Recorded August [ ? ], 2018. .L/.R Files Exported October 18, 2020.",-,"Surfaced February 10, 2026.",4:34,Alternate Demo Track,Original Files .L/.R 1152kbps (.wav)
776,WOD,286,WRLD On Drugs (with Future) [ v6 ] World On Drugs,Juice WRLD & Future,"BHUNNA, Don Cannon, Oogie Mane & Treshaun Beatz","Alex Tumay, Eric Manco & Unknown",-,Future x JuiceWrld - World On Drugs - Notes 3_32,Loop: Luv 4ever,"5Star Production Studio, Atlantic Station, Atlanta, GA.","Recorded August [ ? ], 2018. File Exported October 11, 2018.",-,"Surfaced July 15, 2023.",3:36,Alternate Demo Track,Original File 2304kbps (.wav)
777,WOD,287,Wrong Side Of The Bed Through My Head,Juice WRLD,DY Krazy,Max Lord,"Song is unfinished, contains an open verse.",juice wrld - wrong side of the bed v1.0 ruff,,-,-,"First Teased October 2, 2018.","Surfaced January 3, 2020.",3:15,Original Solo Demo Track ( Open Verse ),Original File 320kbps (.mp3)
778,WOD,288,Yacht Club (with Lil Yachty) [v1],Juice WRLD & Lil Yachty,Earl On The Beat,Thomas Mann,-,BOAT X JUICE_YACHT CLUB,,"Paramount Recording Studio, Santa Monica, Los Angeles, CA.","Recorded June 12, 2018.",-,"Surfaced November 5, 2022.",2:45,Original Demo Track ( Complete ),Original File 320kbps (.mp3)
779,WOD,289,Yo-yo Fast Forward | Passport Song is titled after the instrumental.,Juice WRLD,Nick Mira,Chris Paxton,Shares the same instrumental as MAJ's 'Listerine'.,Yoyo,Instrumental: NM - Yoyo 140BPM Beat Pack: NM_Juice August 4.18,"Nexus Audio Recording Studio, East Peralta, Oakland, CA.","Recorded September 17, 2018.",-,"Surfaced May 16, 2019.",3:25,Throwaway Track,Original File 320kbps (.mp3)
780,WOD,290,You Hasta Luego,Juice WRLD,CakeBoy Bally,James Kang,-,File Name: YOU Session Title: SONG2.ptx,welterweight bpm147 cakeboybally,"Blue Room West Recording Studio, West Hollywood, Los Angeles, CA.","Recorded September 10, 2018.","First Previewed December 23, 2021.","Surfaced April 27, 2022. Session Surfaced March 16, 2025.",2:30,Throwaway Track,Studio Session & Original File 320kbps (.mp3)
781,WOD,291,You Can't Tell Me (with Lil Yachty) U Can't Tell Me,Juice WRLD & Lil Yachty,Eskay,Thomas Mann,-,BOAT X JUICE_U CAN'T TELL ME,,"Paramount Recording Studio, Santa Monica, Los Angeles, CA.","Recorded June 12, 2018.",-,"Surfaced April 8, 2020.",2:55,Throwaway Track,Original File 320kbps (.mp3)
782,WOD,292,You're Done ( v1 ) Ur Done Song was originally called 'Bitch You're Done'.,Juice WRLD,JRHITMAKER & Nick Mira,Cole Kruggel,-,File Name: Bitch Your Done_7_3_18 Session Title: 7_3_18 B.ptx,Instrumental: NM x JR - Rothschild 150BPM Loop: JR - Jewish 155 BPM Loop Kit: JRHITMAKER - Blur,"Classick Recording Studio, Humboldt Park, Chicago, IL.","Recorded July 4, 2018.","First Previewed July 4, 2018. First Teased July 4, 2018.","Surfaced October 25, 2021. Session Surfaced April 18, 2023.",3:26,Original Solo Demo Track,Studio Session & Original Files .L/.R 1152kbps (.wav) 320kbps (.mp3)
783,WOD,293,Young Nigga Rich Money Over Hoes | Y.N.R.,Juice WRLD,Nick Mira,GeeFlow,-,File Name: YNR 8.4.18 Session Title: YNR 8.4.18.ptx Folder Title: YNR,Instrumental: NM - Bill 161BPM Beat Pack: NM_Juice August 4.18,"Premier Recording Studio, Midtown West, New York City, NY.","Recorded August 5, 2018.","First Previewed August 5, 2018.","Surfaced July 8, 2023. Session Surfaced August 17, 2023.",3:10,Throwaway Track,Studio Session & Original File 320kbps (.mp3)
784,WOD,294,Z Nation (v1.5),Juice WRLD,Metro Boomin' & Southside,Max Lord,Shares the same instrumental as 'Faded'.,Juice WRLD - Z nation v1.5 metro sizzle faded,TRO SIZZLE FADED,"Paramount Recording Studio, Santa Monica, Los Angeles, CA.","Recorded June 11, 2018.",-,"Surfaced August 11, 2019.",3:42,Alternate Demo Track,Original File 320kbps (.mp3)
786,WOD,1,Arctic Tundra (Demo) Blonde Hair Song was originally called 'Girl With The Blonde Hair'.,Juice WRLD,"Dez Wright, Gezin & TM88",Max Lord,-,Session Title: JUUL MANGO 6 actually 5 TM GZ juice.ptx,Instrumental: JUUL MANGO 5 dez xTM88 160 BPM Loop: rokstar 160 BPM,"Paramount Recording Studio, Santa Monica, Los Angeles, CA.","Recorded June 6-7, 2018.",-,"Surfaced December 5, 2022. Session Surfaced December 5, 2022.",3:12,Original Solo Demo Track ( Unexported ) [ Open Verse ],Studio Session & Pro Tools Export
787,WOD,3,Arctic Tundra (v1.1) Blonde Hair Song was originally called 'Girl With The Blonde Hair'.,Juice WRLD,"Dez Wright, Gezin & TM88",Max Lord,-,Session Title: JUUL MANGO 6 actually 5 TM GZ juice v1.1.ptx Folder Title: JUUL MANGO 6 actually 5 TM GZ juice,Instrumental: JUUL MANGO 5 dez xTM88 160 BPM Loop: rokstar 160 BPM,"Paramount Recording Studio, Santa Monica, Los Angeles, CA.","Recorded June 6-7, 2018.",-,"Surfaced December 5, 2022. Session Surfaced December 5, 2022.",3:12,Alternate Solo Demo Track ( Unexported ) [ Complete ],Studio Session & Pro Tools Export
788,WOD,2,Arctic Tundra (v1) Blonde Hair Song was originally called 'Girl With The Blonde Hair'.,Juice WRLD,"Dez Wright, Gezin & TM88",Max Lord,-,Session Title: JUUL MANGO 6 actually 5 TM GZ juice v1.0.ptx Folder Title: JUUL MANGO 6 actually 5 TM GZ juice,Instrumental: JUUL MANGO 5 dez xTM88 160 BPM Loop: rokstar 160 BPM,"Paramount Recording Studio, Santa Monica, Los Angeles, CA.","Recorded June 6-7, 2018.",-,"Surfaced December 5, 2022. Session Surfaced December 5, 2022.",3:12,Alternate Solo Demo Track ( Unexported ) [ Complete ],Studio Session & Pro Tools Export
789,WOD,4,Benjamin (Friends With Benefits) [v1] Benji | Rick Ross,Juice WRLD,Purps On The Beat,Max Lord,-,Session Title: sawthru purps juice v1.0 benji.ptx Folder Title: sawthru purps juice,sawthruNOTAG140,"Metropolis Recording Studio, Chiswick, London, England.","Recorded September 21, 2018.",-,"Surfaced January 25, 2026. Session Surfaced January 25, 2026.",2:58,Original Demo Track ( Unexported ) [ Complete ],Studio Session & Pro Tools Export
790,WOD,5,Biscotti Following My Lead Song is untitled.,Juice WRLD,Bobby Raps & TrePounds,Justin Craig,-,Session Title: Biscotti80.ptx,tre pounds biscotti57 bobby,"Glass Tree Creative Recording Studio, Downtown, Chicago, IL.","Recorded July 2, 2018.","First Previewed May 12, 2023.","Surfaced May 17, 2023. Session Surfaced June 27, 2023.",3:14,Scrapped Track ( Unexported ) [ Hook Only ],Studio Session & Pro Tools Export
791,WOD,6,Can't Die (v1.1) I Can't Die Song was originally called 'Time Stops'.,Juice WRLD,DY Krazy & Morgan O'Connor,Max Lord,-,Session Title: dymorgan juice v1.1 time stops.ptx Folder Title: dymorgan juice,Instrumental: dymorgan Loop: holding on,"Chalice Recording Studio, West Hollywood, Los Angeles, CA.","Recorded June 19, 2018.",-,"Surfaced February 16, 2023. Session Surfaced February 16, 2023.",9:42,Alternate Demo Track ( Unexported ) [ Complete ],Studio Session & Pro Tools Export
792,WOD,7,Can't Die (v1) I Can't Die Song was originally called 'Time Stops'.,Juice WRLD,DY Krazy & Morgan O'Connor,Max Lord,-,Session Title: dymorgan juice v1.0 tiem stops.ptx Folder Title: dymorgan juice,Instrumental: dymorgan Loop: holding on,"Chalice Recording Studio, West Hollywood, Los Angeles, CA.","Recorded June 19, 2018.",-,"Surfaced February 16, 2023. Session Surfaced February 16, 2023.",9:42,Original Demo Track ( Unexported ) [ Complete ],Studio Session & Pro Tools Export
793,WOD,8,Come On Wit' It* (with G Herbo) 66 Song is untitled.,Juice WRLD & G Herbo,DJ Victoriouz & LiLMexicoBeatz,PrettyBoy Pablo,-,Session Title: 66.ptx,66,"Penthouse Recording Studio, Times Square, New York City, NY.","Recorded July 20, 2018.","First Previewed July 20, 2018.","Surfaced September 6, 2022. Session Surfaced September 21, 2022.",2:53,Throwaway Track ( Unexported ) [ Complete ],Studio Session & Pro Tools Export
794,WOD,9,Dirty Fanta* (with G Herbo) Song is untitled.,Juice WRLD & G Herbo,Lex Luger,PrettyBoy Pablo,-,Session Title: lex rugar.ptx,Lex Rugga Beat 106,"Penthouse Recording Studio, Times Square, New York City, NY.","Recorded July 19, 2018.","First Previewed July 19, 2018.","Surfaced September 2, 2022. Session Surfaced October 1, 2022.",3:58,Throwaway Track ( Unexported ) [ Complete ],Studio Session & Pro Tools Export
795,WOD,10,Dream Maybe Song is untitled.,Juice WRLD,Goose,BJ Mekk,-,,Dream (Prod By Goose) 159,"Paramount Ameraycan Recording Studio, North Hollywood, Los Angeles, CA.","Recorded May 26, 2018.",-,"Surfaced October 14, 2020. Session Surfaced October 14, 2020.",3:49,Scrapped Track ( Unexported ) [ Missing Project File ],Studio Session & Pro Tools Edit
796,WOD,11,Dukes Lost Cause Song is untitled.,Juice WRLD,Nick Mira,BJ Mekk,-,,Instrumental: NM - Dukes 150BPM Beat Pack: NM - Juice 5.16,"Paramount Ameraycan Recording Studio, North Hollywood, Los Angeles, CA.","Recorded May 24, 2018.",-,"Surfaced December 2, 2020. Session Surfaced December 2, 2020.",4:41,Scrapped Track ( Unexported ) [ Missing Project File ],Studio Session & Pro Tools Edit
797,WOD,12,Eternity* Song is untitled.,Juice WRLD,"Bobby Raps, DY Krazy & Tarentino",Florian Ongonga & Seth Firkins,-,Session Title (1): Juice Dy 3.ptx Session Title (2): Juice Dy3 08 27 18.ptx,DYFOURWAY8BOBTINO,"5Star Production Studio, Atlantic Station, Atlanta, GA.","Recorded August 27, 2018.",-,"Surfaced February 14, 2022. Session Surfaced February 14, 2022.",3:23,Scrapped Track ( Unexported ) [ Complete ],Studio Session & Pro Tools Export
798,WOD,13,Extra Song is untitled.,Juice WRLD,Chris Barnett,Justin Craig,-,Session Title: 987.ptx,EXTRA instrumental,"Glass Tree Creative Recording Studio, Downtown, Chicago, IL.","Recorded July 2, 2018.",-,"Surfaced June 28, 2023. Session Surfaced June 28, 2023.",3:21,Scrapped Track ( Unexported ) [ Open Verse ],Studio Session & Pro Tools Export
799,WOD,14,Faded On My Own Song is untitled.,Juice WRLD,Metro Boomin' & Southside,Max Lord,Shares the same instrumental as 'Z Nation'.,Session Title: juice metro sizzle faded.ptx,TRO SIZZLE FADED,"Paramount Recording Studio, Santa Monica, Los Angeles, CA.","Recorded June 7, 2018.","First Previewed October 20, 2018.","Surfaced December 28, 2025. Session Surfaced December 28, 2025.",2:41,Scrapped Track ( Unexported ) [ Open Verse ],Studio Session & Pro Tools Export
800,WOD,15,Get Geeked (feat. Juice WRLD) [v1] Get Geekd',Ski Mask The Slump God,"Binnz, G Koop & WondaGurl",LGfive & Max Lord,Song originally began as a solo Ski Mask The Slump God track.,Session Title: skimask x WG get geeked juice v1.0.ptx Folder Title: skimask x WG get geeked juice,Open Verse File: Skimask x WG - Get Geeked (rough) [LGMIX],"Juice's Vocals Paramount Recording Studio, Santa Monica, Los Angeles, CA.","Juice's Vocals June 11, 2018.",-,"Surfaced February 22, 2023. Session Surfaced February 22, 2023.",2:38,Original Feature Demo Track ( Unexported ) [ Complete ],Studio Session & Pro Tools Export
801,WOD,16,Hairline Trigger* Song is untitled.,Juice WRLD,Danny Wolf & Unknown,BJ Mekk,Shares the same loop as 'Waldo'.,,HB 12.6-3,"Paramount Ameraycan Recording Studio, North Hollywood, Los Angeles, CA.","Recorded May 26, 2018.",-,"Surfaced October 14, 2020. Session Surfaced October 14, 2020.",1:48,Scrapped Track ( Unexported ) [ Missing Project File ],Studio Session & Pro Tools Edit
802,WOD,17,I Want It (v1) Water,Juice WRLD,"1Mind, Dre Moon & Tyler Turner",Max Lord,-,Session Title: 1534 juice dre moon V1.0 i want it.ptx Folder Title: 1534 juice dre moon,1534(80),"Serenity West Recording Studio, Hollywood, Los Angeles, CA.","Recorded August 8, 2018.",-,"Surfaced January 30, 2023. Session Surfaced January 30, 2023.",3:36,Original Demo Track ( Unexported ) [ Open Verse ],Studio Session & Pro Tools Export
803,WOD,18,Ignorant (v1.1) Bigger And Better | Killing My Vibe Song was originally untitled.,Juice WRLD,Rex Kudo,"Max Lord, Maher Woo-Shear & Rex Kudo","Song is unfinished, contains an open verse. Samples Mickey Roze's vocals.",Session Title: MICKEY ACAPELLA RECOV juice wrld mia v1.1.ptx Folder: Roadtrip,,"Metropolis Recording Studio, Chiswick, London, England.","Mickey's Vocals September 10, 2018. Juice's Vocals September 21, 2018.",-,"Surfaced February 10, 2026. Session Surfaced December 10, 2025.",14:00,Alternate Demo Track ( Unexported ) [ Open Verse ],Studio Session & Pro Tools Export
804,WOD,19,Ignorant (v1.2) Bigger And Better | Killing My Vibe Song was originally untitled.,Juice WRLD,Rex Kudo,"Max Lord, Maher Woo-Shear & Rex Kudo","Song is unfinished, contains an open verse. Samples Mickey Roze's vocals.",Session Title: MICKEY ACAPELLA RECOV juice wrld mia v1.2 computer mix.ptx Folder: Roadtrip,,"Metropolis Recording Studio, Chiswick, London, England.","Mickey's Vocals September 10, 2018. Juice's Vocals September 21, 2018.",-,"Surfaced February 10, 2026. Session Surfaced December 10, 2025.",14:00,Alternate Demo Track ( Unexported ) [ Open Verse ],Studio Session & Pro Tools Export
805,WOD,20,Ignorant (v1.3) Bigger And Better | Killing My Vibe Song was originally untitled.,Juice WRLD,Rex Kudo,"Max Lord, Maher Woo-Shear & Rex Kudo","Song is unfinished, contains an open verse. Samples Mickey Roze's vocals.",Session Title: MICKEY ACAPELLA RECOV juice wrld mia v1.3 computer mix.ptx Folder: Roadtrip,,"Metropolis Recording Studio, Chiswick, London, England.","Mickey's Vocals September 10, 2018. Juice's Vocals September 21, 2018.",-,"Surfaced February 10, 2026. Session Surfaced December 10, 2025.",13:59,Alternate Demo Track ( Unexported ) [ Open Verse ],Studio Session & Pro Tools Export
806,WOD,21,Ignorant (v1) Bigger And Better | Killing My Vibe Song was originally untitled.,Juice WRLD,Rex Kudo,"Max Lord, Maher Woo-Shear & Rex Kudo","Song is unfinished, contains an open verse. Samples Mickey Roze's vocals.",Session Title: MICKEY ACAPELLA RECOV juice wrld mia v1.0.ptx Folder: Roadtrip,,"Metropolis Recording Studio, Chiswick, London, England.","Mickey's Vocals September 10, 2018. Juice's Vocals September 21, 2018.",-,"Surfaced February 10, 2026. Session Surfaced December 10, 2025.",14:00,Original Demo Track ( Unexported ) [ Open Verse ],Studio Session & Pro Tools Export
807,WOD,22,Legends (v1.1) legends :(,Juice WRLD,Russell Chell & Take A Daytrip,Max Lord,-,Session Title: take a day trip juice v1.1 legends.ptx Folder Title: take a day trip juice,Take A Daytrip x Russ Chell - Orange Drink [inst demo 1],"Chalice Recording Studio, West Hollywood, Los Angeles, CA.","Recorded June 18, 2018.","First Previewed June 18, 2018.","Surfaced February 10, 2026. Session Surfaced December 8, 2025.",3:09,Alternate Demo Track ( Unexported ) [ Complete ],Studio Session & Pro Tools Export
808,WOD,23,Legends (v1.2) legends :(,Juice WRLD,Russell Chell & Take A Daytrip,Max Lord,-,Session Title: take a day trip juice v1.2 legends.ptx Folder Title: take a day trip juice,Take A Daytrip x Russ Chell - Orange Drink [inst demo 1],"Chalice Recording Studio, West Hollywood, Los Angeles, CA.","Recorded June 18, 2018.",-,"Surfaced February 10, 2026. Session Surfaced December 8, 2025.",3:09,Alternate Demo Track ( Unexported ) [ Complete ],Studio Session & Pro Tools Export
809,WOD,24,Legends (v1.3) legends :(,Juice WRLD,Russell Chell & Take A Daytrip,Max Lord,-,Session Title: take a day trip juice v1.3 legends.ptx Folder Title: take a day trip juice,Take A Daytrip x Russ Chell - Orange Drink [inst demo 1],"Chalice Recording Studio, West Hollywood, Los Angeles, CA.","Recorded June 18, 2018.",-,"Surfaced February 10, 2026. Session Surfaced December 8, 2025.",3:09,Alternate Demo Track ( Unexported ) [ Complete ],Studio Session & Pro Tools Export
810,WOD,25,Legends (v1.4) legends :(,Juice WRLD,Russell Chell & Take A Daytrip,Max Lord,-,Session Title: take a day trip juice v1.4 legends.ptx Folder Title: take a day trip juice,Take A Daytrip x Russ Chell - Orange Drink [inst demo 1],"Chalice Recording Studio, West Hollywood, Los Angeles, CA.","Recorded June 18, 2018.",-,"Surfaced February 10, 2026. Session Surfaced December 8, 2025.",3:09,Alternate Demo Track ( Unexported ) [ Complete ],Studio Session & Pro Tools Export
811,WOD,26,Legends (v1.5) legends :(,Juice WRLD,Russell Chell & Take A Daytrip,Max Lord,-,Session Title: take a day trip juice v1.5 legends.ptx Folder Title: take a day trip juice,Take A Daytrip x Russ Chell - Orange Drink [inst demo 1],"Chalice Recording Studio, West Hollywood, Los Angeles, CA.","Recorded June 18, 2018.",-,"Surfaced February 10, 2026. Session Surfaced December 8, 2025.",3:09,Alternate Demo Track ( Unexported ) [ Complete ],Studio Session & Pro Tools Export
812,WOD,27,Legends (v1) legends :(,Juice WRLD,Russell Chell & Take A Daytrip,Max Lord,-,Session Title: take a day trip juice v1.0 legends.ptx Folder Title: take a day trip juice,Take A Daytrip x Russ Chell - Orange Drink [inst demo 1],"Chalice Recording Studio, West Hollywood, Los Angeles, CA.","Recorded June 18, 2018.",-,"Surfaced February 10, 2026. Session Surfaced December 8, 2025.",3:09,Original Demo Track ( Unexported ) [ Complete ],Studio Session & Pro Tools Export
813,WOD,28,Morgue* Song is untitled.,Juice WRLD,"Boi-1da , Frank Dukes & Unknown",BJ Mekk & Matthew Jacobson,-,Session Title: Song 4.ptx Folder Title: Song 4 FD,Instrumental (1): 2020 - HERO.mp3 [FRANK DUKES] Instrumental (2): 2020 - FRANK HERO BEAT_Master,"Paramount Recording Studio, Santa Monica, Los Angeles, CA.","Recorded May 28, 2018.",-,"Surfaced September 30, 2022. Session Surfaced September 30, 2022.",3:32,Scrapped Track ( Unexported ) [ No Structure ],Studio Session & Pro Tools Edit
814,WOD,29,Murda Gang Spaceship Song is untitled.,Juice WRLD,Brackz & Murda Beatz,Fabio Buemi & Klaus Knapp,-,Session Title: MURDA GANG.ptx,Instrumental: murda gang spaceship 140 Loop: Uzi Wave Sample_Master,"Trixx Music Production Recording Studio, Kreuzberg, Berlin, Germany.","Recorded June 28-29, 2018.","First Previewed June 29, 2018.","Surfaced November 14, 2024. Session Surfaced November 14, 2024.",3:13,Scrapped Track ( Unexported ) [ Open Verse ],Studio Session & Pro Tools Export
815,WOD,30,No Evidence* Song is untitled.,Juice WRLD,Cicero & DY Krazy,Florian Ongonga & Seth Firkins,-,Session Title (1): Juice Dy 2.ptx Session Title (2): Juice Dy2 08 27 18.ptx,DYNS82CICERO,"5Star Production Studio, Atlantic Station, Atlanta, GA.","Recorded August 27, 2018.",-,"Surfaced March 2, 2022. Session Surfaced March 2, 2022.",2:24,Scrapped Track ( Unexported ) [ Verse Only ],Studio Session & Pro Tools Export
816,WOD,31,No Rush* Song is untitled.,Juice WRLD,CuBeatz & DY Krazy,Florian Ongonga & Seth Firkins,-,Session Title: Juice DY 2.ptx,DYNS106CU,"5Star Production Studio, Atlantic Station, Atlanta, GA.","Recorded August 27, 2018.",-,"Surfaced June 22, 2022. Session Surfaced June 22, 2022.",2:22,Scrapped Track ( Unexported ) [ No Structure ],Studio Session & Pro Tools Export
817,WOD,32,Plight Song is untitled.,Juice WRLD,Nick Mira,Don Hulio,-,Session Title: Plight.ptx,Instrumental: NM - Plight 114BPM Loop: NM - Morgan V3 170BPM Loop Kit: Nick Mira - Durango Beat Pack: NM - Juice 5.16,"Classick Recording Studio, Humboldt Park, Chicago, IL.","Recorded June 1, 2018.","First Previewed June 1, 2018.","Surfaced June 28, 2023. Session Surfaced June 28, 2023.",4:30,Scrapped Track ( Unexported ) [ Hook Only ],Studio Session & Pro Tools Export
818,WOD,33,Ratio Song is untitled.,Juice WRLD,Nick Mira,Don Hulio,-,Session Title: Ratio.ptx,Instrumental: NM - Ratio 150BPM Beat Pack: NM - Juice 5.28,"Classick Recording Studio, Humboldt Park, Chicago, IL.","Recorded May 31, 2018.",-,"Surfaced June 28, 2023. Session Surfaced June 28, 2023.",3:12,Scrapped Track ( Unexported ) [ Hook Only ],Studio Session & Pro Tools Export
819,WOD,34,Real Right* Song is untitled.,Juice WRLD,"DY Krazy, Kid Wond3r & Wheezy",Florian Ongonga & Seth Firkins,-,Session Title: Juice DY 1.ptx,DYNS111wheezykid,"5Star Production Studio, Atlantic Station, Atlanta, GA.","Recorded August 26-27, 2018.",-,"Surfaced June 19, 2022. Session Surfaced June 19, 2022.",2:09,Scrapped Track ( Unexported ) [ Half Verse ],Studio Session & Pro Tools Export
820,WOD,35,Red Bull Terrified Song is untitled.,Juice WRLD,Nick Mira,BJ Mekk,Shares the same instrumental as MAJ's 'Savages'.,,Instrumental: NM - Redbull 160BPM MIDI: NM_Blush Beat Pack: NM - Juice 5.16,"Paramount Ameraycan Recording Studio, North Hollywood, Los Angeles, CA.","Recorded May 24, 2018.",-,"Surfaced September 21, 2020. Session Surfaced September 21, 2020.",3:12,Scrapped Track ( Unexported ) [ Missing Project File ],Studio Session & Pro Tools Edit
821,WOD,36,Red Guts Tattooed Tears Song is untitled.,Juice WRLD,Dre Moon & Metro Boomin',Fabio Buemi & Klaus Knapp,Shares the same instrumental as 'OKAY!!'.,Session Title: Red Guts.ptx,RED GUTS 73 METRO MOON BPM 118,"Trixx Music Production Recording Studio, Kreuzberg, Berlin, Germany.","Recorded June 29, 2018.","First Previewed November 18, 2024.","Surfaced December 6, 2024. Session Surfaced December 6, 2024.",4:24,Scrapped Track ( Unexported ) [ Hook Only ],Studio Session & Pro Tools Export
822,WOD,37,Sac Sac Song is untitled.,Juice WRLD,Murda Beatz,Cole Kruggel,-,Session Title: Sac Sac.ptx,sac sac 157,"Classick Recording Studio, Humboldt Park, Chicago, IL.","Recorded July 31, 2018.",-,"Surfaced June 28, 2023. Session Surfaced June 28, 2023.",2:51,Scrapped Track ( Unexported ) [ Open Verse ],Studio Session & Pro Tools Export
823,WOD,38,See The Difference* Song is untitled.,Juice WRLD,Southside & Unknown,Don Hulio,Shares the same instrumental as 'Who I Am Anymore*'.,Session Title: Southside.ptx,ROUTE80829YB,"Classick Recording Studio, Humboldt Park, Chicago, IL.","Recorded June 1, 2018.",-,"Surfaced June 28, 2023. Session Surfaced June 28, 2023.",3:15,Scrapped Track ( Unexported ) [ No Structure ],Studio Session & Pro Tools Export
824,WOD,39,She On Go (v1.1) Living In The Moment,Juice WRLD,Dre Moon,Max Lord,"Song is unfinished, contains an open verse.",Session Title: 1378 juice she on go v1.1.ptx Folder Title: 1378 juice,1378(160),"Chalice Recording Studio, West Hollywood, Los Angeles, CA.","Recorded June 20, 2018.",-,"Surfaced January 25, 2026. Session Surfaced January 25, 2026.",4:36,Alternate Demo Track ( Unexported ) [ Open Verse ],Studio Session & Pro Tools Export
825,WOD,40,She On Go (v1.2) Living In The Moment,Juice WRLD,Dre Moon,Max Lord,"Song is unfinished, contains an open verse.",Session Title: 1378 juice she on go v1.2.ptx Folder Title: 1378 juice,1378(160),"Chalice Recording Studio, West Hollywood, Los Angeles, CA.","Recorded June 20, 2018.",-,"Surfaced January 25, 2026. Session Surfaced January 25, 2026.",4:00,Alternate Demo Track ( Unexported ) [ Open Verse ],Studio Session & Pro Tools Export
826,WOD,41,She On Go (v1.3) Living In The Moment,Juice WRLD,Dre Moon,Max Lord,"Song is unfinished, contains an open verse.",Session Title: 1378 juice she on go v1.3.ptx Folder Title: 1378 juice,1378(160),"Chalice Recording Studio, West Hollywood, Los Angeles, CA.","Recorded June 20, 2018.",-,"Surfaced January 25, 2026. Session Surfaced January 25, 2026.",4:00,Alternate Demo Track ( Unexported ) [ Open Verse ],Studio Session & Pro Tools Export
827,WOD,42,She On Go (v1) Living In The Moment,Juice WRLD,Dre Moon,Max Lord,"Song is unfinished, contains an open verse.",Session Title: 1378 juice she on go v1.0.ptx Folder Title: 1378 juice,1378(160),"Chalice Recording Studio, West Hollywood, Los Angeles, CA.","Recorded June 20, 2018.",-,"Surfaced January 25, 2026. Session Surfaced January 25, 2026.",4:36,Original Demo Track ( Unexported ) [ Open Verse ],Studio Session & Pro Tools Export
828,WOD,43,"Sloppy Table 'Rarris, Rovers Song is untitled.",Juice WRLD,Wheezy,Florian Ongonga & Seth Firkins,-,Session Title: wheezy4 08 25 18.ptx,SLOPPY TABLE,"5Star Production Studio, Atlantic Station, Atlanta, GA.","Recorded August 25, 2018.",-,"Surfaced March 2, 2022. Session Surfaced March 2, 2022.",1:57,Scrapped Track ( Unexported ) [ Complete ],Studio Session & Pro Tools Export
829,WOD,44,Starstruck (v2),Juice WRLD,Andrew Watt & Louis Bell,"Andrew Watt, Eric Manco, Louis Bell & Paul LaMalfa",-,Session Title (1): 01 Star Struck.ptx Session Title (2): Star Struck.01.ptx,Future (Instrumental) - Guitar 4 (Instrumental) (122 BPM) (Version 1),"Intro, Hook, First Verse & Bridge Chalice Recording Studio, West Hollywood, Los Angeles, CA. Second Verse Gold Tooth Music Recording Studio, Beverly Hills, Los Angeles, CA.","Intro, Hook, First Verse & Bridge July 23-24, 2018. Second Verse July 26, 2018.",-,"Surfaced April 18, 2020. Session Surfaced April 18, 2020.",4:17,Alternate Demo Track ( Unexported ) [ Complete ],Studio Session & Pro Tools Export
830,WOD,45,Street Thing Song is untitled.,Juice WRLD,Murda Beatz,Fabio Buemi & Klaus Knapp,-,Session Title: Street Thing.ptx,street thing 151,"Trixx Music Production Recording Studio, Kreuzberg, Berlin, Germany.","Recorded June 28, 2018.","First Previewed November 13, 2024.","Surfaced December 6, 2024. Session Surfaced December 6, 2024.",3:25,Scrapped Track ( Unexported ) [ Hook Only ],Studio Session & Pro Tools Export
832,DRFL,1,10 Feet (v1.2) Ten Feet,Juice WRLD,"Arin Ray, Camden Bench & Cory Dean",Max Lord,Samples Daniel Caesar's 'Who Hurt You?'.,Juice Wrld - 10 feet v1.2 (october 27 18),Instrumental: October 27.18 (Lo Fi) [104bpm] [2018-10-27 225010] Instrumental Stems: October 27.18 (Stems) [104bpm],"Blue Room West Recording Studio, West Hollywood, Los Angeles, CA.","Recorded January 15, 2019.","First Previewed January 15, 2019.","Surfaced October 16, 2022.",3:38,Alternate Demo Track,Original Files .L/.R 1411kbps (.wav) 320kbps (.mp3)
833,DRFL,2,10 Feet ( v3 ) Ten Feet,Juice WRLD,"Arin Ray, Camden Bench & Cory Dean","Jacob Richards, Jaycen Joshua, Max Lord, Mike Seaberg & Rashawn McLean",Samples Daniel Caesar's 'Who Hurt You?'.,File Name: 10 Feet-main Mix V1 FNL Session Title: 10 Feet-OG Multitrack.ptx Folder Title: 10 Feet Deliverables,10 Feet-Instrumental V1 FNL,"Blue Room West Recording Studio, West Hollywood, Los Angeles, CA.","Recorded January 15, 2019. Files Exported February 22, 2019.",-,"Surfaced December 30, 2023. Deliverables Surfaced December 30, 2023.",3:36,Alternate Demo Track,Deliverable Session & Original Files 2822kbps (.wav)
834,DRFL,3,4 Instance (v1.2) For Instance,Juice WRLD,"Bobby Raps, DY Krazy & Tarentino",Max Lord,-,File Name: juice wrld - 4 instance v1.2 (DYRAQ136BOBTINO) Session Title: DYRAQ136BOBTINO v1.2 4 instance.ptx Folder Title: DYRAQ136BOBTINO,DYRAQ136BOBTINO,"Rented Home Recording Studio, Sandy Springs, Atlanta, GA.","Recorded November 30, 2018. File Exported December 1, 2018.","First Previewed January 25-26, 2019.","Surfaced January 30, 2023.",2:27,Alternate Demo Track,Original Files 2117kbps (.wav) 320kbps (.mp3)
835,DRFL,4,4L (v1.3) For Life | Whatever I Like,Juice WRLD,Zaytoven,Max Lord,-,juice wrld - 4L v1.3 (CRAYOLA zay),CRAYOLA,"Rented Home Recording Studio, West Hollywood, Los Angeles, CA.","Recorded November 15, 2018.","First Previewed November 19, 2018.","Surfaced November 13, 2020.",2:15,Alternate Demo Track,Original Files 2117kbps (.wav) 320kbps (.mp3)
836,DRFL,5,A-OK A-Okay | Bonjour | On Tour,Juice WRLD,Richie Souf,Max Lord,-,Juice Wrld - A OK v1.0 (rs 1950),rs_1950_122218_5,"Tour Bus Recording Studio, [ ? ], [ ? ], [ ? ].","Recorded February 23, 2019.","First Previewed February 23, 2019.","Surfaced July 15, 2021.",3:00,Throwaway Track,Original Files 2117kbps (.wav) 320kbps (.mp3)
837,DRFL,6,All Talk Bankroll,Juice WRLD,G. Ry & Hit-Boy,Max Lord,-,Juice Wrld - all talk v1.0 (chalice 2018 260 hit),chalice 2018-260,"Blue Room West Recording Studio, West Hollywood, Los Angeles, CA.","Recorded January 23, 2019.","First Previewed January 25-26, 2019.","Surfaced March 8, 2020.",2:24,Throwaway Track,Original Files 2117kbps (.wav) 320kbps (.mp3)
838,DRFL,7,Another Place (v1.2) In The Summer Song is titled after the instrumental.,Juice WRLD,Purps On The Beat,Max Lord,Interpolates 'Gave Her All Of Me*.,Juice Wrld - anotherplace purps v1.2,anotherplaceNOTAG150,"Blue Room West Recording Studio, West Hollywood, Los Angeles, CA.","Recorded January 23, 2019.","First Previewed January 25-26, 2019.","Surfaced November 5, 2019.",3:11,Alternate Demo Track,Original Files 2117kbps (.wav) 320kbps (.mp3)
839,DRFL,8,Anxiety (v1.1),Juice WRLD,Dorien Theus & Nick Mira,Max Lord,Shares the same instrumental as TyFontaine's 'Pay To Play'.,juice wrld - anxiety v1.1 (NM teenager),Instrumental: NM x DT - Teenager 160BPM Loop: DT - Teenager 160 MIDI: lesson Beat Pack: Nick Mira Juice 12.10.19,"Rented Home Recording Studio, Sandy Springs, Atlanta, GA.","Recorded December 13, 2018. File Exported January 1-3, 2019.","First Previewed December 13, 2018. First Teased December 13, 2018.","Surfaced August 15, 2020.",3:12,Alternate Demo Track,Original Files 2117kbps (.wav) 320kbps (.mp3)
840,DRFL,9,AP TikTok 2019 My Year | AP Tick-Tock,Juice WRLD,Ilya Salmanzadeh & Max Martin,Cory Bice & Ilya Salmanzadeh,-,AP TikTok 1.0,,"MXM Recording Studio, West Hollywood, Los Angeles, CA.","Recorded February 1, 2019.","First Previewed February 1, 2019.","Surfaced March 23, 2023.",2:48,Throwaway Track,Original File 320kbps (.mp3)
841,DRFL,10,Arctic Tundra (feat. Nicki Minaj) [ v6 ] Blonde Hair Song was originally called 'Girl With The Blonde Hair'.,Juice WRLD,"Dez Wright, Gezin, Max Lord & TM88",Aubry Delaine & Max Lord,Song originally began as a solo Juice WRLD track.,Blonde hair v6,Instrumental: JUUL MANGO 5 dez xTM88 160 BPM Loop: rokstar 160 BPM,"Juice's Vocals Paramount Recording Studio, Santa Monica, Los Angeles, CA.","Juice's Vocals June 6-7, 2018.","First Previewed May 8, 2023.","Surfaced June 12, 2023.",4:14,Alternate Feature Demo Track ( Complete ),Original File 192kbps (.mp3)
842,DRFL,11,Arctic Tundra (v2.2) Blonde Hair Song was originally called 'Girl With The Blonde Hair'.,Juice WRLD,"Dez Wright, Gezin, Max Lord & TM88",Max Lord,-,File Name: Juice WRLD - girl with the blonde hair v2.2 (GZ) Session Title: JUUL MANGO 6 actually 5 GZ juice v2.2 new beat.ptx Folder Title: JUUL MANGO 6 actually 5 TM GZ juice2,Instrumental: JUUL MANGO 5 new one Loop (1): GEZIN JUUL MANGO 5 main melody 1 Loop (2): GEZIN JUUL MANGO 5 main melody 2 Instrumental Stems: GEZIN JUUL MANGO 5,"Paramount Recording Studio, Santa Monica, Los Angeles, CA.","Recorded June 6-7, 2018. File Exported November 19, 2018.",-,"Surfaced December 2, 2022. Session Surfaced December 5, 2022.",3:15,Alternate Solo Demo Track ( Complete ),Studio Session & Original Files 2117kbps (.wav) 320kbps (.mp3)
843,DRFL,12,Arctic Tundra (v2) Blonde Hair Song was originally called 'Girl With The Blonde Hair'.,Juice WRLD,"Dez Wright, Gezin, Max Lord & TM88",Max Lord,-,File Name: Juice WRLD - girl with the blonde hair v2.0 (GZ) Session Title: JUUL MANGO 6 actually 5 GZ juice v2.0 new beat.ptx Folder Title: JUUL MANGO 6 actually 5 TM GZ juice2,Instrumental: JUUL MANGO 5 new one Loop (1): GEZIN JUUL MANGO 5 main melody 1 Loop (2): GEZIN JUUL MANGO 5 main melody 2 Instrumental Stems: GEZIN JUUL MANGO 5,"Paramount Recording Studio, Santa Monica, Los Angeles, CA.","Recorded June 6-7, 2018. File Exported November 18, 2018.",-,"Surfaced November 24, 2022. Session Surfaced December 5, 2022.",3:15,Alternate Solo Demo Track ( Complete ),Studio Session & Original File 320kbps (.mp3)
844,DRFL,13,Astray (v1.1),Juice WRLD,Jambo,Max Lord,-,Juice Wrld - astray v1.1 (999 jambo x),999 jambo x,"Blue Room West Recording Studio, West Hollywood, Los Angeles, CA.","Recorded January 15, 2019.","First Previewed January 15, 2019.","Surfaced May 16, 2019.",4:01,Alternate Demo Track,Original Files 2117kbps (.wav) 320kbps (.mp3)
845,DRFL,14,Attachments (v1.1),Juice WRLD,Richie Souf,Max Lord,-,File Name: Juice Wrld - attahments v1.1 (rs 1946) Session Title: rs 1946 v1.1 attachments.ptx,rs_1946_ ...,"Rented Home Recording Studio, Beverly Hills, Los Angeles, CA.","Recorded February 12-13, 2019. File Exported February 14, 2019.","First Previewed March 6, 2019. First Teased February 28, 2019.","Surfaced March 15, 2022.",2:38,Alternate Solo Demo File ( Complete ),Original Files 2117kbps (.wav) 320kbps (.mp3)
846,DRFL,15,Bandit (v1) Molly Savage Song was originally called 'Bad Bitch Bandit'.,Juice WRLD,Nick Mira,Florian Ongonga,-,JUICE - Bad Bitch Bandit Prod. Nick,Instrumental: NM - Seltzer 90BPM Beat Pack: nm - juice - oct 18,"Tree Sound Recording Studio, Norcross, Atlanta, GA.","Recorded December 1, 2018. .L/.R Files Exported April 3, 2019.",-,"Surfaced August 7, 2020.",3:33,Original Solo Demo Track,Original Files .L/.R 1536kbps (.wav) 320kbps (.mp3)
847,DRFL,16,Barbarian (v1.1) Song was originally called 'Vandal'.,Juice WRLD,Nick Mira,Max Lord,Shares a very similar instrumental with Yung Bans' 'Red Dead'.,juice wrld - vandal v1.1,Instrumental: NM - Arthur 151BPM Loop: nick mira_cutthroat_140 Loop Kit: Nick Mira - Majesty Beat Pack: Nick Mira Juice 12.10.19,"Rented Home Recording Studio, Sandy Springs, Atlanta, GA.","Recorded December 13-14, 2018.","First Previewed January 22, 2019. First Teased January 16, 2019.","Surfaced October 28, 2020.",2:30,Alternate Demo Track ( Complete ),Original Files 2117kbps (.wav) 320kbps (.mp3)
848,DRFL,17,Best Believe (v1.1),Juice WRLD,Hit-Boy,Max Lord,Shares the same instrumental as Iann Dior's 'I Wanna See You Naked*'.,Juice Wrld - best believe v1.1 (chalice 2018 265),chalice 2018-265,"Blue Room West Recording Studio, West Hollywood, Los Angeles, CA.","Recorded January 23, 2019.",-,"Surfaced October 11, 2019.",3:18,Alternate Demo Track,Original Files 2117kbps (.wav) 320kbps (.mp3)
849,DRFL,18,Better Off Alone (v1.2),Juice WRLD,Max Lord & PVLACE,Max Lord,-,juice wrld - better off alone v1.2 (margate143),margate 143,"Rented Apartment Recording Studio, Downtown, Chicago, IL.","Recorded November 1, 2018.","First Teased February 17, 2019.","Surfaced October 2, 2019.",3:47,Alternate Demo Track,Original Files 2117kbps (.wav) 320kbps (.mp3)
850,DRFL,19,"Big (v1.3) Song was originally titled 'Hit-Boys 2030', after the instrumental.",Juice WRLD,"Corbett, Hit-Boy & Treshaun Beatz",Max Lord,-,juice wrld - hit boys 2030 v1.3,Instrumental: Hit-Boys2030 2018 Loop: Emeralds Instrumental Stems: Hit-Boys2030 juice,"Blue Room West Recording Studio, West Hollywood, Los Angeles, CA.","Recorded January 11, 2019. .L/.R Files Exported January 15, 2019.","First Previewed February 6, 2019.","Surfaced January 14, 2023.",3:31,Alternate Demo Track,Original Files .L/.R 1411kbps (.wav) 320kbps (.mp3)
851,DRFL,20,"Big ( v7 ) Song was originally titled 'Hit-Boys 2030', after the instrumental.",Juice WRLD,"Corbett, Hit-Boy & Treshaun Beatz","Evan Swayne, Jacob Richards, Jaycen Joshua, Max Lord, Mike Seaberg & Rashawn McLean",-,File Name (Explicit): Big-Main Mix V5 FNL File Name (Clean): Big-Main Mix V5 FNL CLN Session Title: Big-OG Multitrack.ptx Folder Title: Big Deliverables,Instrumental: Big-Instrumental V5 FNL Loop: Emeralds,"Blue Room West Recording Studio, West Hollywood, Los Angeles, CA.","Recorded January 11, 2019. Files Exported February 22, 2019.",-,"Surfaced July 8, 2023. Deliverables Surfaced July 8, 2023.",3:45,Alternate Demo Track,Deliverable Session & Original Files 2822kbps (.wav)
852,DRFL,21,Big Dog,Juice WRLD,Nick Mira,Florian Ongonga,-,JUICE - BIG DOG Prod. Nick,Instrumental: NM - Mankind 140BPM Beat Pack: nm - juice - oct 18,"Tree Sound Recording Studio, Norcross, Atlanta, GA.","Recorded November 28-29, 2018.","First Previewed December 2, 2018.","Surfaced November 13, 2020.",3:56,Throwaway Track,Original File 320kbps (.mp3)
853,DRFL,22,Bye Bye (v1.3),Juice WRLD,Marshmello,Max Lord,-,juice mello - bye bye v1.3 (mello juice 2),mello juice 2,"Rented Home Recording Studio, West Hollywood, Los Angeles, CA.","Recorded December 19, 2018. File Exported December 20, 2018.","First Previewed February 27, 2019. First Teased April 5, 2019.","Surfaced September 28, 2019.",3:16,Alternate Demo Track,Original Files 2117kbps (.wav) 320kbps (.mp3)
854,DRFL,23,Came Up Purple Ocean Song is titled after the instrumental.,Juice WRLD,CakeBoy Bally,Max Lord,-,File Name: cameup cakeboy v1.0 Session Title: cameup cakeboy v1.0.ptx,cameup bpm152 cakeboybally,-,"File Exported November 22, 2022.","First Previewed September 26, 2023.","Surfaced October 4, 2023.",2:34,Throwaway Track ( Complete ),Original Files 2117kbps (.wav) 320kbps (.mp3)
855,DRFL,24,Casualty (v1.1) Draco On Me,Juice WRLD,Nick Mira,Max Lord,-,juice wrld - casualty v1.1 (NM puma),Instrumental: NM - Puma 160BPM Beat Pack: Nick Mira Juice 12.10.19,"Rented Home Recording Studio, Sandy Springs, Atlanta, GA.","Recorded December 12-13, 2018.","First Previewed December 12-13, 2018.","Surfaced January 16, 2021.",2:52,Alternate Demo Track,Original Files 2117kbps (.wav) 320kbps (.mp3)
856,DRFL,25,CEO Dropping Tears Song is titled after the instrumental.,Juice WRLD,BasedKash & SP5DER,Max Lord,-,,ceo,-,-,"First Previewed September 9, 2024.","Surfaced August 21, 2025.",2:58,Throwaway Track ( Open Verse ),320kbps (.mp3)
857,DRFL,26,Chance* New Man,Juice WRLD,Hit-Boy,Max Lord,-,,,"Blue Room West Recording Studio, West Hollywood, Los Angeles, CA.","Recorded January 15-16, 2019.","First Previewed January 15-16, 2019.","Surfaced February 20, 2024.",2:11,Throwaway Track,320kbps (.mp3)
858,DRFL,27,Chase My Highs ( v1 ) My Feelings,Juice WRLD,Gezin,Max Lord,-,chase my highs,JUUL MANGO … GZ x TM88 162 BPM,"Rented Home Recording Studio, West Hollywood, Los Angeles, CA.","Recorded November 9, 2018. File Exported March 17, 2021.","First Previewed November 9, 2018.","Surfaced September 27, 2023.",3:09,Original Demo Track,Original Files 2117kbps (.wav) 320kbps (.mp3)
859,DRFL,28,Cheat Code (v1.2) Jack And Jill,Juice WRLD,Marshmello & Southside,Max Lord,-,juice wrld - Cheat Code v1.2 (ROUTE80841mello),ROUTE80841mello,"Rented Home Recording Studio, West Hollywood, Los Angeles, CA.","Recorded November 12, 2018.","First Previewed November 12, 2018.","Surfaced January 20, 2020.",3:31,Alternate Demo Track,Original Files 2117kbps (.wav) 320kbps (.mp3)
860,DRFL,29,Codeine Cobain (v1.2),Juice WRLD,Purps On The Beat,Max Lord,"Song is unfinished, contains an open verse.",juice wrld - codeine cobain v1.2 (product purps),product purps,"Paramount Recording Studio, Santa Monica, Los Angeles, CA.","Recorded October 22, 2018.",-,"Surfaced September 18, 2019.",4:22,Alternate Demo Track ( Open Verse ),Original File 320kbps (.mp3)
861,DRFL,30,Codeine Guzzler,Juice WRLD,Bobby Raps & DY Krazy,Florian Ongonga,-,JUICE - CODINE GUZZLER Prod. DY,,"Tree Sound Recording Studio, Norcross, Atlanta, GA.","Recorded November 29, 2018.","First Previewed November 29, 2018.","Surfaced August 21, 2020.",2:54,Throwaway Track,Original File 320kbps (.mp3)
862,DRFL,31,Come & Go (v1) Ruin This One Song was originally called 'And Go'.,Juice WRLD,Gezin & Nobu,Max Lord,-,File Name: juice wrld - and go v1.0 (Solid Rock 43) Session Title: solid rock 43 GZ v1.0 and go.ptx Folder Title: solid rock 43 GZ,Instrumental: solid rock 43 x nobu Loop (1): solid rock 43 melody 1 Loop (2): solid rock 43 melody 2 Instrumental Stems: solid rock 43,"Rented Home Recording Studio, Sandy Springs, Atlanta, GA.","Recorded November 30, 2018. File Exported December 1, 2018.","First Previewed November 30, 2018. First Teased December 1, 2018.","Surfaced August 18, 2019.",2:29,Original Demo Track,Original Files 2117kbps (.wav) 320kbps (.mp3)
863,DRFL,32,Condone It (v1) Song was originally untitled.,Juice WRLD,"Boi-1da, Jahaan Sweet, TBHits & Tone Jones",Billy Hickey,-,File Name: Juice_Boi1da_Tommy Brown 4 Session Title: Juice_Boi1da_Tommy Brown 4.ptx,3030 - VJ TB ENDS BEAT,"Paramount Recording Studio, Santa Monica, Los Angeles, CA.","Recorded December 19, 2018.","First Previewed December 19, 2018.","Surfaced July 16, 2019. Session Surfaced February 23, 2023.",2:39,Original Demo Track,Studio Session & Original File 320kbps (.mp3)
864,DRFL,33,Confide (v1.2),Juice WRLD,Seezyn,Max Lord,Samples Marc Garcia's 'Forgotten'.,juice wrld - confide ruff v1.2 (ghoul SZN),ghoul,"Rented Home Recording Studio, West Hollywood, Los Angeles, CA.","Recorded November 10, 2018.","First Previewed November 10, 2018.","Surfaced September 28, 2020.",3:34,Alternate Demo Track,Original Files 2117kbps (.wav) 320kbps (.mp3)
865,DRFL,34,Cuffed (v1.2) Victorious,Juice WRLD,Nick Mira,Max Lord,-,juice wrld - cuffed v1.2 (NM tonyhawk),Instrumental: NM - Tonyhawk 153BPM Beat Pack: Nick Mira Juice 12.10.19,"Rented Home Recording Studio, Sandy Springs, Atlanta, GA.","Recorded December 13, 2018.","First Previewed December 13, 2018.","Surfaced October 10, 2021.",4:11,Alternate Demo Track,Original File 320kbps (.mp3)
866,DRFL,35,Cursed (v1.1) Lotti Dotti Blu-Ray,Juice WRLD,Nick Mira,Max Lord,Shares a very similar instrumental with Iann Dior's 'Emotions'.,juice wrld - cursed v1.1 (NM yourloss),Instrumental: NM - Yourloss 150BPM Loop: nick mira_cupidcantwin_150 Loop Kit: Nick Mira - Majesty Beat Pack: Nick Mira Juice 12.10.19,"Rented Home Recording Studio, Sandy Springs, Atlanta, GA.","Recorded December 12-13, 2018.","First Previewed December 2, 2020.","Surfaced March 16, 2021.",4:03,Alternate Demo Track,Original File 320kbps (.mp3)
867,DRFL,36,Death Race Death Race For Love,Juice WRLD,G. Ry & Hit-Boy,Max Lord,"Song is unfinished, contains an open verse.",HB x juicewrld Death Race_1,,"Chalice Recording Studio, West Hollywood, Los Angeles, CA.","Recorded January 9-10, 2019.",-,"Surfaced July 25, 2019.",2:04,Throwaway Track ( Open Verse ),Original File 320kbps (.mp3)
868,DRFL,37,Demonz (Interlude) [ v2 ],Brent Faiyaz,"Atu, Brent Faiyaz & Paperboy Fabe",Unknown,-,DEMO_1,,-,"Brent's Vocals January [ ? ], 2019. File Exported February 10, 2019.",-,"Surfaced December 30, 2023.",1:36,Alternate Demo Track,Original File 2822kbps (.wav)
869,DRFL,38,Demonz (Interlude) [ v4 ],Brent Faiyaz,"Atu, Brent Faiyaz & Paperboy Fabe","Jacob Richards, Jaycen Joshua, Mike Seaberg, Rashawn McLean & Unknown",-,File Name: Demonz-Main Mix V1 FNL Session Title: Demonz-OG Multitrack.ptx Folder Title: Demonz Deliverables,Demonz-Instrumental V1 FNL,-,"Brent's Vocals January [ ? ], 2019. Files Exported February 22, 2019.",-,"Surfaced December 30, 2023. Deliverables Surfaced December 30, 2023.",1:37,Alternate Demo Track,Deliverable Session & Original Files 2822kbps (.wav)
870,DRFL,39,Desire (v1.1) Song is titled after the instrumental.,Juice WRLD,Purps On The Beat,Max Lord,"Song is unfinished, contains an open verse.",File Name: Juice Wrld - desire purps v1.1 Session Title: Desire purps v1.1.ptx Folder Title: Desire purps,Instrumental: DesireNOTAG148 Instrumental Stems: Desire,"Blue Room West Recording Studio, West Hollywood, Los Angeles, CA.","Recorded January 12, 2019.","First Teased January 12, 2019.","Surfaced January 14, 2023. Session Surfaced January 25, 2026.",3:13,Alternate Demo Track ( Open Verse ),Studio Session & Original Files 2117kbps (.wav) 320kbps (.mp3)
871,DRFL,40,Desire (v1.1) [Preview] Song is titled after the instrumental.,Juice WRLD,Purps On The Beat,Max Lord,-,File Name: Juice Wrld - desire purps v1.1 PREVIEW Session Title: Desire purps v1.1.ptx Folder Title: Desire purps,Instrumental: DesireNOTAG148 Instrumental Stems: Desire,"Blue Room West Recording Studio, West Hollywood, Los Angeles, CA.","Recorded January 12, 2019.",-,"Surfaced January 25, 2026. Session Surfaced January 25, 2026.",1:53,Alternate Misc. Track ( Complete ),Studio Session & Original File 320kbps (.mp3)
872,DRFL,41,Desire (v1.2) Song is titled after the instrumental.,Juice WRLD,Purps On The Beat,Max Lord,-,File Name: Juice Wrld - desire purps v1.2 Session Title: Desire purps v1.2.ptx Folder Title: Desire purps,Instrumental: DesireNOTAG148 Open Verse File: Juice Wrld - desire purps v1.1 Instrumental Stems: Desire,"Blue Room West Recording Studio, West Hollywood, Los Angeles, CA.","Intro, Pre-Hook, Hook & First Verse January 12, 2019. Pre-Intro & Second Verse January 22, 2019. Files Exported January 23, 2019.","First Teased January 23, 2019.","Surfaced October 16, 2022.",3:53,Alternate Demo Track,Original Files 2117kbps (.wav) .L/.R 1411kbps (.wav) 320kbps (.mp3)
873,DRFL,42,Desire ( v4 ) Song is titled after the instrumental.,Juice WRLD,Purps On The Beat,"Jaycen Joshua, Max Lord & Unknown",-,File Name: Desire-Main Mix V3 JJ Session Title: Desire-OG Multitrack.ptx Folder Title: Desire Deliverables,Desire-Full Instrumental V3 FNL,"Blue Room West Recording Studio, West Hollywood, Los Angeles, CA.","Intro, Pre-Hook, Hook & First Verse January 12, 2019. Pre-Intro & Second Verse January 22, 2019. File Exported February 19, 2019.",-,"Surfaced July 7, 2023. Deliverables Surfaced July 7, 2023.",3:14,Alternate Demo Track,Deliverable Session & Original File 1411kbps (.wav)
874,DRFL,43,Desire ( v5 ) Song is titled after the instrumental.,Juice WRLD,Purps On The Beat,"Jacob Richards, Jaycen Joshua, Max Lord, Mike Seaberg & Rashawn McLean",-,File Name (Explicit): Desire-Main Mix V3 FNL File Name (Clean): Desire-Main Mix V3 FNL-CLN Session Title: Desire-OG Multitrack.ptx Folder Title: Desire Deliverables,Desire-Full Instrumental V3 FNL,"Blue Room West Recording Studio, West Hollywood, Los Angeles, CA.","Intro, Pre-Hook, Hook & First Verse January 12, 2019. Pre-Intro & Second Verse January 22, 2019. Files Exported February 22, 2019.",-,"Surfaced July 7, 2023. Deliverables Surfaced July 7, 2023.",3:14,Alternate Demo Track,Deliverable Session & Original Files 2822kbps (.wav)
875,DRFL,44,Dismissed (v1.4) Willing To Die,Juice WRLD,Zaytoven,Max Lord,Shares the same instrumental as G Herbo's 'My Bro's A Legend'.,juice wrld - dismissed v1.4 (MADE FOR zay),MADE FOR,"Rented Home Recording Studio, West Hollywood, Los Angeles, CA.","Recorded November 15, 2018. File Exported November 16, 2018.",-,"Surfaced December 8, 2020.",3:27,Alternate Demo Track,Original Files 2117kbps (.wav) 320kbps (.mp3)
876,DRFL,45,Don't Got Time (v1.1),Juice WRLD,Hit-Boy,Max Lord,-,Juice Wrld - dont got time v1.1 (chalice 164),chalice 2018-164,"Rented Home Recording Studio, Beverly Hills, Los Angeles, CA.","Recorded February 15, 2019.","First Previewed February 15, 2019. First Teased March 7, 2019.","Surfaced August 25, 2019.",4:32,Alternate Demo Track,Original Files 2117kbps (.wav) 320kbps (.mp3)
877,DRFL,46,Doubting Me* Same Old,Juice WRLD,Hit-Boy,Max Lord,-,,,"Rented Home Recording Studio, Beverly Hills, Los Angeles, CA.","Recorded February 12, 2019.","First Previewed February 12, 2019. First Teased March 7, 2019.","Surfaced June 28, 2024.",3:41,Throwaway Track,320kbps (.mp3)
878,DRFL,47,Ducks (v1.3) Sitting Ducks,Juice WRLD,Gezin,Max Lord,-,juice wrld - ducks v1.3 (REWARDS 26 GZ),REWARDS 26,"Paramount Recording Studio, Santa Monica, Los Angeles, CA.","Recorded October 22, 2018.","First Previewed October 22, 2018. First Teased October 31, 2018.","Surfaced September 1, 2019.",3:27,Alternate Demo Track,Original File 320kbps (.mp3)
879,DRFL,48,Empty (v1.3),Juice WRLD,Nick Mira,Max Lord,-,juice wrld - empty v1.3 (NM redeemer),Instrumental: NM - Redeemer 155BPM Beat Pack: nm - juice - oct 18,"Rented Home Recording Studio, West Hollywood, Los Angeles, CA.","Recorded November 12, 2018. .L/.R Files Exported November 13, 2018.","First Previewed November 12, 2018. First Teased December 13, 2018.","Surfaced September 1, 2022.",4:07,Alternate Demo Track,Original Files .L/.R 1411kbps (.wav) 320kbps (.mp3)
880,DRFL,49,Empty ( v2 ),Juice WRLD,Nick Mira,"Jaycen Joshua, Max Lord & Unknown",-,File Name: Empty-Main Mix V1 JJ Session Title: Empty-OG Multitrack.ptx Folder Titles: Empty Deliverables,Empty-Full Instrumental V1 FNL,"Rented Home Recording Studio, West Hollywood, Los Angeles, CA.","Recorded November 12, 2018. File Exported February 12, 2019.",-,"Surfaced September 22, 2022. Deliverables Surfaced September 22, 2022.",4:07,Alternate Demo Track,Deliverable Session & Original File 1411kbps (.wav)
881,DRFL,50,Empty ( v3 ),Juice WRLD,Nick Mira,"Jacob Richards, Jaycen Joshua, Max Lord, Mike Seaberg & Rashawn McLean",-,File Name (Explicit): Empty-Main Mix V1 FNL File Name (Clean): Empty-Main Mix V1 FNL-CLN Session Title: Empty-OG Multitrack.ptx Folder Titles: Empty Deliverables,Empty-Full Instrumental V1 FNL,"Rented Home Recording Studio, West Hollywood, Los Angeles, CA.","Recorded November 12, 2018. Files Exported February 23, 2019.",-,"Surfaced September 22, 2022. Deliverables Surfaced September 22, 2022.",4:07,Alternate Demo Track,Deliverable Session & Original Files 2822kbps (.wav)
882,DRFL,51,False Truth (v1.1) Fighting Off My Demons | Take My Soul,Juice WRLD,"Forza, Oogie Mane & Turton",Max Lord,-,juice wrld - false truth v1.1 (bnvb ugi),Instrumental: bnvb ugi Loop (1): Oldie But A Goldie Loop (2): Code Black-like Lead 2 Loop (3): Code Black-like Lead 3,"Rented Home Recording Studio, West Hollywood, Los Angeles, CA.","Recorded December 20-21, 2018.","First Previewed December 10, 2021.","Surfaced March 9, 2022.",3:00,Alternate Demo Track,Original Files 2117kbps (.wav) 320kbps (.mp3)
883,DRFL,52,Faster* Cadaver,Juice WRLD,Forza,Max Lord,-,,,"Rented Home Recording Studio, West Hollywood, Los Angeles, CA.","Recorded December 20-21, 2018.","First Previewed January 18, 2023.","Surfaced March 9, 2024.",2:21,Throwaway Track,320kbps (.mp3)
884,DRFL,53,Feel It*,Juice WRLD,Forza & Oogie Mane,Max Lord,-,,,"Rented Home Recording Studio, West Hollywood, Los Angeles, CA.","Recorded December 20-21, 2018.","First Previewed December 6, 2023.","Surfaced August 22, 2024.",3:14,Throwaway Track,320kbps (.mp3)
885,DRFL,54,Feeling (v1.2) Feelin' | Feelin' ( About U ) Song was originally called 'Feelin' (About You)'.,Juice WRLD,Nick Mira,Max Lord,-,File Name: juice wrld - feelin v1.2 (about u) (nm adobe) Session Title: NM Adobe v1.2 about u.ptx Folder Title: NM Adobe,Instrumental: NM - Adobe 160BPM Beat Pack: juice wrld 12.16,"Blue Room West Recording Studio, West Hollywood, Los Angeles, CA.","Recorded January 11, 2019. Files Exported January 16, 2019.","First Previewed January 11, 2019.","Surfaced September 24, 2022.",3:24,Alternate Demo Track,Original Files 2117kbps (.wav) .L/.R 1411kbps (.wav) 320kbps (.mp3)
886,DRFL,55,Feeling ( v3 ) Feelin' | Feelin' ( About U ) Song was originally called 'Feelin' (About You)'.,Juice WRLD,Nick Mira,"Jacob Richards, Jaycen Joshua, Max Lord, Mike Seaberg & Rashawn McLean",-,File Name (Explicit): Feelin-Main Mix V1 FNL File Name (Clean): Feelin-Main Mix V1 FNL CLN Session Title: Feelin-OG Multitrack.ptx Folder Title: Feelin Deliverables,Feelin-Instrumental V1 FNL,"Blue Room West Recording Studio, West Hollywood, Los Angeles, CA.","Recorded January 11, 2019. Files Exported February 23, 2019.",-,"Surfaced July 8, 2023. Deliverables Surfaced July 8, 2023.",3:25,Alternate Demo Track,Deliverable Session & Original Files 2822kbps (.wav)
887,DRFL,56,Fire (v1.2),Juice WRLD,"Cardo Got Wings, Johnny Julianno & Sheila's Son",Max Lord,-,Juice Wrld - fire v1.2 (aura),aura,"Blue Room West Recording Studio, West Hollywood, Los Angeles, CA.","Recorded January 12-13, 2019.","First Previewed March 4, 2019.","Surfaced January 19, 2020.",3:09,Alternate Demo Track,Original Files 2117kbps (.wav) 320kbps (.mp3)
888,DRFL,57,Flaws And Sins (v1.1),Juice WRLD,Nick Mira,Max Lord,Samples Ginuwine's 'Pony'.,File Name: juice wrld - flaws and sins v1.1 (NM barefoot) Session Title: NM barefoot v1.1 flaws and sins.ptx Folder Title: NM barefoot,Instrumental: NM - Barefoot 150BPM Loop: nm_barefoot beach_150 Loop Kit: Nick Mira - Gasolina 3 Beat Pack: nm - juice - oct 18,"Rented Home Recording Studio, West Hollywood, Los Angeles, CA.","Recorded November 14, 2018.",-,"Surfaced June 22, 2022. Session Surfaced June 22, 2022.",3:37,Alternate Demo Track,Studio Session & Original Files 2117kbps (.wav) 320kbps (.mp3)
889,DRFL,58,Flaws And Sins ( v3 ),Juice WRLD,Nick Mira,"Austin Patton, Jacob Richards, Jaycen Joshua, Max Lord, Mike Seaberg & Rashawn McLean",Samples Ginuwine's 'Pony'.,File Name (Explicit): Flaws and Sins-Main Mix V1 FNL File Name (Clean): Flaws and Sins-Main Mix V1 FNL CLN Session Title: Flaws and Sins-OG Multitrack.ptx Folder Title: Flaws and Sins Deliverables,Instrumental: Flaws and Sins-Instrumental V1 FNL Loop: nm_barefoot beach_150 Loop Kit: Nick Mira - Gasolina 3,"Rented Home Recording Studio, West Hollywood, Los Angeles, CA.","Recorded November 14, 2018. Files Exported February 23, 2019.",-,"Surfaced June 22, 2022. Deliverables Surfaced September 24, 2024.",3:39,Alternate Demo Track,Deliverable Session & Original Files 2822kbps (.wav)
890,DRFL,59,For A Tee Damn Right | What I Wanna Do,Juice WRLD,"Boi-1da, Jahaan Sweet & Unknown",Max Lord,-,Session Title: 3030 j drumn 1 beat v1.0 for a Tee.ptx Folder Title: 3030 j drumn beat,3030 - J DRUMN 1 BEAT,"Blue Room West Recording Studio, West Hollywood, Los Angeles, CA.","Recorded January 10, 2019.","First Previewed January 21-22, 2019.","Surfaced January 28, 2021.",3:44,Throwaway Track ( Complete ),320kbps (.mp3)
891,DRFL,60,Forever (v1.1),Juice WRLD,JRHITMAKER & Nick Mira,Max Lord,-,File Name: forever Session Title: NM Timeouts v1.1 forever.ptx Folder Title: NM Timeouts,Instrumental: NM x JR - Timeouts 146BPM Loop: JR - Trip 140 Loop Kit: JRHITMAKER - Camo Beat Pack: nm - juice - oct 18,"Rented Home Recording Studio, West Hollywood, Los Angeles, CA.","Recorded November 8-9, 2018. File Exported November 10, 2022.","First Previewed July 10, 2023.","Surfaced January 16, 2024.",3:30,Alternate Solo Demo Track ( Complete ),Original Files 2117kbps (.wav) 320kbps (.mp3)
892,DRFL,61,From Afar (v1.2),Juice WRLD,"Boi-1da, DRTWORK & Jahaan Sweet",Max Lord,-,Juice Wrld - from afar v1.2 (4040 DRT J PLZ 1da),4040 - DRT J PLS 1DA BEAT,"Blue Room West Recording Studio, West Hollywood, Los Angeles, CA.","Recorded January 23, 2019.",-,"Surfaced August 31, 2019.",3:47,Alternate Demo Track,Original Files 2117kbps (.wav) 320kbps (.mp3)
893,DRFL,62,From My Window (v1) WRLD My Window Song was originally called 'World Through My Window'.,Juice WRLD,Charlie Handsome & Nick Mira,Florian Ongonga,Shares the same instrumental as Iann Dior's 'Change'.,File Name: JUICE - WORLD THROUGH MY WINDOW Prod. Nick Session Title: JUICE 2.ptx,Instrumental: NM x CH - Joseph 154BPM Loop: ECO Hurricanes 154 Beat Pack: nick juice oct 29 2018,"Tree Sound Recording Studio, Norcross, Atlanta, GA.","Recorded December 1, 2018.","First Previewed December 1, 2018.","Surfaced June 22, 2020. Session Surfaced February 13, 2023.",3:06,Original Demo Track,Studio Session & Original File 320kbps (.mp3)
894,DRFL,63,Get Geeked (feat. Juice WRLD) [ v4 ] Get Geekd',Ski Mask The Slump God,"Binnz, G Koop & WondaGurl","Alex Tumay, LGfive & Max Lord",Song originally began as a solo Ski Mask The Slump God track.,Ski Mask ft JuiceWrld - Get Geeked - Mix 3 05,Open Verse File: Skimask x WG - Get Geeked (rough) [LGMIX],"Juice's Vocals Paramount Recording Studio, Santa Monica, Los Angeles, CA.","Juice's Vocals June 11, 2018. File Exported November 21, 2018.",-,"Surfaced July 25, 2019.",2:51,Alternate Feature Demo Track,Original File 2304kbps (.wav)
895,DRFL,64,Get No Peace* Perky Potter,Juice WRLD,Nick Mira,Max Lord,-,,Beat Pack: Nick Mira x Juice 1.6,"Blue Room West Recording Studio, West Hollywood, Los Angeles, CA.","Recorded January 11, 2019.","First Previewed January 11, 2019.","Surfaced August 31, 2024.",2:59,Throwaway Track,320kbps (.mp3)
896,DRFL,65,Get Over It (v1.3) Heart Of Mine,Juice WRLD,Gezin,Max Lord,-,juice wrld - get over it v1.3 (solid rock 14 GZ),solid rock 14,"Rented Home Recording Studio, West Hollywood, Los Angeles, CA.","Recorded November 8, 2018.",-,"Surfaced August 25, 2020.",3:01,Throwaway Track,Original Files 2117kbps (.wav) 320kbps (.mp3)
897,DRFL,66,Give Me My Fix (v1.1) 4 A.M.,Juice WRLD,Nick Mira,Max Lord,-,juice wrld - give me my fix v1.1 (NM rink),Instrumental: NM - Rink 150BPM Beat Pack: Nick Mira Juice 12.10.19,"Rented Home Recording Studio, Sandy Springs, Atlanta, GA.","Recorded December 12-13, 2018.","First Previewed February [ ? ], 2019.","Surfaced August 25, 2020.",3:37,Throwaway Track,Original Files 2117kbps (.wav) 320kbps (.mp3)
898,DRFL,67,Hear Me Calling (v1.1) Hear Me Callin' | One And Only Song was originally called '1 And Only'.,Juice WRLD,J.Views & Purps On The Beat,Max Lord,"Song is unfinished, contains an open verse.",File Name: Juice Wrld - 1 and only v1.1 (nye2018) Session Title: nye2018 purps 1 and only v1.1.ptx Folder Title: nye2018 purps,Instrumental: nye2018.2NOTAG178 Instrumental Stems: nye2018.2,"Blue Room West Recording Studio, West Hollywood, Los Angeles, CA.","Recorded January 12, 2019.",-,"Surfaced January 14, 2023. Session Surfaced January 25, 2026.",3:11,Alternate Demo Track ( Open Verse ),Studio Session & Original Files 2117kbps (.wav) 320kbps (.mp3)
899,DRFL,68,Hear Me Calling (v1.2) Hear Me Callin' | One And Only Song was originally called '1 And Only'.,Juice WRLD,J.Views & Purps On The Beat,Max Lord,-,File Name: Juice Wrld - 1 and only v1.2 (nye2018) Session Title: nye2018 purps 1 and only v1.2.ptx Folder Title: nye2018 purps,Instrumental: nye2018.2NOTAG178 Open Verse File: Juice Wrld - 1 and only v1.1 (nye2018) Instrumental Stems: nye2018.2,"Blue Room West Recording Studio, West Hollywood, Los Angeles, CA.","Intro, Hook & First Verse January 12, 2019. Outro & Second Verse January 23, 2019.","First Previewed January 23, 2019.","Surfaced April 21, 2023.",3:11,Alternate Demo Track,Original Files 2117kbps (.wav) .L/.R 1058kbps (.wav) 320kbps (.mp3)
900,DRFL,69,Hear Me Calling ( v4 ) Hear Me Callin' | One And Only Song was originally called '1 And Only'.,Juice WRLD,J.Views & Purps On The Beat,"Jacob Richards, Jason Williams, Jaycen Joshua, Max Lord, Mike Seaberg & Rashawn McLean",-,File Name (Explicit): Hear Me Callin-Main Mix V3 FNL (Radio Edit) File Name (Clean): Hear Me Callin-Main Mix V3 FNL (Radio Edit) CLN Session Title: Hear Me Calling-OG Multitrack.ptf Folder Title: Hear Me Calling Deliverables,Hear Me Callin-Instrumental V3 FNL (Radio Edit),"Blue Room West Recording Studio, West Hollywood, Los Angeles, CA.","Intro, Hook & First Verse January 12, 2019. Outro & Second Verse January 23, 2019. Files Exported February 26, 2019.",-,"Surfaced July 8, 2023. Deliverables Surfaced July 8, 2023.",3:00,Alternate Demo Track,Deliverable Session & Original Files 2822kbps (.wav)
901,DRFL,70,Hear Me Calling ( v5 ) Hear Me Callin' | One And Only Song was originally called '1 And Only'.,Juice WRLD,J.Views & Purps On The Beat,"Jacob Richards, Jason Williams, Jaycen Joshua, Max Lord, Mike Seaberg & Rashawn McLean",-,File Name (Explicit): Hear Me Calling-Main Mix V3-FNL FIX File Name (Clean): Hear Me Calling-Main Mix V3-FNL FIX CLN Session Title: Hear Me Calling-OG Multitrack.ptf Folder Title: Hear Me Calling Deliverables,,"Blue Room West Recording Studio, West Hollywood, Los Angeles, CA.","Intro, Hook & First Verse January 12, 2019. Outro & Second Verse January 23, 2019. Files Exported February 27, 2019.",-,"Surfaced July 8, 2023. Deliverables Surfaced July 8, 2023.",3:11,Alternate Demo Track,Deliverable Session & Original Files 2822kbps (.wav)
902,DRFL,71,Hear Me Calling ( v7 ) Hear Me Callin' | One And Only Song was originally called '1 And Only'.,Juice WRLD,J.Views & Purps On The Beat,"Jacob Richards, Jason Williams, Jaycen Joshua, Max Lord, Mike Seaberg & Rashawn McLean",-,File Name (Explicit): Hear Me Calling-Main Mix V4 FNL File Name (Clean): Hear Me Calling-Main Mix V4 FNL-CLN Session Title: Hear Me Calling-OG Multitrack.ptf Folder Title: Hear Me Calling Deliverables,Hear Me Calling-Full Instrumental V4 FNL,"Blue Room West Recording Studio, West Hollywood, Los Angeles, CA.","Intro, Hook & First Verse January 12, 2019. Outro & Second Verse January 23, 2019. Files Exported February 21, 2019.",-,"Surfaced July 8, 2023. Deliverables Surfaced July 8, 2023.",3:11,Alternate Demo Track,Deliverable Session & Original Files 2822kbps (.wav)
903,DRFL,72,HeMotions (feat. Ty Dolla $ign) Motions | Muddy Emotions | The Motions Song was originally called 'Devil Emoji'.,Juice WRLD,Hit-Boy,Max Lord & Unknown,Song originally began as a solo Juice WRLD track.,The Motions Ty V1,Hit-Boys2000,"Juice's Vocals Blue Room West Recording Studio, West Hollywood, Los Angeles, CA.","Juice's Vocals January 11, 2019.","First Previewed March 27, 2020.","Surfaced April 18, 2023.",3:22,Feature Track,Original File 320kbps (.mp3)
904,DRFL,73,HeMotions (v1.2) Motions | Muddy Emotions | The Motions Song was originally called 'Devil Emoji'.,Juice WRLD,Hit-Boy,Max Lord,"Song is unfinished, contains an open verse.",File Name: juice wrld - HeMotions v1.2 (hit boys2000) Session Title: hit boys2000 v1.2 HeMotions.ptx Folder Title: hit boys2000,Hit-Boys2000,"Blue Room West Recording Studio, West Hollywood, Los Angeles, CA.","Recorded January 11, 2019. Files Exported January 12, 2019.","First Previewed January 12, 2019.","Surfaced January 14, 2023. Session Surfaced January 25, 2026.",3:07,Alternate Solo Demo Track ( Open Verse ),Studio Session & Original Files 2117kbps (.wav) .L/.R 1411kbps (.wav) 320kbps (.mp3)
905,DRFL,74,HeMotions ( v3 ) Motions | Muddy Emotions | The Motions Song was originally called 'Devil Emoji'.,Juice WRLD,Hit-Boy,"Jaycen Joshua, Max Lord & Unknown",-,File Name: HeMotions-Main Mix V2 JJ Session Title: HeMotions-OG Multitrack.ptx Folder Title: HeMotions Deliverables,HeMotions-Full Instrumental V2 FNL,"Blue Room West Recording Studio, West Hollywood, Los Angeles, CA.","Recorded January 11, 2019. File Exported February 2, 2019.",-,"Surfaced July 6, 2023. Deliverables Surfaced July 6, 2023.",3:07,Alternate Solo Demo Track,Deliverable Session & Original File 1411kbps (.wav)
906,DRFL,75,HeMotions ( v4 ) Motions | Muddy Emotions | The Motions Song was originally called 'Devil Emoji'.,Juice WRLD,Hit-Boy,"Jacob Richards, Jaycen Joshua, Max Lord, Mike Seaberg, Rashawn McLean & Thomas Solis",-,File Name (Explicit): HeMotions-Main Mix V2 FNL File Name (Clean): HeMotions-Main Mix V2 FNL-CLN Session Title: HeMotions-OG Multitrack.ptx Folder Title: HeMotions Deliverables,HeMotions-Full Instrumental V2 FNL,"Blue Room West Recording Studio, West Hollywood, Los Angeles, CA.","Recorded January 11, 2019. Files Exported February 23, 2019.",-,"Surfaced July 6, 2023. Deliverables Surfaced July 6, 2023.",3:07,Alternate Solo Demo Track,Deliverable Session & Original Files 2822kbps (.wav)
907,DRFL,76,Herbo Flow Rich Off Rap,Juice WRLD,"G. Ry, Hit-Boy & Mark Sparks",Max Lord,Samples Grand Puba's 'I Like It'. Shares the same sample as 'Where I Need To Be'.,,,"Blue Room West Recording Studio, West Hollywood, Los Angeles, CA.","Recorded January 12, 2019.","First Previewed January 12, 2019.","Surfaced November 28, 2024.",3:07,Throwaway Track,320kbps (.mp3)
908,DRFL,77,Here I Go Again (v1.3) Mansion,Juice WRLD,"Cy Fyre, Purps On The Beat & Rex Kudo",Max Lord,-,juice wrld - here i go again v1.3 (cy rex purps),Cy Rex Purps 2,"Paramount Recording Studio, Santa Monica, Los Angeles, CA.","Recorded October 22, 2018.","First Previewed October 29, 2018.","Surfaced January 5, 2020.",4:41,Alternate Demo Track,Original File 320kbps (.mp3)
909,DRFL,78,Hide (feat. Seezyn) [v1.3],Juice WRLD,Neil Blanco & PD Beats,Justin Craig & Max Lord,-,hide juice seezyn v1.3,PDDIPPPPP,"Juice's Vocals Glass Tree Creative Recording Studio, Downtown, Chicago, IL.","Juice's Vocals April 3, 2018.",-,"Surfaced May 7, 2023.",3:26,Alternate Feature Demo Track ( Complete ),Original File 320kbps (.mp3)
910,DRFL,79,His To Keep (v1.1),Juice WRLD,Rvssian,Max Lord,-,juice wrld - his to keep v1.1 (rvssian dripping),Instrumental: rvssian DRIPPING 140 Open Verse File: juice wrld - his to keep v1.0 (rvssian dripping),"Blue Room West Recording Studio, West Hollywood, Los Angeles, CA.","Intro, Hook & First Verse January 11, 2019. Second Verse January 23, 2019.",-,"Surfaced September 6, 2019.",3:11,Alternate Demo Track,Original Files 2117kbps (.wav) 320kbps (.mp3)
911,DRFL,80,His To Keep (v1),Juice WRLD,Rvssian,Max Lord,"Song is unfinished, contains an open verse.",juice wrld - his to keep v1.0 (rvssian dripping),rvssian DRIPPING 140,"Blue Room West Recording Studio, West Hollywood, Los Angeles, CA.","Recorded January 11, 2019.","First Previewed January 11, 2019.","Surfaced January 14, 2023.",3:45,Original Demo Track ( Open Verse ),Original Files 2117kbps (.wav) 320kbps (.mp3)
912,DRFL,81,Hold It Down,Juice WRLD,Ilya Salmanzadeh & Max Martin,Cory Bice & Ilya Salmanzadeh,-,Hold It Down 1.0,,"MXM Recording Studio, West Hollywood, Los Angeles, CA.","Recorded February 1, 2019.","First Previewed January 18, 2023.","Surfaced March 23, 2023.",2:21,Throwaway Track,Original File 320kbps (.mp3)
913,DRFL,82,Hope I Did It* Down I Fall,Juice WRLD,DY Krazy & Wheezy,Max Lord,-,,,"The Dominican Hotel Recording Studio, Rue Neuve, Brussels, Belgium.","Recorded March 7, 2019.","First Previewed March 7, 2019.","Surfaced October 26, 2023.",2:51,Throwaway Track,320kbps (.mp3)
914,DRFL,83,I Need It (v1.1) Our Love Story,Juice WRLD,Nick Mira,Max Lord,-,juice wrld - I need it v1.1 (NM painless),Instrumental: NM - Painless 160BPM Loop: nm - forever in pain 160 Loop Kit: Nick Mira - Freakshow Beat Pack: Nick Mira Juice 12.10.19,"Rented Home Recording Studio, Sandy Springs, Atlanta, GA.","Recorded December 12-13, 2018.","First Teased December 24, 2018.","Surfaced March 13, 2022.",3:12,Alternate Demo Track,Original Files 2117kbps (.wav) 320kbps (.mp3)
915,DRFL,84,I Will Follow (feat. Juice WRLD) [v1.3] Try This,Young Thug,Tank God,Bainz & Max Lord,Song originally began as a solo Young Thug track.,thug juice i will follow ML v1.3 mix,Loop: Hills 151,-,-,"First Previewed July 7, 2019.","Surfaced June 12, 2020.",4:00,Alternate Demo Track,Original File 320kbps (.mp3)
916,DRFL,85,Javelin Drivin' So Fast Song is titled after the instrumental.,Juice WRLD,Nick Mira,Mixtri,"Song is unfinished, contains an open verse. Supposedly sent to Lil Uzi Vert, he was meant to be the featured artist over the open verse.","File Name: Juice Wrld - Javelin DEMO (FREE VERSE LIL UZI) Trackout Folder: Javelin Stems (150BPM, Emin)",Instrumental: NM - Javelin 150BPM Beat Pack: NM_Juice_June17,"Forbes Street Recording Studio, Woolloomooloo, Sydney, Australia.","Recorded January 3, 2019.",-,"Surfaced January 18, 2020. Trackouts Surfaced May 27, 2025.",3:24,Original Solo Demo Track ( Open Verse ),Trackout Session & Original File 320kbps (.mp3)
917,DRFL,86,Journey*,Juice WRLD,Ilya Salmanzadeh & Max Martin,Cory Bice & Ilya Salmanzadeh,-,,,"MXM Recording Studio, West Hollywood, Los Angeles, CA.","Recorded February 1, 2019.",-,"Surfaced March 23, 2023.",2:34,Throwaway Track,320kbps (.mp3)
918,DRFL,87,Juck Dome Song is titled after the instrumental.,Juice WRLD,CuBeatz & Nick Mira,Mixtri,-,"File Name: Juice Wrld - Juck (DEMO) Trackout Folder: Juck Stem Out (164BPM, AMaj)",Instrumental: NM x Cu - Juck 164BPM Loop: juck_83bpm Loop Kit: CuBeatz - nick mira x cubeatz 3 Beat Pack: NM_Juice August 4.18,"Forbes Street Recording Studio, Woolloomooloo, Sydney, Australia.","Recorded January 3, 2019.",-,"Surfaced January 18, 2020. Trackouts Surfaced November 18, 2023.",3:07,Throwaway Track,Trackout Session & Original File 320kbps (.mp3)
919,DRFL,88,Juice WRLD DID (v1.2) Another One | DJ Khaled Song was originally called 'Another 1'.,Juice WRLD,Nick Mira,Max Lord,"Shares the same instrumental as Yung Bans' 'Eeny, Miny, Moe'.",juice wrld - another 1 v1.2 (NM Chalice),Instrumental: NM - Chalice 148BPM Loop: nick mira_victorylaps_140 Loop Kit: Nick Mira - Majesty Beat Pack: Nick Mira Juice 12.10.19,"Rented Home Recording Studio, Sandy Springs, Atlanta, GA.","Recorded December 13, 2018. .L/.R Files Exported August 13, 2022.","First Previewed February 6, 2019.","Surfaced June 19, 2020.",3:27,Alternate Demo Track ( Complete ),Original Files 2117kbps (.wav) .L/.R 1411kbps (.wav) 320kbps (.mp3)
920,DRFL,89,Karma Can't Take The Pain | Designer,Juice WRLD,"DatBoiGetro, Gunboi & PVLACE",Max Lord,-,Juice Wrld - Karma v1.0 (emely),Instrumental: Emely beat Loop: EMELY A Minor 75 BPM Instrumental Stems: emely 154,"Hilton Munich Park Hotel Recording Studio, Tivoli, Munich, Germany.","Recorded February 20-21, 2019. File Exported February 20-28, 2019.","First Previewed March 3, 2019. First Teased May 1, 2019.","Surfaced June 5, 2025.",3:35,Throwaway Track ( Complete ),Original Files 2117kbps (.wav) 320kbps (.mp3)
921,DRFL,90,Keep That (v1.3),Juice WRLD,Dre Moon,Max Lord,-,File Name: Juice Wrld - 1724 moon v1.3 keep that Session Title: 1724 moon v1.3 keep that.ptx Folder Title: 1724 moon,1724(77),"Rented Home Recording Studio, Beverly Hills, Los Angeles, CA.","Recorded February 4-5, 2019. File Exported February 10, 2023.","First Previewed February 4-5, 2019.","Surfaced January 25, 2026.",3:13,Throwaway Track ( Complete ),Original Files 2117kbps (.wav) 320kbps (.mp3)
922,DRFL,91,KelTec Talk Hi-Tech Talk,Juice WRLD,DY Krazy,Florian Ongonga,-,JUICE - KILL TECH TOP Prod. DY,,"Tree Sound Recording Studio, Norcross, Atlanta, GA.","Recorded November 29, 2018.","First Previewed December 2, 2018.","Surfaced October 12, 2020.",3:02,Throwaway Track,Original File 320kbps (.mp3)
923,DRFL,92,Key Card (v1.2) Impatient,Juice WRLD,Seezyn,Max Lord,-,juice wrld - KEY CARD v1.2,KEY CARD,"Paramount Recording Studio, Santa Monica, Los Angeles, CA.","Recorded October 22, 2018.","First Teased November 11, 2018.","Surfaced March 2, 2020.",3:26,Alternate Demo Track,Original File 320kbps (.mp3)
924,DRFL,93,KTM Drip (v1.1) Don't Fall Off Song was originally called 'Yee-Haw'.,Juice WRLD,Dorien Theus & Nick Mira,Max Lord,-,juice wrld - yee haw v1.1 RUFF (ctrl NM),Instrumental: NM x DT - Ctrl 160BPM Loop: DT - CleanBean 160 Loop Kit: DT - Grace Beat Pack: nick juice oct 29 2018,"Rented Home Recording Studio, West Hollywood, Los Angeles, CA.","Recorded November 17, 2018.","First Previewed November 17, 2018.","Surfaced March 9, 2022.",4:11,Alternate Solo Demo Track ( Complete ),Original File 320kbps (.mp3)
925,DRFL,94,Kurtis Blow (v1.1) Lord Knows,Juice WRLD,DY Krazy & Wheezy,Max Lord,-,Juice Wrld - kurtis Blow v1.1 (DYNS207WHEEZY),DYNS207WHEEZY,"Blue Room West Recording Studio, West Hollywood, Los Angeles, CA.","Recorded January 13-14, 2019. File Exported January 15, 2019.","First Previewed January 13-14, 2019.","Surfaced January 24, 2023.",2:05,Alternate Demo Track,Original Files 2117kbps (.wav) 320kbps (.mp3)
926,DRFL,95,Lair (v1.2) Leave Me Alone | Void,Juice WRLD,Cardo Got Wings,Max Lord,"Song is unfinished, contains an open verse.",juice wrld - Lair v1.2 MASE 3 Cardo open,MASE 3 Cardo,"Blue Room West Recording Studio, West Hollywood, Los Angeles, CA.","Recorded January 11, 2019. File Exported April 20-29, 2019.","First Previewed January 11, 2019.","Surfaced March 3, 2022.",2:54,Alternate Demo Track ( Open Verse ),Original Files 2117kbps (.wav) 320kbps (.mp3)
927,DRFL,96,Late Night Something Ain't Right,Juice WRLD,Southside & Unknown,Max Lord,"Song is unfinished, contains an open verse.",Juice Wrld -Late night v1.0 henderson 1 2,henderson 1 2,"Blue Room West Recording Studio, West Hollywood, Los Angeles, CA.","Recorded January 12, 2019.","First Previewed January 12, 2019.","Surfaced December 20, 2023.",3:44,Throwaway Track ( Open Verse ),Original File 320kbps (.mp3)
928,DRFL,97,Late Night (v1.1) Amazing,Juice WRLD,T-Minus,Patrik Ehrenbald-Plummer,-,File Name: Juice - Late Night 1.1 Session Title: Juice fluseasons.ptx,TMINUS fluseasons,"Serenity West Recording Studio, Hollywood, Los Angeles, CA.","Recorded December 23, 2018.","First Previewed February 6, 2019.","Surfaced November 14, 2020. Session Surfaced March 4, 2024.",2:42,Alternate Demo Track,Studio Session & Original Files 2304kbps (.wav) 320kbps (.mp3)
929,DRFL,98,Late Night (v1) Amazing,Juice WRLD,T-Minus,Patrik Ehrenbald-Plummer,-,File Name: Juice - Late Night Session Title: Juice fluseasons.ptx,TMINUS fluseasons,"Serenity West Recording Studio, Hollywood, Los Angeles, CA.","Recorded December 23, 2018.",-,"Surfaced February 26, 2023. Session Surfaced March 4, 2024.",2:42,Original Demo Track,Studio Session & Original Files 2304kbps (.wav) 320kbps (.mp3)
930,DRFL,99,Late Night Thoughts,Juice WRLD,Nick Mira,Florian Ongonga,Shares the same instrumental as Poorstacy's 'Safety'.,JUICE - LATE NIGHT THOUGHTS Prod. NIck,Instrumental: NM - Dawn 168BPM Beat Pack: nm_juice 9.19,"Tree Sound Recording Studio, Norcross, Atlanta, GA.","Recorded December 1, 2018.","First Previewed May 17, 2022. First Teased December 1, 2018.","Surfaced June 8, 2022.",3:37,Throwaway Track,Original File 320kbps (.mp3)
931,DRFL,100,Leave Me Dead Change | Contained Song is titled after the instrumental.,Juice WRLD,Seezyn,Max Lord,-,,LEAVE ME DEAD,"Rented Home Recording Studio, West Hollywood, Los Angeles, CA.","Recorded November 10, 2018.","First Previewed November 10, 2018.","Surfaced June 1, 2021.",3:29,Throwaway Track,320kbps (.mp3)
932,DRFL,101,Lesson*,Juice WRLD,BasedKash,Max Lord,-,,dang,-,-,"First Previewed February 10, 2024.","Surfaced July 29, 2024.",1:48,Throwaway Track,320kbps (.mp3)
933,DRFL,102,Lock Box,Juice WRLD,G. Ry & Hit-Boy,Max Lord,-,HB x juice 3 v1.0 Lock Box,,"Chalice Recording Studio, West Hollywood, Los Angeles, CA.","Recorded January 9-10, 2019.",-,"Surfaced July 27, 2019.",2:21,Throwaway Track,Original File 320kbps (.mp3)
934,DRFL,103,Long Weekend* (v1) Rims Song is untitled.,Juice WRLD,Nikko Bunkin & Swae,Kevin Celik,"Song is unfinished, contains an open verse.",File Name: JUICE 12.4 3 KC_RUF Session Title: JUICE 12.4 3.ptx,madusa [Prod By Nikko Bunkin & Swae],"Paramount Track Record North Studio, North Hollywood, Los Angeles, CA.","Recorded December 5, 2018.","First Previewed December 5, 2018.","Surfaced September 23, 2022. Session Surfaced February 12, 2025.",3:42,Original Demo Track ( Open Verse ),Studio Session & Original File 224kbps (.mp3)
935,DRFL,104,Look (v1.2) Look At Me,Juice WRLD,Dorien Theus,Max Lord,-,juice wrld - LOOK v1.2 (dt finest),DT - Finest 170BPM,"Rented Home Recording Studio, West Hollywood, Los Angeles, CA.","Recorded December 20-22, 2018.","First Previewed October 31, 2023.","Surfaced December 2, 2024.",3:34,Alternate Demo Track ( Complete ),Original File 320kbps (.mp3)
936,DRFL,105,Lost In My Head (v1.4),Juice WRLD,Ilya Salmanzadeh & Max Martin,Cory Bice & Ilya Salmanzadeh,-,Lost in my head 1.4,,"MXM Recording Studio, West Hollywood, Los Angeles, CA.","Recorded February 1, 2019.","First Previewed March 22, 2023.","Surfaced March 23, 2023.",2:47,Alternate Demo Track,Original File 320kbps (.mp3)
937,DRFL,106,Lurkin' Lotti Lotti | New Girl,Juice WRLD,Gezin & Snaremax,Max Lord,-,File Name: juice wrld - Lurkin v1.0 (solid rock 49) Session Title: solid rock 49 GZ lurkin v1.0.ptx Folder Title: solid rock 49 GZ,solid rock 49 x snaremax,"Rented Home Recording Studio, Sandy Springs, Atlanta, GA.","Recorded November 30, 2018. File Exported December 1, 2018.","First Previewed November 30, 2018. First Teased February 20, 2019.","Surfaced July 13, 2020. Session Surfaced September 22, 2022.",2:08,Throwaway Track,Studio Session & Original Files 2117kbps (.wav) 320kbps (.mp3)
938,DRFL,107,Make Believe (v1) Song was originally untitled.,Juice WRLD,"Boi-1da, Jahaan Sweet, TBHits & Tone Jones",Billy Hickey,Samples Luiz Bonfá & Stan Getz's 'Saudade Vem Correndo'.,File Name: Juice_Boi1da_Tommy Brown 1_12.18.18 Session Title: Moving Away 1.ptx Session Title (2): Juice_Boi1da_Tommy Brown 1.ptx,Instrumental: 3030 - TJ JUICE BEAT Instrumental Stems: 3030 - TJ JUICE BEAT (FILES),"Paramount Recording Studio, Santa Monica, Los Angeles, CA.","Recorded December 18, 2018.","First Previewed December 18, 2018.","Surfaced October 16, 2022. Session Surfaced February 28, 2023.",2:02,Original Demo Track,Studio Session & Original Files 2822kbps (.wav) 320kbps (.mp3)
939,DRFL,108,Make Believe ( v2 ) Song was originally untitled.,Juice WRLD,"Boi-1da, Jahaan Sweet, TBHits & Tone Jones",Billy Hickey & Unknown,Samples Luiz Bonfá & Stan Getz's 'Saudade Vem Correndo'.,JuiceWRLD - Make Believe,Instrumental: 3030 - TJ JUICE BEAT Instrumental Stems: 3030 - TJ JUICE BEAT (FILES),"Paramount Recording Studio, Santa Monica, Los Angeles, CA.","Recorded December 18, 2018.",-,"Surfaced January 22, 2023.",2:22,Alternate Demo Track,Original File 160kbps (.mp3)
940,DRFL,109,Make Believe ( v9 ) Song was originally untitled.,Juice WRLD,"Boi-1da, Jahaan Sweet, TBHits & Tone Jones","Billy Hickey, Jacob Richards, Jaycen Joshua, Max Lord, Mike Seaberg & Rashawn McLean",Samples Luiz Bonfá & Stan Getz's 'Saudade Vem Correndo'.,File Name (Explicit): Make Believe-Main Mix V6 FNL-Sped Up 2bpm File Name (Clean): Make Believe-Main Mix V6 FNL CLN-Sped Up 2bpm Session Title: Make Believe-OG Multitrack.ptx Folder Title: Make Believe Deliverables,Make Believe-Instrumental V6 FNL-Sped Up 2bpm,"Paramount Recording Studio, Santa Monica, Los Angeles, CA.","Recorded December 18, 2018. Files Exported February 23, 2019.",-,"Surfaced November 22, 2022. Deliverables Surfaced November 22, 2022.",2:21,Alternate Demo Track,Deliverable Session & Original Files 2822kbps (.wav)
941,DRFL,110,Make No Noise Kill 'Em,Juice WRLD,Dee Jae & T-Minus,Patrik Ehrenbald-Plummer,-,File Name: Juice - Make No Noise Session Title: Juice deejayrock.ptx,TMINUS deejaerock,"Serenity West Recording Studio, Hollywood, Los Angeles, CA.","Recorded December 23, 2018.","First Previewed January 3, 2019.","Surfaced October 17, 2022. Session Surfaced July 13, 2023.",3:04,Throwaway Track,Studio Session & Original Files 2304kbps (.wav) 320kbps (.mp3)
942,DRFL,111,Mama Said,Juice WRLD,Bobby Raps & DY Krazy,Florian Ongonga,-,JUICE - MAMA SAID Prod. DY,,"Tree Sound Recording Studio, Norcross, Atlanta, GA.","Recorded November 29, 2018.",-,"Surfaced September 15, 2022.",3:02,Throwaway Track,Original File 320kbps (.mp3)
943,DRFL,112,Mannequin Challenge (with Young Thug) [v1] Grandpa Drippin',Juice WRLD & Young Thug,T-Minus,Bainz & Florian Ongonga,-,Manikin Challege,,"Tree Sound Recording Studio, Norcross, Atlanta, GA.","Recorded December 1, 2018.","First Previewed March 20, 2019. First Teased May 23, 2019.","Surfaced August 30, 2023.",2:39,Original Demo Track ( Complete ),Original File 320kbps (.mp3)
944,DRFL,113,Maze (v1.2),Juice WRLD,"Boi-1da, Don Mills & Jahaan Sweet",Max Lord,-,juice wrld - Maze v1.2 (SWEET MILOS),Instrumental: 3030 - SWEET MILOS BEAT - B Minor Open Verse File: juice wrld - Maze v1.0 (SWEET MILOS) Loop: 2. VINTAGE 4 (160 BPM) REF Instrumental Stems: 3030 - SWEET MILOS BEAT,"Blue Room West Recording Studio, West Hollywood, Los Angeles, CA.","Intro, Hook & First Verse January 10, 2019. Second Verse January 23, 2019.",-,"Surfaced January 16, 2020.",3:24,Alternate Demo Track,Original Files 2117kbps (.wav) .L/.R 1411kbps (.wav)
945,DRFL,114,Maze (v1),Juice WRLD,"Boi-1da, Don Mills & Jahaan Sweet",Max Lord,"Song is unfinished, contains an open verse.",File Name: juice wrld - Maze v1.0 (SWEET MILOS) Session Title: 3030 SWEET MILOS 2 v1.0 Maze.ptx Folder Title: 3030 SWEET MILOS 2,Instrumental: 3030 - SWEET MILOS BEAT - B Minor Loop: 2. VINTAGE 4 (160 BPM) REF Instrumental Stems: 3030 - SWEET MILOS BEAT,"Blue Room West Recording Studio, West Hollywood, Los Angeles, CA.","Recorded January 10, 2019. File Exported January 11, 2019.",-,"Surfaced January 14, 2023. Session Surfaced January 25, 2026.",3:36,Original Demo Track ( Open Verse ),Studio Session & Original Files 2117kbps (.wav) 320kbps (.mp3)
946,DRFL,115,Maze (v1) [Preview],Juice WRLD,"Boi-1da, Don Mills & Jahaan Sweet",Max Lord,-,File Name: juice wrld - Maze v1.0 PREVIEW Session Title: 3030 SWEET MILOS 2 v1.0 Maze.ptx Folder Title: 3030 SWEET MILOS 2,Instrumental: 3030 - SWEET MILOS BEAT - B Minor Loop: 2. VINTAGE 4 (160 BPM) REF Instrumental Stems: 3030 - SWEET MILOS BEAT,"Blue Room West Recording Studio, West Hollywood, Los Angeles, CA.","Recorded January 10, 2019. File Exported January 18, 2019.",-,"Surfaced January 25, 2026. Session Surfaced January 25, 2026.",2:05,Original Misc. Track ( Complete ),Studio Session & Original File 320kbps (.mp3)
947,DRFL,116,Maze ( v4 ),Juice WRLD,"Boi-1da, Don Mills & Jahaan Sweet","Jacob Richards, Jaycen Joshua, Max Lord, Mike Seaberg, Ramon Gonzalez & Rashawn McLean",-,File Name: Maze-Main Mix V2 FNL Session Title: Maze-OG Multitrack.ptx Folder Title: Maze Deliverables,Instrumental: Maze-Instrumental V2 FNL Loop: 2. VINTAGE 4 (160 BPM) REF,"Blue Room West Recording Studio, West Hollywood, Los Angeles, CA.","Recorded January 10, 2019. Files Exported February 24, 2019.",-,"Surfaced October 16, 2022. Deliverables Surfaced December 30, 2023.",2:24,Alternate Demo Track,Deliverable Session & Original Files 2822kbps (.wav)
948,DRFL,117,McLaren Drive I Don't Care | Stop And Stare | Tic-Tac-Toe,Juice WRLD,Nick Mira,Florian Ongonga,-,JUICE - MACLAREN DRIVE Prod. NIck,Instrumental: NM - Injection 160BPM Beat Pack: nick juice oct 29 2018,"Tree Sound Recording Studio, Norcross, Atlanta, GA.","Recorded November 30, 2018.","First Previewed November 30, 2018.","Surfaced April 22, 2021.",3:17,Throwaway Track,Original File 320kbps (.mp3)
949,DRFL,118,Memo* Sip Slow,Juice WRLD,Unknown,Max Lord,-,,,-,-,"First Previewed February 10, 2024.","Surfaced August 22, 2024.",1:35,Throwaway Track,320kbps (.mp3)
950,DRFL,119,Miles Away (v1.1) Elevate Song is titled after the instrumental.,Juice WRLD,Nick Mira,Max Lord,"Song is unfinished, contains an open verse.",juice wrld -NM milesaway v1.1,Instrumental: NM - Milesaway 155BPM Loop Stems: nm - thousandmilesaway 160 Loop Kit: Nick Mira - Freakshow Beat Pack: nm - juice - oct 18,"Rented Apartment Recording Studio, Downtown, Chicago, IL.","Recorded November 3, 2018. File Exported November 1-9, 2018",-,"Surfaced January 1, 2020.",4:07,Alternate Demo Track ( Open Verse ),Original Files 2117kbps (.wav) 320kbps (.mp3)
951,DRFL,120,"Mo' Bucks (with Seezyn) [v1] Song was originally titled 'Sting', after the instrumental.",Juice WRLD & Seezyn,Marz,Seezyn,-,seezyn & Juice Wrld - STING (unmixed),sting,"Rented Home Recording Studio , West Hollywood , Los Angeles, CA.","Recorded November 11, 2018.","First Previewed August 20, 2019.","Surfaced August 17, 2025.",3:13,Original Demo Track ( Complete ),Original File 128kbps (.m4a)
952,DRFL,121,Moncler Year (v1.2),Juice WRLD,Gezin,Max Lord,-,juice wrld - Monclair year v1.2 (PSX 2),PSX 2,"Rented Home Recording Studio, Sandy Springs, Atlanta, GA.","Recorded November 30, 2018. File Exported December 1, 2018.",-,"Surfaced September 3, 2020.",2:47,Alternate Demo Track,Original Files 2117kbps (.wav)
953,DRFL,122,Morning Again In The Morning Again | Mint Juul,Juice WRLD,The Chainsmokers,The Chainsmokers,-,morning again,Mint Juul,"The Chainsmokers' Home Recording Studio, West Hollywood, Los Angeles, CA.","Recorded October 23, 2018.","First Previewed October 23, 2018. First Teased October 24, 2018.","Surfaced November 15, 2024.",3:06,Throwaway Track ( Complete ),Original File 320kbps (.mp3)
954,DRFL,123,MoshPit (feat. Juice WRLD) [v2.7],Kodak Black,Natra Average & SkipOnDaBeat,Dyryk & Max Lord,-,juice wrld - moshpit juice kodak 48k v1.7,,"Juice's Vocals [ ? ], [ ? ], Los Angeles, CA.","Kodak's Vocals August [ ? ], 2018. Juice's Vocals November 10-19, 2018.","First Teased December 12, 2018.","Surfaced May 7, 2023.",1:51,Alternate Feature Demo Track,Original Files 2117kbps (.wav) 320kbps (.mp3)
955,DRFL,124,Mr. Freeze (v1.1) Fleur-De-Lis,Juice WRLD,Max Lord & PVLACE,Max Lord,-,Juice Wrld - mr freeze v1.1 (margate 162),margate 162,"Cosmo Hotel Recording Studio, Friedrichswerder, Berlin, Germany.","Recorded February 27, 2019. File Exported April 20-29, 2019.","First Previewed February 27, 2019.","Surfaced July 26, 2020.",3:21,Alternate Demo Track,Original Files 2117kbps (.wav) 320kbps (.mp3)
956,DRFL,125,"Mula* Friends Song is titled '1772 Moon', after the instrumental.",Juice WRLD,Dre Moon,Max Lord,-,Juice Wrld - 1772 moon v1. 0,1772(82),"Rented Home Recording Studio, Beverly Hills, Los Angeles, CA.","Recorded February 4-5, 2019.","First Previewed March 19, 2025.","Surfaced February 10, 2026.",5:01,Throwaway Track ( Complete ),320kbps (.mp3)
957,DRFL,126,Must Be Nice (v1.2) Fireflies,Juice WRLD,Don Kevo & RicandThadeus,Max Lord,-,juice wrld - must be nice v1.2 (Pineapple),Pineapple,"Blue Room West Recording Studio, West Hollywood, Los Angeles, CA.","Recorded January 12, 2019.","First Previewed January 12, 2019.","Surfaced September 30, 2020.",2:29,Alternate Demo Track,Original Files 2117kbps (.wav) 320kbps (.mp3)
958,DRFL,127,Never Scared (feat. Juice WRLD) [v3.2],G Herbo,"CuBeatz, DY Krazy & Southside",Max Lord & Unknown,Song originally began as a solo G Herbo track.,never scared herbo juice ML mix 44k v1.2,,-,"File Exported November 20-29, 2018.",-,"Surfaced November 22, 2024.",3:20,Alternate Feature Demo Track ( Complete ),Original File 2117kbps (.wav)
959,DRFL,128,Never Scared (feat. Juice WRLD) [v3.3],G Herbo,"CuBeatz, DY Krazy & Southside",Max Lord & Unknown,Song originally began as a solo G Herbo track.,never scared herbo juice ML mix 44k v1.3,,-,"File Exported November 20-29, 2018.",-,"Surfaced November 22, 2024.",3:20,Alternate Feature Demo Track ( Complete ),Original File 2117kbps (.wav)
960,DRFL,129,Never Scared (feat. Juice WRLD) [v3.4],G Herbo,"CuBeatz, DY Krazy & Southside",Max Lord & Unknown,Song originally began as a solo G Herbo track.,File Name (Explicit): never scared herbo juice ML mix 44k v1.4 File Name (Clean): never scared herbo juice ML mix 44k v1.4 CLEAN v1.0,,-,"Explicit File Exported November 20-29, 2018. Clean File Exported December 1-9, 2018.",-,"Surfaced November 22, 2024.",3:20,Alternate Feature Demo Track ( Complete ),Original Files 2117kbps (.wav)
961,DRFL,130,Nightmare (v1.4),Juice WRLD,Max Lord & PVLACE,Max Lord,"Song is unfinished, contains an open verse.",juice wrld - nightmare v1.4 (margate142),margate 142,"Rented Apartment Recording Studio, Downtown, Chicago, IL.","Recorded November 1, 2018.",-,"Surfaced August 12, 2019.",6:09,Alternate Demo Track ( Open Verse ),Original Files 2117kbps (.wav) 320kbps (.mp3)
962,DRFL,131,No Coaster Do The Most | The Coast,Juice WRLD,"Andrew Watt, Louis Bell & Nick Mira",Florian Ongonga,-,JUICE - NO COSTER Prod. Nick,Instrumental: nm x lou x watt - goldfish 135BPM Loop (1): Idea 1 (Immortal Goldfish) - 01 - Slide Guitar 1 (130 BPM) Loop (2): Idea 1 (Immortal Goldfish) - 02 - Guitar 1 (130 BPM) Loop (3): Idea 1 (Immortal Goldfish) - 03 - Guitar Verse (130 BPM) Beat Pack: nick juice oct 29 2018,"Tree Sound Recording Studio, Norcross, Atlanta, GA.","Recorded November 29, 2018. File Exported November 15, 2020.","First Previewed November 29, 2018.","Surfaced July 20, 2021.",3:47,Original Solo Demo Track,Original Files 2304kbps (.wav) 320kbps (.mp3)
963,DRFL,132,No Good (v1.2) No Good Woman,Juice WRLD,Rvssian,Max Lord,-,File Name: juice wrld rvssian - no good v1.2 ruff (911) Session Title: rvssian 911 no good v1.2.ptx Folder Title: rvssian 911,RVSSIAN 911 ACC 170 BPM,"Electric Feel Recording Studio, West Hollywood, Los Angeles, CA.","Recorded November 7, 2018.","First Previewed March 5, 2019.","Surfaced August 18, 2019. Session Surfaced June 28, 2023.",4:19,Alternate Demo Track,Studio Session & Original Files 2117kbps (.wav) 320kbps (.mp3)
964,DRFL,133,"No Hands* (v1.1) Been Afraid Song is titled '1748 Moon', after the instrumental.",Juice WRLD,Dre Moon,Max Lord,-,File Name: Juice Wrld - 1748 moon v1.1 Session Title: 1748 moon v1.1.ptx,1748(74),"Rented Home Recording Studio, Beverly Hills, Los Angeles, CA.","Recorded February 4-5, 2019. File Exported February 10, 2023.","First Previewed September 26, 2023.","Surfaced November 17, 2024.",3:58,Alternate Demo Track ( Complete ),Original File 2117kbps (.wav)
965,DRFL,134,No Issues (with G Herbo),Juice WRLD,"G. Ry, Hit-Boy & Mike Crook",Max Lord,-,File Name (1): hit x juice 6 herbo v1.0 File Name (2): Juice Wrld ft. Herbo v1.0,,"Chalice Recording Studio, West Hollywood, Los Angeles, CA.","Recorded January 10, 2019.",-,"Surfaced July 25, 2019.",3:35,Throwaway Track,Original File 320kbps (.mp3)
966,DRFL,135,No Jumper (v1.1),Juice WRLD,Marshmello,Max Lord,-,juice wrld - no jumper v1.1 (mello juice 3),mello juice 3,"Rented Home Recording Studio, West Hollywood, Los Angeles, CA.","Recorded December 19, 2018. File Exported December 20, 2018.","First Previewed December 19, 2018. First Teased February 12, 2019.","Surfaced May 3, 2024.",3:04,Alternate Demo Track,Original Files 2117kbps (.wav) 320kbps (.mp3)
967,DRFL,136,Not An Option (v1.1) Stargazing,Juice WRLD,Nick Mira,Max Lord,-,juice wrld - not an option v1.1 (NM snowman),Instrumental: NM - Snowman 151BPM Beat Pack: Nick Mira Juice 12.10.19,"Rented Home Recording Studio, Sandy Springs, Atlanta, GA.","Recorded December 13-14, 2018.","First Previewed March 6, 2019.","Surfaced January 11, 2021.",3:49,Alternate Demo Track,Original File 320kbps (.mp3)
968,DRFL,137,Not Enough (v3) I Need You | Out Of Luck Song was originally called 'Gun Next To Me'.,Juice WRLD,Justin Craig & PD Beats,Justin Craig,Shares the same loop as ATEEZ's 'Dancing Like Butterfly Wings' & Bustafunk's 'Bouncy Delight'.,File Name: Not Enough (JCraigMix2) Session Title: jcraig1.ptx,Instrumental: Small Speaker (ROUGH) Loop: MdL TMS Guitar Loop - 90 BPM - G Major Instrumental Stems: Quiet ass speakers,"Glass Tree Creative Recording Studio, Downtown, Chicago, IL.","Recorded April 26-27, 2018. File Exported February 17, 2019.",-,"Surfaced September 13, 2023. Session Surfaced September 13, 2023.",3:12,Alternate Demo Track,Studio Session & Original Files 2117kbps (.wav) 320kbps (.mp3)
969,DRFL,138,Nuketown (feat. Juice WRLD) [v1.1] Song was originally called 'Cut Throat'.,Ski Mask The Slump God,Fresh ThPharmacy,LGfive & Max Lord,Shares the same sample as Sha Gz's 'New Opp' & Buni's 'Gulag (Pt. 2)'. Song originally began as a solo Ski Mask The Slump God track.,File Name: ski mask juice cut throat v1.1 Session Title: cut throat ski 48k v1.1.ptx Folder Title: cut throat ski 48k,Open Verse File: cut throat ski x juice Instrumental Stems: dfresh6,"Ski Mask's Vocals 5Star Production Studio, Atlantic Station, Atlanta, GA. Juice's Vocals Rented Home Recording Studio, West Hollywood, Los Angeles, CA.","Ski Mask's Vocals October [ ? ], 2018. Juice's Vocals November 20, 2018.",-,"Surfaced September 21, 2022. Session Surfaced February 14, 2023.",2:44,Alternate Feature Demo Track,Studio Session & Original Files 2304kbps (.wav) 320kbps (.mp3)
970,DRFL,139,Nuketown (feat. Juice WRLD) [v1.2] Song was originally called 'Cut Throat'.,Ski Mask The Slump God,Fresh ThPharmacy,LGfive & Max Lord,Shares the same sample as Sha Gz's 'New Opp' & Buni's 'Gulag (Pt. 2)'. Song originally began as a solo Ski Mask The Slump God track.,File Name: ski mask juice cut throat v1.2 Session Title: cut throat ski 48k v1.2.ptx Folder Title: cut throat ski 48k,Open Verse File: cut throat ski x juice Instrumental Stems: dfresh6,"Ski Mask's Vocals 5Star Production Studio, Atlantic Station, Atlanta, GA. Juice's Vocals Rented Home Recording Studio, West Hollywood, Los Angeles, CA.","Ski Mask's Vocals October [ ? ], 2018. Juice's Vocals November 20, 2018.",-,"Surfaced September 21, 2022. Session Surfaced February 14, 2023.",2:49,Alternate Feature Demo Track,Studio Session & Original Files 2304kbps (.wav) 320kbps (.mp3)
971,DRFL,140,Nuketown (feat. Juice WRLD) [ v2 ] Song was originally called 'Cut Throat'.,Ski Mask The Slump God,Fresh ThPharmacy,"Alex Tumay, LGfive & Max Lord",Shares the same sample as Sha Gz's 'New Opp' & Buni's 'Gulag (Pt. 2)'. Song originally began as a solo Ski Mask The Slump God track.,File Name (Explicit): Ski Mask ft JuiceWrld - Cut Throat - Main - Verse Swap_24 File Name (Clean): Ski Mask ft JuiceWrld - Cut Throat - Clean - Verse Swap.01_25,Instrumental Stems: dfresh6,"Ski Mask's Vocals 5Star Production Studio, Atlantic Station, Atlanta, GA. Juice's Vocals Rented Home Recording Studio, West Hollywood, Los Angeles, CA.","Ski Mask's Vocals October [ ? ], 2018. Juice's Vocals November 20, 2018. .L/.R Files Exported November 29, 2018.",-,"Surfaced July 24, 2025.",2:47,Alternate Feature Demo Track,Original Files .L/.R 1152kbps (.wav)
972,DRFL,141,Nuketown (feat. Juice WRLD) [ v3 ] Song was originally called 'Cut Throat'.,Ski Mask The Slump God,Fresh ThPharmacy,"Alex Tumay, LGfive & Max Lord",Shares the same sample as Sha Gz's 'New Opp' & Buni's 'Gulag (Pt. 2)'. Song originally began as a solo Ski Mask The Slump God track.,Ski Mask ft JuiceWrld - Cut Throat - Main Pass.cm_01,Instrumental Stems: dfresh6,"Ski Mask's Vocals 5Star Production Studio, Atlantic Station, Atlanta, GA. Juice's Vocals Rented Home Recording Studio, West Hollywood, Los Angeles, CA.","Ski Mask's Vocals October [ ? ], 2018. Juice's Vocals November 20, 2018. File Exported January 24, 2019.",-,"Surfaced July 5, 2023. Trackouts Surfaced July 5, 2023.",2:47,Alternate Feature Demo Track,Trackout Session & Original File 2304kbps (.wav)
973,DRFL,142,Nuts Itch Automatic,Juice WRLD,DY Krazy & Southside,Florian Ongonga,-,JUICE - NUTS ITCH Prod. DY n SS,,"Tree Sound Recording Studio, Norcross, Atlanta, GA.","Recorded November 29, 2018.","First Previewed December 4, 2018.","Surfaced June 8, 2022.",3:34,Throwaway Track,Original File 320kbps (.mp3)
974,DRFL,143,Off The Rip (v1) Gamble,Juice WRLD,Richie Souf,Max Lord,"Song is unfinished, contains an open verse.",File Name: juice wrld - off the rip v1.0 open (rs 1957) Session Title: rs 1957 v1.0.ptx Folder Title: rs 1957,rs_1957_010619_3,"Rented Home Recording Studio, Beverly Hills, Los Angeles, CA.","Recorded February 13, 2019.","First Previewed February 13, 2019.","Surfaced July 25, 2022. Session Surfaced January 17, 2026.",2:53,Original Demo Track ( Open Verse ),Studio Session & Original Files 2117kbps (.wav) 320kbps (.mp3)
975,DRFL,144,ON GOD (with Young Thug) [v1],Juice WRLD & Young Thug,DY Krazy & Rex Kudo,Bainz,-,THUG x JUICEWRLD - ON GOD - BAINZRUFF,,"Crosby Recording Studio, Burbank, Los Angeles, CA.","Recorded October 23, 2018.","First Previewed February [ ? ], 2019. First Teased October 23, 2018.","Surfaced January 22, 2023.",4:10,Original Demo Track ( Complete ),Original File 320kbps (.mp3)
976,DRFL,145,On The Low What I Need,Juice WRLD,Nick Mira,Max Lord,"Song is unfinished, contains an open verse.",juice wrld - on the low v1.0 (NM Khan) ruff,Instrumental: NM - Kahn 152BPM Loop: nm - auck 150 Loop Kit: Nick Mira - Freakshow Beat Pack: nm - juice - oct 18,"Rented Apartment Recording Studio, Downtown, Chicago, IL.","Recorded November 3, 2018.",-,"Surfaced October 19, 2019.",4:00,Throwaway Track ( Open Verse ),Original Files 2117kbps (.wav) 320kbps (.mp3)
977,DRFL,146,OREO (feat. Matt Ox),Juice WRLD,Gezin & TM88,Max Lord & Roger Lawrence,Song originally began as a solo Juice WRLD track.,JuiceWRLD.MattOx - Oreo 1.0 - 02.28.19rl,JUUL MANGO 9 GZ x TM88 153 BPM,"Juice's Vocals Paramount Recording Studio, Santa Monica, Los Angeles, CA.","Juice's Vocals June 7, 2018. Matt's Vocals February 28, 2019.",-,"Surfaced August 14, 2024.",3:21,Feature Track,Original File 320kbps (.mp3)
978,DRFL,147,Out My Way (v1.1),Juice WRLD,Hit-Boy,Max Lord,-,Juice Wrld - out my way v1.1 (chalice 229),chalice 2018-229,"Blue Room West Recording Studio, West Hollywood, Los Angeles, CA.","Recorded January 13-14, 2019.","First Previewed January 13-14, 2019.","Surfaced January 14, 2023.",2:38,Alternate Demo Track,Original File 320kbps (.mp3)
979,DRFL,148,Pesos Troubled Kids,Juice WRLD,"Chris Madine, Corbett, G. Ry & Hit-Boy",Max Lord,-,File Name: Juice Wrld - pesos v1.0 (chalice 2018 268 hit) Session Title: chalice 268 268 hit v1.0 pesos.ptx Folder Title: chalice 268 268 hit.ptx,chalice 2018-268,"Blue Room West Recording Studio, West Hollywood, Los Angeles, CA.","Recorded January 23, 2019.","First Previewed January 24, 2019.","Surfaced January 6, 2020.",2:46,Throwaway Track,Original Files 2117kbps (.wav) 320kbps (.mp3)
980,DRFL,149,Pieces (v1.2) Tweakin',Juice WRLD,Nick Mira,Max Lord,"Song is unfinished, contains an open verse.",juice wrld - pieces v1.2 (NM kilos),Instrumental: NM - Kilos 140BPM Beat Pack: juice wrld 12.16,"Rented Home Recording Studio, West Hollywood, Los Angeles, CA.","Recorded December 20-22, 2018. File Exported January 1-3, 2019.","First Previewed January 3, 2019.","Surfaced February 8, 2020.",4:34,Alternate Demo Track ( Open Verse ),Original Files 2117kbps (.wav) 320kbps (.mp3)
981,DRFL,150,Plain Jane (v1.4) Her And Her Beauty,Juice WRLD,Don Kevo & RicandThadeus,Max Lord,"Song is unfinished, contains an open verse.",juice wrld - plain jane v1.4 (297 DK skydweller),Instrumental: 297 DK skydweller Loop Stems: Reeces Pieces 135,"Blue Room West Recording Studio, West Hollywood, Los Angeles, CA.","Recorded January 13-14, 2019. File Exported January 15, 2019.","First Previewed January 13-14, 2019. First Teased March 7, 2019.","Surfaced February 17, 2023.",3:57,Alternate Demo Track ( Open Verse ),Original Files 2117kbps (.wav) 320kbps (.mp3)
982,DRFL,151,"Pokémon* Last Year Song is titled '1754 Moon', after the instrumental.",Juice WRLD,Dre Moon,Max Lord,-,File Name: Juice Wrld - 1754 moon v1.0 Session Title: 1754 moon v1.0.ptx,1754(130),"Rented Home Recording Studio, Beverly Hills, Los Angeles, CA.","Recorded February 4-5, 2019. File Exported February 10, 2023.","First Previewed March 19, 2025.","Surfaced January 25, 2026.",3:53,Throwaway Track ( Complete ),Original Files 2117kbps (.wav) 320kbps (.mp3)
983,DRFL,152,Pop It (with G Herbo) [v1.1] Ace Of Hearts,Juice WRLD & G Herbo,Hit-Boy,Max Lord,-,hit x juice 5 pop it v1.1 herbo,,"Chalice Recording Studio, West Hollywood, Los Angeles, CA.","Recorded January 9-10, 2019.","First Previewed January 10, 2019.","Surfaced July 25, 2019.",3:58,Alternate Demo Track,Original File 320kbps (.mp3)
984,DRFL,153,Problem Goblin | I Lost Too Many,Juice WRLD,Nick Mira,Max Lord,-,juice wrld - problem v1.0 RUFF (NM reason),Instrumental: NM - Reason 140BPM Beat Pack: nick juice oct 29 2018,"Rented Home Recording Studio, West Hollywood, Los Angeles, CA.","Recorded November 18-19, 2018.",-,"Surfaced March 13, 2021.",4:34,Throwaway Track,Original File 320kbps (.mp3)
985,DRFL,154,Pull Up In The Range Conjuring | Won't Die Song was originally untitled.,Juice WRLD,"Boi-1da, Jahaan Sweet & TBHits",Billy Hickey,-,File Name: Juice_Boi1da_Tommy Brown 2_12.18.18 Session Title: Juice_Boi1da_Tommy Brown 2.ptx,3030 - ILL JAHAAN TOMMY STUPID BEAT,"Paramount Recording Studio, Santa Monica, Los Angeles, CA.","Recorded December 18-19, 2018.",-,"Surfaced July 27, 2019. Session Surfaced September 29, 2022.",1:15,Original Solo Demo Track,Studio Session & Original File 320kbps (.mp3)
986,DRFL,155,Purple Moncler,Juice WRLD,Nick Mira,Florian Ongonga,-,JUICE - PURPLE MONCLER Prod. Nick,Instrumental: NM - Capone 163BPM Beat Pack: nick juice oct 29 2018,"Tree Sound Recording Studio, Norcross, Atlanta, GA.","Recorded November 29, 2018.","First Previewed November 29, 2018.","Surfaced January 29, 2020.",3:31,Throwaway Track,Original File 320kbps (.mp3)
987,DRFL,156,Racks On Racks (with Young Thug) Baguettes,Juice WRLD & Young Thug,DY Krazy & Wheezy,Bainz,-,THUG X JUICEWRLD - RACKS ON RACKS - BAINZRUFF,,"Crosby Recording Studio, Burbank, Los Angeles, CA.","Recorded December 23, 2018.","First Previewed January 3, 2019.","Surfaced April 12, 2022.",3:50,Throwaway Track,Original File 320kbps (.mp3)
988,DRFL,157,Racks Out Best Around,Juice WRLD,DY Krazy & Morgan O'Connor,Max Lord,-,File Name: Juice Wrld - RACKS OUT v1.0 (dymiami22morgan) Session Title: dymiami22MORGAN v1.0.ptx Folder Title: dymiami22MORGAN,dymiami22MORGAN,"Blue Room West Recording Studio, West Hollywood, Los Angeles, CA.","Recorded January 29, 2019.","First Previewed February 15, 2019. First Teased January 29, 2019.","Surfaced August 18, 2020. Session Surfaced June 14, 2025.",3:02,Throwaway Track,Studio Session & Original Files 2117kbps (.wav) 320kbps (.mp3)
989,DRFL,158,Ransom (Remix) [feat. Juice WRLD] {v1.1} Ran$om,Lil Tecca,Nick Mira & Taz Taylor,Joseph Colmenero & Max Lord,Song originally began as a solo Lil Tecca track.,File Name: tecca juice ransom v1.1 ruff Session Title: tecca juice ransom v1.1.ptx,Instrumental: NM - Bussin 160BPM MIDI: NM - Bits,"Tecca's Vocals Internet Money Home Recording Studio, Hollywood, Los Angeles, CA. Juice's Vocals Blue Room West Recording Studio, West Hollywood, Los Angeles, CA.","Tecca's Vocals January 4, 2019. Juice's Vocals January 24, 2019. Files Exported July 13, 2019.",-,"Surfaced March 13, 2022.",3:12,Alternate Feature Demo & Remix Track ( Complete ),Original Files 2117kbps (.wav) .L/.R 1058kbps (.wav) 320kbps (.mp3)
990,DRFL,159,Red Dead Redemption,Juice WRLD,"CuBeatz, Danny Wolf & Slight",Todd Bergman,-,File Name: RED DEAD REDEMPTION JW 12.02.18 Session Title (1): JW 12.02.18 REC_2.ptx Session Title (2): RED DEAD REDEMPTION_JW 12.02.18_.ptx,Instrumental: huncho Loop: sneaky shadow 130bpm prod. cubeatz & slight,"Paramount Track Record North Studio, North Hollywood, Los Angeles, CA.","Recorded December 3, 2018.","First Previewed December 3, 2018. First Teased December 11, 2018.","Surfaced October 30, 2020. Session Surfaced February 22, 2023.",3:47,Throwaway Track,Studio Session & Original File 320kbps (.mp3)
991,DRFL,160,Red-Eye Crazy Type,Juice WRLD,Dre Moon,Max Lord,-,File Name: Juice Wrld - 1787 moon v1.0 red eye Session Title: 1787 moon v1.0 red eye.ptx Folder Title: 1787 moon,1787(158),"Rented Home Recording Studio, Beverly Hills, Los Angeles, CA.","Recorded February 4-5, 2019.","First Previewed September 26, 2023.","Surfaced August 22, 2024.",2:22,Throwaway Track ( Complete ),320kbps (.mp3)
992,DRFL,161,Remind Me Of The Summer (v2),Juice WRLD,Justin Craig & Sample Magic,Justin Craig,Samples Eminem's 'Lose Yourself'.,File Name: Remind Me Of The Summer (JcraigMix2) Session Title: jcraig2.ptx,Instrumental: Juice3 Loop (1): ag guit80 acoustic1 Cm Loop (2): ag guit90 muffled1 Cm9,"Glass Tree Creative Recording Studio, Downtown, Chicago, IL.","Recorded April 29, 2018. File Exported February 17, 2019.",-,"Surfaced December 7, 2022. Session Surfaced June 28, 2023.",3:18,Alternate Demo Track,Studio Session & Original Files 2117kbps (.wav) 320kbps (.mp3)
993,DRFL,162,"Rental (v1.4) Cha-Ching Song was originally titled 'K', after the instrumental.",Juice WRLD,Seezyn,Max Lord,Samples Suoh Mikoto's Theme from 'K Project'.,juice wrld - K v1.4,K,"Rented Home Recording Studio, West Hollywood, Los Angeles, CA.","Recorded November 10, 2018.","First Previewed November 10, 2018.","Surfaced October 7, 2020.",4:13,Alternate Demo Track ( Complete ),Original Files 2117kbps (.wav) 320kbps (.mp3)
994,DRFL,163,"Rider (v1.2) Song was originally titled 'Alpine', after the instrumental.",Juice WRLD,Power,Max Lord,-,File Name (1): juice wrld - alpine v1.2 File Name (2): juice wrld - rider alpine v1.2 Session Title: alpine v1.2.ptx Folder Title: alpine,alpine,"Rented Home Recording Studio, West Hollywood, Los Angeles, CA.","Recorded November 9, 2018. Files Exported November 10, 2018.","First Previewed November 19. 2018. First Teased January 19, 2019.","Surfaced October 16, 2022. Session Surfaced January 25, 2026.",3:11,Alternate Demo Track,Studio Session & Original Files 2117kbps (.wav) .L/.R 1411kbps (.wav) 320kbps (.mp3)
995,DRFL,164,"Rider ( v3 ) Song was originally titled 'Alpine', after the instrumental.",Juice WRLD,Power,"Anthony Vega, Jacob Richards, Jaycen Joshua, Max Lord, Mike Seaberg & Rashawn McLean",-,File Name: Rider-Main Mix V1 FNL Session Title: Rider-OG Multitrack.ptx Folder Title: Rider Deliverables,Rider-Instrumental V1 FNL,"Rented Home Recording Studio, West Hollywood, Los Angeles, CA.","Recorded November 9, 2018. File Exported February 23, 2019.",-,"Surfaced December 30, 2023. Deliverables Surfaced December 30, 2023.",3:13,Alternate Demo Track,Deliverable Session & Original File 2822kbps (.wav)
996,DRFL,165,"Ring Ring (feat. Clever) [v1.1] Song was originally titled 'Royer', after the instrumental.",Juice WRLD,Rvssian,"Bainz, JJ Stevens & Max Lord",Song originally began as a solo Juice WRLD track. Shares the same instrumental as 'Royer'.,Juicewrld_021719_Royer_Clever Verse_1.1_no space,Instrumental: rvssian ROYER 160 Open Verse File: juice wrld rvssian - ROYER v1.1 ruff Instrumental Stems: RVSSIAN,"Juice's Vocals Electric Feel Recording Studio, West Hollywood, Los Angeles, CA.","Juice's Vocals November 7, 2018. Clever's Vocals February 18, 2019. .L/.R Files Exported February 22, 2019.",-,"Surfaced April 5, 2023.",3:00,Alternate Feature Demo Track,Original Files .L/.R 1411kbps (.wav)
997,DRFL,166,"Ring Ring (feat. Clever) [ v8 ] Song was originally titled 'Royer', after the instrumental.",Juice WRLD,Rvssian,"Bainz, Jacob Richards, Jaycen Joshua, JJ Stevens, Max Lord, Mike Seaberg, Rashawn McLean & Unknown",Song originally began as a solo Juice WRLD track. Shares the same instrumental as 'Royer'.,File Name: Ring Ring-Main Mix V6 JJ Session Title: Ring Ring-OG Multitrack.ptx Folder Title: Ring Ring Deliverables,Ring Ring-Full Instrumental V6 FNL,"Juice's Vocals Electric Feel Recording Studio, West Hollywood, Los Angeles, CA.","Juice's Vocals November 7, 2018. Clever's Vocals February 18, 2019. File Exported February 23, 2019.",-,"Surfaced April 5, 2023. Deliverables Surfaced April 5, 2023.",2:53,Alternate Feature Demo Track,Deliverable Session & Original File 1411kbps (.wav)
998,DRFL,167,"Ring Ring (feat. Clever) [ v9 ] Song was originally titled 'Royer', after the instrumental.",Juice WRLD,Rvssian,"Bainz, Jacob Richards, Jaycen Joshua, JJ Stevens, Max Lord, Mike Seaberg, Rashawn McLean & Unknown",Song originally began as a solo Juice WRLD track. Shares the same instrumental as 'Royer'.,File Name (Explicit): Ring Ring-Main Mix V6 FNL File Name (Clean): Ring Ring-Main Mix V6 FNL-CLN Session Title: Ring Ring-OG Multitrack.ptx Folder Title: Ring Ring Deliverables,Ring Ring-Full Instrumental V6 FNL,"Juice's Vocals Electric Feel Recording Studio, West Hollywood, Los Angeles, CA.","Juice's Vocals November 7, 2018. Clever's Vocals February 18, 2019. Files Exported February 23, 2019.",-,"Surfaced April 5, 2023. Deliverables Surfaced April 5, 2023.",2:53,Alternate Feature Demo Track,Deliverable Session & Original Files 2822kbps (.wav)
999,DRFL,168,"Ring Ring (v1.1) Song was originally titled 'Royer', after the instrumental.",Juice WRLD,Rvssian,Max Lord,"Shares the same instrumental as 'Royer'. Song is unfinished, contains an open verse.",File Name: juice wrld rvssian - ROYER v1.1 ruff Session Title: rvssian ROYER v1.1.ptx Folder Title: rvssian ROYER,Instrumental: rvssian ROYER 160 Instrumental Stems: RVSSIAN,"Electric Feel Recording Studio, West Hollywood, Los Angeles, CA.","Recorded November 7, 2018. .L/.R Files Exported February 18, 2019.","First Teased November 9, 2018.","Surfaced October 17, 2022. Session Surfaced January 5, 2023.",3:11,Alternate Solo Demo Track ( Open Verse ),Studio Session & Original Files 2117kbps (.wav) .L/.R 1411kbps (.wav) 320kbps (.mp3)
1000,DRFL,169,Road Rage* Heart Attack,Juice WRLD,Richie Souf,Max Lord,-,,,"Rented Home Recording Studio, Beverly Hills, Los Angeles, CA.","Recorded February 12-13, 2019.","First Previewed February 12-13, 2019.","Surfaced April 7, 2023.",2:22,Throwaway Track,320kbps (.mp3)
1001,DRFL,170,Road Runners (v1.2),Juice WRLD,Dre Moon,Max Lord,-,Juice Wrld - road runners v1.2 (1715 moon),1715(116),"Rented Home Recording Studio, Beverly Hills, Los Angeles, CA.","Recorded February 11, 2019.","First Previewed February 11, 2019. First Teased February 18, 2019.","Surfaced July 29, 2020.",2:44,Alternate Demo Track,Original Files 2117kbps (.wav) 320kbps (.mp3)
1002,DRFL,171,Robbery ( v4 ),Juice WRLD,Nick Mira,"Jacob Richards, Jason Williams, Jaycen Joshua, Max Lord, Mike Seaberg & Rashawn McLean",-,File Name (Explicit): Robbery-Main Mix V2 FNL File Name (Clean): Robbery-Main Mix V2 FNL-CLN Session Title: Robbery-OG Multitrack.ptx Folder Title: Robbery Deliverables,Instrumental: Robbery-Instrumental V2 FNL MIDI: nm - (piano) actavis,"Rented Home Recording Studio, Sherman Oaks, Los Angeles, CA.","Recorded January 24, 2018. Files Exported February 12, 2019.",-,"Surfaced October 26, 2022. Deliverables Surfaced October 26, 2022.",4:01,Alternate Demo Track,Deliverable Session & Original Files 2822kbps (.wav)
1003,DRFL,172,Rockstar In His Prime (v1) Deal With This Hurt Song was originally called 'Deal Wit' This Hurt'.,Juice WRLD,Dee Jae & T-Minus,Patrik Ehrenbald-Plummer,-,File Name: Juice - Deal Wit This Hurt Session Title (1): Juice 1.ptx Session Title (2): Juice dejayharmonica2.ptx,TMINUS deejaeharmonica_2,"Serenity West Recording Studio, Hollywood, Los Angeles, CA.","Recorded December 22-23, 2018.","First Previewed March 6, 2019.","Surfaced August 27, 2020. Session Surfaced April 14, 2021.",3:01,Original Demo Track,Studio Session & Original Files 2304kbps (.wav) 320kbps (.mp3)
1004,DRFL,173,Sexual Healing (v1) Song was originally untitled.,Juice WRLD,Danny Wolf,Kevin Celik,-,File Name: JUICE 12.4 1 KC_RUF Session Title: JUICE 12.4 1.ptx,Instrumental: Dusty World (160bpm) Loop: dusty worlds 160bpm,"Paramount Track Record North Studio, North Hollywood, Los Angeles, CA.","Recorded December 5, 2018.","First Previewed December 5, 2018.","Surfaced January 10, 2020. Session Surfaced September 24, 2025.",2:32,Original Demo Track,Studio Session & Original File 224kbps (.mp3)
1005,DRFL,174,She's The One (v1.1) She's The One For Me,Juice WRLD,Hit-Boy,Max Lord,-,Juice Wrld - shes the one v1.1 (New HoH8 hit),New HoH8,"Blue Room West Recording Studio, West Hollywood, Los Angeles, CA.","Recorded January 23, 2019.","First Previewed January 24, 2019.","Surfaced October 16, 2022.",3:04,Alternate Demo Track,Original Files 2117kbps (.wav) .L/.R 1411kbps (.wav) 320kbps (.mp3)
1006,DRFL,175,She's The One ( v2 ) She's The One For Me,Juice WRLD,Hit-Boy,"Jaycen Joshua, Max Lord & Unknown",-,File Name: She's The One-Main Mix V1 JJ Session Title: Shes The One-OG Multitrack.ptx Folder Title: Shes The One Deliverables,She's The One-Full Instrumental V1 FNL,"Blue Room West Recording Studio, West Hollywood, Los Angeles, CA.","Recorded January 23, 2019. File Exported February 6, 2019.",-,"Surfaced July 2, 2023. Deliverables Surfaced July 2, 2023.",3:09,Alternate Demo Track,Deliverable Session & Original File 1411kbps (.wav)
1007,DRFL,176,She's The One ( v3 ) She's The One For Me,Juice WRLD,Hit-Boy,"Jacob Richards, Jaycen Joshua, Max Lord, Mike Seaberg & Rashawn McLean",-,File Name (Explicit): She's The One-Main Mix V1 FNL File Name (Clean): She's The One-Main Mix V1 FNL-CLN Session Title: Shes The One-OG Multitrack.ptx Folder Titles: Shes The One Deliverables,She's The One-Full Instrumental V1 FNL,"Blue Room West Recording Studio, West Hollywood, Los Angeles, CA.","Recorded January 23, 2019. Files Exported February 23, 2019.",-,"Surfaced July 2, 2023. Deliverables Surfaced July 2, 2023.",3:09,Alternate Demo Track,Deliverable Session & Original Files 2822kbps (.wav)
1008,DRFL,177,Sic 'Em (v1) Song was originally untitled.,Juice WRLD,Danny Wolf & Otxhello,Kevin Celik,-,File Name: JUICE 12.4 2 KC_RUF Session Title (1): SAUCE VIBE.ptx Session Title (2): JUICE 12.4 2.ptx,Fuckkkkk (150bpm),"Paramount Track Record North Studio, North Hollywood, Los Angeles, CA.","Recorded December 5, 2018.","First Previewed February 16, 2019.","Surfaced March 8, 2022. Session Surfaced September 26, 2025.",2:08,Original Demo Track,Studio Session & Original File 224kbps (.mp3)
1009,DRFL,178,Slide (feat. Juice WRLD) [v1.1],Rich The Kid,DY Krazy & Riko Spazzin,Max Lord & Unknown,-,Session Title: rich the kid SLIDE juice v1.1.ptx,Open Verse File: rich - SLIDE with open verse,"Juice's Vocals Blue Room West Recording Studio, West Hollywood, Los Angeles, CA.","Juice's Vocals January 20, 2019.",-,"Surfaced May 8, 2019. Session Surfaced January 25, 2026.",4:10,Alternate Feature Demo Track,Studio Session & Pro Tools Export
1010,DRFL,179,Soda Pop (v1.3) Apparent,Juice WRLD,Marshmello,Max Lord,-,juice wrld - soda pop v1.3 (mello juice 5),mello juice 5,"Rented Home Recording Studio, West Hollywood, Los Angeles, CA.","Recorded December 19, 2018. File Exported December 20, 2018.","First Previewed January [ ? ], 2019.","Surfaced October 26, 2021.",3:07,Alternate Demo Track,Original Files 2117kbps (.wav) 320kbps (.mp3)
1011,DRFL,180,Someone New (feat. Unknown ),Juice WRLD,1Mind,Unknown,Shares the same instrumental as 'Bitter ASFF'.,Someone New (Ref) JuiceWrld [1Mind],(people talk) Purple Love (1Mind),-,-,-,"Surfaced January 20, 2020.",3:34,Feature Track,Original File 320kbps (.mp3)
1012,DRFL,181,Something Ain't Right* Entice Me | Out My Head,Juice WRLD,Unknown,Max Lord,-,,,"Rented Home Recording Studio, Beverly Hills, Los Angeles, CA.",-,"First Previewed February 10, 2024.","Surfaced August 9, 2024.",2:09,Throwaway Track,320kbps (.mp3)
1013,DRFL,182,Sometimes (v1) Song was originally called 'Hate The World'.,Juice WRLD,Danny Wolf & Otxhello,Todd Bergman,Samples Musica Suave's 'Relajación Extrema'.,File Name: SOMETIMES_JW 12.02.18 Session Title (1): JW 12.02.18_REC 1.ptx Session Title (2): HATE THE WORLD_JW 12.02.18.ptx Session Title (3): SOMETIMES_JW 12.02.18.ptx,tacit (122bpm),"Paramount Track Record North Studio, North Hollywood, Los Angeles, CA.","Recorded December 2, 2018.","First Previewed December 2, 2018. First Teased December 10, 2018.","Surfaced January 29, 2020. Session Surfaced January 16, 2023.",4:11,Original Demo Track,Studio Session & Original File 320kbps (.mp3)
1014,DRFL,183,Sour (v1.1) Midnight Hours,Juice WRLD,Gezin,Max Lord,-,juice wrld - sour v1.1 (PSX 1),PSX 1,"Rented Home Recording Studio, Sandy Springs, Atlanta, GA.","Recorded November 30, 2018.","First Previewed June 27, 2020.","Surfaced August 8, 2020.",3:22,Alternate Demo Track,Original File 320kbps (.mp3)
1015,DRFL,184,Speed Demon 90210,Juice WRLD,Henry Daher,Max Lord,-,Juice Wrld - speed demon v1.0 (audi year 19),audi year 19,"Rented Home Recording Studio, Beverly Hills, Los Angeles, CA.","Recorded February 20-28, 2019.",-,"Surfaced November 6, 2020.",2:43,Throwaway Track,Original Files 2117kbps (.wav) 320kbps (.mp3)
1016,DRFL,185,Spend It (v1.1) Cha-Ching Song was originally called 'Spend It All'.,Juice WRLD,Zaytoven,Max Lord,-,juice wrld - spend it all v1.1 (FAITHFUL ZAY),FAITHFUL,"Rented Home Recording Studio, West Hollywood, Los Angeles, CA.","Recorded November 16, 2018.","First Previewed November 16, 2018. First Teased November 30, 2018.","Surfaced January 8, 2021.",2:25,Alternate Demo Track,Original File 320kbps (.mp3)
1017,DRFL,186,Starstruck (feat. Mark Hoppus),Juice WRLD & Mark Hoppus,Andrew Watt & Louis Bell,"Andrew Watt, Eric Manco, Louis Bell & Paul LaMalfa",-,File Name: Starstruck (12.6.18) (Version 1) Session Title: Starstruck.Mark Hoppus for LB.ptx,Future (Instrumental) - Guitar 4 (Instrumental) (122 BPM) (Version 1),"Juice's Intro, Hook, First Verse & Bridge Chalice Recording Studio, West Hollywood, Los Angeles, CA. Juice's Outro & Mark's Vocals Gold Tooth Music Recording Studio, Beverly Hills, Los Angeles, CA.","Juice's Intro, Hook, First Verse & Bridge July 23-24, 2018. Juice's Outro July 26, 2018. Mark's Verse December 5, 2018. File Exported December 6, 2018.",-,"Surfaced April 18, 2020. Session Surfaced April 18, 2020.",3:59,Feature Track,Studio Session & Original File 320kbps (.mp3)
1018,DRFL,187,Stick Talk (v1.1) Lava Girl,Juice WRLD,Nick Mira,Max Lord,-,juice wrld - stick talk v1.1 (NM dramaqueen),Instrumental: NM - Dramaqueen 160BPM Loop: nick mira_dramaqueen_160 Loop Kit: Nick Mira - Majesty Beat Pack: Nick Mira Juice 12.10.19,"Rented Home Recording Studio, Sandy Springs, Atlanta, GA.","Recorded December 13-14, 2018.","First Previewed February 6, 2019.","Surfaced October 10, 2020.",3:48,Alternate Demo Track ( Complete ),Original File 320kbps (.mp3)
1019,DRFL,188,Stuck In My Ways* Song is untitled.,Juice WRLD,"Boi-1da, Jahaan Sweet & TBHits",Billy Hickey,-,File Name: Juice_Boi1da_Tommy Brown 3 Session Title: Juice_Boi1da_Tommy Brown 3.ptx,3030 - SWEET BROWN BEAT,"Paramount Recording Studio, Santa Monica, Los Angeles, CA.","Recorded December 19, 2018.","First Previewed December 19, 2018.","Surfaced July 25, 2019. Session Surfaced April 11, 2022.",2:43,Throwaway Track ( Complete ),Studio Session & Original File 320kbps (.mp3)
1020,DRFL,189,Syphilis (v1.3),Juice WRLD,Cardo Got Wings & Yung Exclusive,Max Lord,-,File Name: Juice Wrld - syphilis v1.3 (blow out da piff yex) Session Title: Blow out da piff yex v1.3 syphilis.ptx Folder Title: Blow out da piff yex,Instrumental: Blow Out The Piff BPM148 YeX Instrumental Stems: Juice,"Blue Room West Recording Studio, West Hollywood, Los Angeles, CA.","Recorded January 12, 2019.","First Previewed January 12, 2019.","Surfaced August 27, 2022. Session Surfaced January 25, 2026.",2:17,Alternate Demo Track ( Complete ),Studio Session & Original Files 2117kbps (.wav) .L/.R 1411kbps (.wav) 320kbps (.mp3)
1021,DRFL,190,Syphilis ( v4 ),Juice WRLD,Cardo Got Wings & Yung Exclusive,"Jacob Richards, Jaycen Joshua, Max Lord, Mike Seaberg & Rashawn McLean",-,File Name (Explicit): Syphilis-Main Mix V2 FNL File Name (Clean): Syphilis-Main Mix V2 FNL-CLN Session Title: Syphilis-OG Multitrack.ptx Folder Title: Syphilis Deliverables,Syphilis-Instrumental V2 FNL,"Blue Room West Recording Studio, West Hollywood, Los Angeles, CA.","Recorded January 12, 2019. Files Exported February 23, 2019.",-,"Surfaced November 30, 2022. Deliverables Surfaced November 30, 2022.",2:12,Alternate Demo Track ( Complete ),Deliverable Session & Original Files 2822kbps (.wav)
1022,DRFL,191,Take 2 Martian,Juice WRLD,Hit-Boy,Max Lord,"Song is unfinished, contains an open verse.",hit x juice 4 V1.0 TAKE 2,,"Chalice Recording Studio, West Hollywood, Los Angeles, CA.","Recorded January 9-10, 2019.",-,"Surfaced July 25, 2019.",4:53,Throwaway Track ( Open Verse ),Original File 320kbps (.mp3)
1023,DRFL,192,The Bee's Knees (v1.2) Bee's Knees,Juice WRLD,"BRYVN, G. Ry, Hit-Boy & No I.D.",Max Lord,Samples D.J. Rodgers' 'If You Didn't Love Me (Don't Go Away)'.,Juice Wrld - the Bees knees v1.2 (Hit No ID),Instrumental (1): chalice 2018-255 Instrumental (2): No ID 10 Loop: bryvn - thebeautifulpeople 100bpm,"Blue Room West Recording Studio, West Hollywood, Los Angeles, CA.","Recorded January 19-20, 2019.","First Previewed January 20, 2019.","Surfaced October 16, 2022.",5:32,Alternate Demo Track ( Complete ),Original Files 2117kbps (.wav) .L/.R 1058kbps (.wav) 320kbps (.mp3)
1024,DRFL,193,The Bee's Knees ( v2 ) Bee's Knees,Juice WRLD,"BRYVN, G. Ry, Hit-Boy & No I.D.","Jaycen Joshua, Max Lord & Unknown",Samples D.J. Rodgers' 'If You Didn't Love Me (Don't Go Away)'.,File Name: The Bees Knees-Main Mix V1 JJ Session Title: Bees Knees-OG Multitrack.ptx Folder Title: The Bees Knees Deliverables,Instrumental: The Bees Knees-Full Instrumental V1 FNL Loop: bryvn - thebeautifulpeople 100bpm,"Blue Room West Recording Studio, West Hollywood, Los Angeles, CA.","Recorded January 19-20, 2019. File Exported February 13, 2019.",-,"Surfaced July 8, 2023. Deliverables Surfaced July 8, 2023.",5:31,Alternate Demo Track ( Complete ),Deliverable Session & Original File 1411kbps (.wav)
1025,DRFL,194,The Bee's Knees ( v3 ) Bee's Knees,Juice WRLD,"BRYVN, G. Ry, Hit-Boy & No I.D.","Jacob Richards, Jaycen Joshua, Max Lord, Mike Seaberg & Rashawn McLean",Samples D.J. Rodgers' 'If You Didn't Love Me (Don't Go Away)'.,File Name (Explicit): The Bees Knees-Main Mix V1 FNL File Name (Clean): The Bees Knees-Main Mix V1 FNL-CLN Session Title: Bees Knees-OG Multitrack.ptx Folder Title: The Bees Knees Deliverables,Instrumental: The Bees Knees-Full Instrumental V1 FNL Loop: bryvn - thebeautifulpeople 100bpm,"Blue Room West Recording Studio, West Hollywood, Los Angeles, CA.","Recorded January 19-20, 2019. Files Exported February 23, 2019.",-,"Surfaced July 8, 2023. Deliverables Surfaced July 8, 2023.",5:31,Alternate Demo Track ( Complete ),Deliverable Session & Original Files 2822kbps (.wav)
1026,DRFL,195,The Seventies,Juice WRLD,Hit-Boy,Max Lord,-,HB x juice 2 The Seventies,,"Chalice Recording Studio, West Hollywood, Los Angeles, CA.","Recorded January 9-10, 2019.",-,"Surfaced July 25, 2019.",1:27,Throwaway Track ( Complete ),Original File 320kbps (.mp3)
1027,DRFL,196,Thousand Times (v1) Been Through This,Juice WRLD,Ilya Salmanzadeh & Max Martin,Cory Bice & Ilya Salmanzadeh,-,Thousand Times 1.0,,"MXM Recording Studio, West Hollywood, Los Angeles, CA.","Recorded February 1, 2019.",-,"Surfaced March 23, 2023.",2:56,Original Demo Track ( Complete ),Original File 320kbps (.mp3)
1028,DRFL,197,Thousand Times (v2) Been Through This,Juice WRLD,Ilya Salmanzadeh & Max Martin,Cory Bice & Ilya Salmanzadeh,-,,,"MXM Recording Studio, West Hollywood, Los Angeles, CA.","Recorded February 1, 2019.",-,"Surfaced March 23, 2023.",3:16,Alternate Demo Track ( Complete ),320kbps (.mp3)
1029,DRFL,198,Together (v1.1) Forever | My Gang,Juice WRLD,Hit-Boy & No I.D.,Max Lord,"Song is unfinished, contains an open verse. Samples Mariah Carey's 'We Belong Together'.",Juice Wrld - together v1.1 (NOID x HB mariah),NOID x HB mariah,"Blue Room West Recording Studio, West Hollywood, Los Angeles, CA.","Recorded January 22, 2019.","First Previewed January 22, 2019.","Surfaced November 18, 2024.",2:49,Alternate Solo Demo Track ( Open Verse ),Original File 2117kbps (.wav)
1030,DRFL,199,Together (v1.2) Forever | My Gang,Juice WRLD,Hit-Boy & No I.D.,Max Lord,"Song is unfinished, contains an open verse. Samples Mariah Carey's 'We Belong Together'.",Juice Wrld - together v1.2 (NOID x HB mariah),NOID x HB mariah,"Blue Room West Recording Studio, West Hollywood, Los Angeles, CA.","Recorded January 22, 2019.",-,"Surfaced February 28, 2020.",2:49,Alternate Solo Demo Track ( Open Verse ),Original Files 2117kbps (.wav) 320kbps (.mp3) 262kbps (.m4a)
1031,DRFL,200,Trifling (with Lil Yachty),Juice WRLD & Lil Yachty,MitchGoneMad,Max Lord,-,juice wrld Lil Boat - Trifling v1.0 ruff (55),55,"Rented Home Recording Studio, Sandy Springs, Atlanta, GA.","Recorded December 12, 2018.","First Previewed December 13, 2018.","Surfaced January 19, 2020.",3:31,Throwaway Track ( Complete ),Original Files 2117kbps (.wav) 320kbps (.mp3)
1032,DRFL,201,Under Her Skin (v1.5),Juice WRLD,Nick Mira,Max Lord,-,juice wrld - under her skin v1.5 (NM backhand),Instrumental: NM - Backhand 145BPM Loop: nm - backhand2 145 Loop Kit: Nick Mira - Freakshow Beat Pack: nm - juice - oct 18,"Rented Apartment Recording Studio, Downtown, Chicago, IL.","Recorded November 3, 2018.","First Previewed November 8, 2018. First Teased November 11, 2018.","Surfaced June 28, 2019.",3:58,Alternate Demo Track ( Complete ),Original Files 2117kbps (.wav) 320kbps (.mp3)
1033,DRFL,202,Vicehurt (with Ski Mask The Slump God) [v1.1] R.I.P. Jahseh Song is titled after the instrumental.,Juice WRLD & Ski Mask The Slump God,Unknown,Max Lord,-,juice wrld - vicehurt v1.1 Ski,Instrumental: vicehurt Loop Stems: yung emotions1,"Rented Home Recording Studio, West Hollywood, Los Angeles, CA.","Recorded November 9, 2018.","First Previewed November 9, 2018.","Surfaced March 3, 2023.",2:20,Alternate Demo Track ( Complete ),Original File 320kbps (.mp3)
1034,DRFL,203,Vinci Been Myself Song is titled after the instrumental.,Juice WRLD,Nick Mira,Mixtri,Shares the same instrumental as '6 Kiss'.,"File Name: Juice Wrld - VINCI (DEMO) Trackout Folder: Vinci Stems (142BPM, Dmaj)",Instrumental: NM - Vinci 142BPM Loop Stems: NM - Vinci Beat Pack: NM_Juice August 4.18,"Forbes Street Recording Studio, Woolloomooloo, Sydney, Australia.","Recorded January 3, 2019.","First Previewed January [ ? ], 2019.","Surfaced February 8, 2020. Trackouts Surfaced October 19, 2023.",4:30,Throwaway Track ( Open Verse ),Trackout Session & Original File 320kbps (.mp3)
1035,DRFL,204,Vinci (feat. The Kid LAROI) Been Myself Song is titled after the instrumental.,Juice WRLD,Nick Mira,Mixtri,Shares the same instrumental as '6 Kiss'. Song originally began as a solo Juice WRLD track.,VINCI - JUICE WRLD X LAROI,Instrumental: NM - Vinci 142BPM Loop Stems: NM - Vinci Beat Pack: NM_Juice August 4.18,"Juice's Vocals Forbes Street Recording Studio, Woolloomooloo, Sydney, Australia.","Juice's Vocals January 3, 2019.","First Previewed January 19, 2022.","Surfaced September 13, 2023.",5:51,Feature Track ( Open Verse ),Original File 320kbps (.mp3)
1036,DRFL,205,VLONE Thugs (v1.2),Juice WRLD,Dorien Theus,Max Lord,-,juice wrld - Vlone thugs v1.2 (DT agile),DT - Agile 160BPM,"Rented Home Recording Studio, West Hollywood, Los Angeles, CA.","Recorded December 20-22, 2018.","First Previewed January 3, 2019. First Teased March 28, 2019.","Surfaced June 21, 2020.",3:47,Alternate Demo Track,Original File 320kbps (.mp3)
1037,DRFL,206,Wake Up Amazing,Juice WRLD,Josh Darwish & T-Minus,Patrik Ehrenbald-Plummer,-,File Name: Juice - Wake Up Session Title: Juice joshdarwish1.ptx,TMINUS joshdarwish1,"Serenity West Recording Studio, Hollywood, Los Angeles, CA.","Recorded December 23, 2018.","First Previewed March 6, 2019. First Teased December 26, 2018.","Surfaced October 13, 2022. Session Surfaced May 14, 2023.",4:33,Throwaway Track ( Complete ),Studio Session & Original Files 2304kbps (.wav) 320kbps (.mp3)
1038,DRFL,207,Waves (with Young Thug) [v1] Oceans,Juice WRLD & Young Thug,Wheezy,Bainz,-,THUG X JUICEWRLD - WAVES - BAINZRUFF,,"Crosby Recording Studio, Burbank, Los Angeles, CA.","Recorded October 23, 2018.","First Previewed December 4, 2018.","Surfaced July 19, 2020.",3:21,Original Demo Track ( Complete ),Original File 320kbps (.mp3)
1039,DRFL,208,Western (v1.1) Head Spin,Juice WRLD,Dez Wright & Nick Mira,Max Lord,-,juice wrld - western v1.1 (NM distant),Instrumental: NM x DW - Distant 158BPM Beat Pack: nick juice oct 29 2018,"Rented Home Recording Studio, West Hollywood, Los Angeles, CA.","Recorded November 19, 2018.","First Previewed July 19, 2021.","Surfaced March 9, 2022.",3:17,Alternate Demo Track ( Complete ),Original File 320kbps (.mp3)
1040,DRFL,209,Where I Need To Be (v1.2) Set Me Free,Juice WRLD,"Boi-1da, Mark Sparks & Unknown",Max Lord,"Song is unfinished, contains an open verse. Samples Grand Puba's 'I Like It'. Shares the same sample as 'Herbo Flow'.",Juice Wrld - where i need to be v1.2 (4040 dash),4040 - DASH BEAT,"Blue Room West Recording Studio, West Hollywood, Los Angeles, CA.","Recorded January 15-16, 2019.",-,"Surfaced February 7, 2020.",4:47,Alternate Demo Track ( Open Verse ),Original Files 2117kbps (.wav) 320kbps (.mp3)
1041,DRFL,210,Where I Need To Be ( v2 ) Set Me Free,Juice WRLD,"Boi-1da, Mark Sparks & Unknown",Max Lord & Unknown,Samples Grand Puba's 'I Like It'. Shares the same sample as 'Herbo Flow'.,JuiceWorld-SetMeFree,4040 - DASH BEAT,"Blue Room West Recording Studio, West Hollywood, Los Angeles, CA.","Recorded January 15-16, 2019.",-,"Surfaced December 23, 2025.",3:46,Alternate Demo Track ( Complete ),Original File 160kbps (.mp3)
1042,DRFL,211,Where I Need To Be ( v3 ) Set Me Free,Juice WRLD,"Boi-1da, Mark Sparks & Unknown",Max Lord & Unknown,Samples Grand Puba's 'I Like It'. Shares the same sample as 'Herbo Flow'.,,4040 - DASH BEAT,"Blue Room West Recording Studio, West Hollywood, Los Angeles, CA.","Recorded January 15-16, 2019.",-,"Surfaced February 7, 2020.",3:55,Alternate Demo Track ( Complete ),160kbps (.mp3)
1043,DRFL,212,Who Shot Cupid? (v3),Juice WRLD,Purps On The Beat,Max Lord,-,juice wrld - who shot cupid v3.0 (breathyouhold),Instrumental: breathyouhold_2 Open Verse File: juice wrld - who shot cupid v1.0 (breathyouhold),"Intro, Hook & First Verse Twin Recording Studio, 16e Arrondissement, Paris, France. Refrain, Second Verse & Bridge Blue Room West Recording Studio, West Hollywood, Los Angeles, CA.","Intro, Hook & First Verse September 19, 2018. Refrain, Second Verse & Bridge January 29, 2019.",-,"Surfaced April 3, 2023.",3:50,Alternate Demo Track ( Complete ),Original File 320kbps (.mp3)
1044,DRFL,213,Who Shot Cupid? ( v4 ),Juice WRLD,Purps On The Beat,"Jaycen Joshua, Max Lord & Unknown",-,File Name: Who Shot Cupid-Main Mix V1 JJ Session Title: Who Shot Cupid-OG Multitrack.ptx Folder Title: Who Shot Cupid Deliverables,Who Shot Cupid-Full Instrumental V1 FNL,"Intro, Hook & First Verse Twin Recording Studio, 16e Arrondissement, Paris, France. Refrain, Second Verse & Bridge Blue Room West Recording Studio, West Hollywood, Los Angeles, CA.","Intro, Hook & First Verse September 19, 2018. Refrain, Second Verse & Bridge January 29, 2019. File Exported February 2, 2019.","First Previewed February 12, 2019.","Surfaced October 16, 2022. Deliverables Surfaced January 21, 2024.",3:34,Alternate Demo Track ( Complete ),Deliverable Session & Original File 1411kbps (.wav)
1045,DRFL,214,Without Me (Remix) [feat. Juice WRLD] {v1.5},Halsey,Louis Bell,Louis Bell & Max Lord,Song originally began as a solo Halsey track.,File Name: Halsey Juice WRLD - without me ML v1.5 Session Title: without me halsey juice v1.5.ptx Folder Title: without me halsey juice,Instrumental: Without Me_-2db - 90318 instrumental_(1644 mastered) Open Verse File: Without Me (W-Open Verse),"Juice's Vocals Rented Home Recording Studio, Sandy Springs, Atlanta, GA.","Recorded December 10, 2018. File Exported December 11, 2018.",-,"Surfaced January 27, 2023. Session Surfaced January 31, 2022.",3:51,Alternate Feature Demo & Remix Track ( Complete ),Studio Session & Original Files 2117kbps (.wav) 320kbps (.mp3)
1046,DRFL,215,Without Me (Remix) [feat. Juice WRLD] {v2.3},Halsey,Louis Bell,Louis Bell & Max Lord,Song originally began as a solo Halsey track.,File Name: Halsey Juice WRLD - without me ML v2.3 Session Title: without me halsey juice v2.3.ptx Folder Title: without me halsey juice,Instrumental: Without Me_-2db - 90318 instrumental_(1644 mastered) Open Verse File: Without Me (W-Open Verse),"Juice's Vocals Rented Home Recording Studio, Sandy Springs, Atlanta, GA.","Third Verse December 10, 2018. Hook & Third Verse Ad-Libs December 14, 2018.","First Previewed December 14, 2018.","Surfaced August 24, 2022. Session Surfaced January 31, 2022.",3:51,Alternate Feature Demo & Remix Track ( Complete ),Studio Session & Original Files 2117kbps (.wav) 320kbps (.mp3)
1047,DRFL,216,Without Me (Remix) [feat. Juice WRLD] { v3 },Halsey,Louis Bell,Louis Bell & Max Lord,Song originally began as a solo Halsey track.,Without Me feat - Juice WRLD (12.14.18) (Version 1),Instrumental: Without Me_-2db - 90318 instrumental_(1644 mastered) Open Verse File: Without Me (W-Open Verse),"Juice's Vocals Rented Home Recording Studio, Sandy Springs, Atlanta, GA.","Third Verse December 10, 2018. Hook & Third Verse Ad-Libs December 14, 2018.",-,"Surfaced May 1, 2023.",3:50,Alternate Feature Demo & Remix Track ( Complete ),Original File 320kbps (.mp3)
1048,DRFL,217,Without Me (Remix) [feat. Juice WRLD] { v4 },Halsey,Louis Bell,Louis Bell & Max Lord,Song originally began as a solo Halsey track.,,Instrumental: Without Me_-2db - 90318 instrumental_(1644 mastered) Open Verse File: Without Me (W-Open Verse),-,-,-,"Surfaced March 13, 2022.",3:37,Alternate Feature Demo & Remix Track ( Complete ),320kbps (.mp3)
1049,DRFL,218,Won't Let Go (v1.2),Juice WRLD,Morgoth Beatz & Purps On The Beat,Max Lord,-,Juice Wrld - wont let go v1.2 (1purpsmorgoth),Instrumental: 1PurpsMorgoth LY 2 Instrumental Stems: PurpsMorgoth LY 2,"Blue Room West Recording Studio, West Hollywood, Los Angeles, CA.","Recorded January 22, 2019. Files Exported January 23, 2019.","First Previewed February 6, 2019.","Surfaced November 1, 2022.",3:24,Alternate Demo Track ( Complete ),Original Files 2117kbps (.wav) .L/.R 1411kbps (.wav) 320kbps (.mp3)
1050,DRFL,219,Won't Let Go ( v2 ),Juice WRLD,Morgoth Beatz & Purps On The Beat,"Jaycen Joshua, Max Lord & Unknown",-,File Name: Wont Let Go-Main Mix V1 JJ Session Title: Wont Let Go-OG Multitrack.ptx Folder Title: Wont Let Go Deliverables,Wont Let Go-Full Instrumental V1 FNL,"Blue Room West Recording Studio, West Hollywood, Los Angeles, CA.","Recorded January 22, 2019. File Exported February 5, 2019.",-,"Surfaced November 1, 2022. Deliverables Surfaced November 1, 2022.",3:21,Alternate Demo Track ( Complete ),Deliverable Session & Original File 1411kbps (.wav)
1051,DRFL,220,Won't Let Go ( v3 ),Juice WRLD,Morgoth Beatz & Purps On The Beat,"Jacob Richards, Jaycen Joshua, Max Lord, Mike Seaberg & Rashawn McLean",-,File Name (Explicit): Wont Let Go-Main Mix V1 FNL File Name (Clean): Wont Let Go-Main Mix V1 FNL-CLN Session Title: Wont Let Go-OG Multitrack.ptx Folder Title: Wont Let Go Deliverables,Wont Let Go-Full Instrumental V1 FNL,"Blue Room West Recording Studio, West Hollywood, Los Angeles, CA.","Recorded January 22, 2019. Files Exported February 23, 2019.",-,"Surfaced November 1, 2022. Deliverables Surfaced November 1, 2022.",3:21,Alternate Demo Track ( Complete ),Deliverable Session & Original Files 2822kbps (.wav)
1052,DRFL,221,Worth It ( v1 ) Common Sense,Juice WRLD,G. Ry & Hit-Boy,Max Lord,-,Juice Wrld - worth it,chalice 2018-236 v4,"Rented Home Recording Studio, Beverly Hills, Los Angeles, CA.","Recorded February 7-15, 2019.","First Previewed February 7-15, 2019.","Surfaced November 14, 2020.",2:23,Original Demo Track ( Complete ),Original File 320kbps (.mp3)
1053,DRFL,222,"Wrong Lyrics, Right Song Singalong",Juice WRLD,DY Krazy & Tarentino,Florian Ongonga,-,JUICE - WRONG LYRICS RIGHT SONG Prod. DY,,"Tree Sound Recording Studio, Norcross, Atlanta, GA.","Recorded November 29, 2018.","First Previewed October 27, 2019.","Surfaced November 1, 2021.",2:31,Throwaway Track ( Complete ),Original File 320kbps (.mp3)
1054,DRFL,223,You Wouldn't Understand (v1.2) Outrage | U Wouldn't Understand,Juice WRLD,"Gezin, Max Lord, Nedo & Nils",Max Lord,Samples YNW Melly's 'Nobody's Around'.,juice wrld - u wouldnt understand v1.2 (LAFC 4),LAFC 4_Master,"Rented Home Recording Studio, West Hollywood, Los Angeles, CA.","Recorded November 9, 2018. File Exported November 12, 2018.","First Previewed November 9, 2018.","Surfaced August 18, 2020.",3:17,Original Demo Track ( Complete ),Original Files 2117kbps (.wav) 320kbps (.mp3)
1055,DRFL,224,You're Done (v1.2) Ur Done Song was originally called 'Bitch You're Done'.,Juice WRLD,JRHITMAKER & Nick Mira,Cole Kruggel & Max Lord,-,juice wrld - Ur Done ML mix v1.2,Instrumental: NM x JR - Rothschild 150BPM Loop: JR - Jewish 155 BPM Loop Kit: JRHITMAKER - Blur,"Classick Recording Studio, Humboldt Park, Chicago, IL.","Recorded July 4, 2018.",-,"Surfaced July 25, 2020.",2:07,Alternate Solo Demo Track ( Complete ),Original File 320kbps (.mp3)
1056,DRFL,225,You're Done (v1.2) [LIM] Ur Done Song was originally called 'Bitch You're Done'.,Juice WRLD,JRHITMAKER & Nick Mira,Cole Kruggel & Max Lord,-,juice wrld - Ur Done ML mix v1.2 LIM,Instrumental: NM x JR - Rothschild 150BPM Loop: JR - Jewish 155 BPM Loop Kit: JRHITMAKER - Blur,"Classick Recording Studio, Humboldt Park, Chicago, IL.","Recorded July 4, 2018. File Exported December 1-9, 2018.",-,"Surfaced November 20, 2025.",2:08,Alternate Solo Demo Track ( Complete ),Original File 2117kbps (.wav)
1057,DRFL,226,You're Not The Boss Boss Of Me | Ur Not The Boss,Juice WRLD,Purps On The Beat,Max Lord,Interpolates 'Percaholic' & They Might Be Giants' 'Boss Of Me'.,Juice Wrld - ur not the boss v1.0 (SummerLA purps),SummerLA 148,"Blue Room West Recording Studio, West Hollywood, Los Angeles, CA.","Recorded January 20, 2019.","First Previewed January 20, 2019.","Surfaced January 18, 2020.",3:34,Throwaway Track ( Complete ),Original Files 2117kbps (.wav) 320kbps (.mp3)
1059,DRFL,1,Arctic Tundra (v2.1) Blonde Hair Song was originally called 'Girl With The Blonde Hair'.,Juice WRLD,"Dez Wright, Gezin, Max Lord & TM88",Max Lord,-,Session Title: JUUL MANGO 6 actually 5 GZ juice v2.1 new beat.ptx Folder Title: JUUL MANGO 6 actually 5 TM GZ juice2,Instrumental: JUUL MANGO 5 new one Loop (1): GEZIN JUUL MANGO 5 main melody 1 Loop (2): GEZIN JUUL MANGO 5 main melody 2 Instrumental Stems: GEZIN JUUL MANGO 5,"Paramount Recording Studio, Santa Monica, Los Angeles, CA.","Recorded June 6-7, 2018.",-,"Surfaced December 5, 2022. Session Surfaced December 5, 2022.",3:15,Alternate Demo Track ( Unexported ) [ Complete ],Studio Session & Pro Tools Export
1060,DRFL,2,Better Off (v1.1),Juice WRLD,Wheezy,Max Lord,Shares the same instrumental as 'Tsunami Soul'.,Session Title: TSUNAMI SOUL V2.1 better off.ptx Folder Title: TSUNAMI SOUL,TSUNAMI SOUL,"Blue Room West Recording Studio, West Hollywood, Los Angeles, CA.","Recorded January 28, 2019.","First Previewed August 4, 2025. First Teased January 31, 2019.","Surfaced December 16, 2025. Session Surfaced January 25, 2026.",3:24,Alternate Demo Track ( Unexported ) [ Complete ],Studio Session & Pro Tools Export
1061,DRFL,3,Come And Get Me* Song is untitled.,Juice WRLD,Nikko Bunkin,Kevin Celik,Shares the same instrumental as Huncho Gang's 'Patique'.,Session Title: JUICE 12.4 4.ptx,1151 6-22,"Paramount Track Record North Studio, North Hollywood, Los Angeles, CA.","Recorded December 5, 2018.","First Previewed February 6, 2025.","Surfaced February 19, 2025. Session Surfaced February 19, 2025.",2:29,Scrapped Track ( Unexported ) [ Hook Only ],Studio Session & Pro Tools Export
1062,DRFL,4,Desire (v1) Song is titled after the instrumental.,Juice WRLD,Purps On The Beat,Max Lord,"Song is unfinished, contains an open verse.",Session Title: Desire purps v1.0.ptx Folder Title: Desire purps,Instrumental: DesireNOTAG148 Instrumental Stems: Desire,"Blue Room West Recording Studio, West Hollywood, Los Angeles, CA.","Recorded January 12, 2019.","First Previewed January 12, 2019.","Surfaced January 25, 2026. Session Surfaced January 25, 2026.",3:13,Original Demo Track ( Unexported ) [ Open Verse ],Studio Session & Pro Tools Export
1063,DRFL,5,Flaws And Sins (v1),Juice WRLD,Nick Mira,Max Lord,Samples Ginuwine's 'Pony'.,Session Title: NM barefoot v1.0 flaws and sins.ptx Folder Title: NM barefoot,Instrumental: NM - Barefoot 150BPM Loop: nm_barefoot beach_150 Loop Kit: Nick Mira - Gasolina 3 Beat Pack: nm - juice - oct 18,"Rented Home Recording Studio, West Hollywood, Los Angeles, CA.","Recorded November 14, 2018.",-,"Surfaced June 22, 2022. Session Surfaced June 22, 2022.",3:37,Original Demo Track ( Unexported ) [ Complete ],Studio Session & Pro Tools Export
1064,DRFL,6,Hear Me Calling (v1) Hear Me Callin' | One And Only Song was originally called '1 And Only'.,Juice WRLD,Purps On The Beat,Max Lord,"Song is unfinished, contains an open verse.",Session Title: nye2018 purps v1.0.ptx Folder Title: nye2018 purps,Instrumental: nye2018.2NOTAG178 Instrumental Stems: nye2018.2,"Blue Room West Recording Studio, West Hollywood, Los Angeles, CA.","Recorded January 12, 2019.",-,"Surfaced January 25, 2026. Session Surfaced January 25, 2026.",3:11,Original Demo Track ( Unexported ) [ Open Verse ],Studio Session & Pro Tools Export
1065,DRFL,7,HeMotions (v1.1) Motions | Muddy Emotions | The Motions Song was originally called 'Devil Emoji'.,Juice WRLD,Hit-Boy,Max Lord,-,Session Title: hit boys2000 v1.1.ptx Folder Title: hit boys2000,Hit-Boys2000,"Blue Room West Recording Studio, West Hollywood, Los Angeles, CA.","Recorded January 11, 2019.",-,"Surfaced January 25, 2026. Session Surfaced January 25, 2026.",2:43,Alternate Demo Track ( Unexported ) [ Complete ],Studio Session & Pro Tools Export
1066,DRFL,8,HeMotions (v1.1) [Mix 2] Motions | Muddy Emotions | The Motions Song was originally called 'Devil Emoji'.,Juice WRLD,Hit-Boy,Max Lord,-,Session Title: hit boys2000 v1.1 devil emoji.ptx Folder Title: hit boys2000,Hit-Boys2000,"Blue Room West Recording Studio, West Hollywood, Los Angeles, CA.","Recorded January 11, 2019.",-,"Surfaced January 25, 2026. Session Surfaced January 25, 2026.",2:43,Alternate Demo Track ( Unexported ) [ Complete ],Studio Session & Pro Tools Export
1067,DRFL,9,HeMotions (v1) Motions | Muddy Emotions | The Motions Song was originally called 'Devil Emoji'.,Juice WRLD,Hit-Boy,Max Lord,"Song is unfinished, contains an open verse.",Session Title: hit boys2000 v1.0.ptx Folder Title: hit boys2000,Hit-Boys2000,"Blue Room West Recording Studio, West Hollywood, Los Angeles, CA.","Recorded January 11, 2019.",-,"Surfaced January 25, 2026. Session Surfaced January 25, 2026.",2:43,Original Demo Track ( Unexported ) [ Open Verse ],Studio Session & Pro Tools Export
1068,DRFL,10,Hit 10 (with ILOVEMAKONNEN) Chef Juice | Perky Dance,Juice WRLD & ILOVEMAKONNEN,"G. Ry, Hit-Boy & Rogét Chahayed",Max Lord,-,Session Title: juice hit 10 hb roget 5 gry makonnen.ptx Folder Title: juice hit 10,hb roget 5 gry,"Blue Room West Recording Studio, West Hollywood, Los Angeles, CA.","Recorded January 26, 2019.","First Previewed January 26, 2019.","Surfaced July 23, 2025. Session Surfaced July 27, 2025.",7:21,Throwaway Track ( Unexported ) [ Complete ],Studio Session & Pro Tools Export
1069,DRFL,11,Invasion (v1) Spaceships,Juice WRLD,Dre Moon,Max Lord,"Song is unfinished, contains an open verse.",Session Title: 1740 moon v1.0 invasion.ptx Folder Title: 1740 moon,1740(90),"Rented Home Recording Studio, Beverly Hills, Los Angeles, CA.","Recorded February 5, 2019.","First Previewed February 5, 2019.","Surfaced January 25, 2026. Session Surfaced January 25, 2026.",3:36,Original Demo Track ( Unexported ) [ Open Verse ],Studio Session & Pro Tools Export
1070,DRFL,12,Maze (v1.1),Juice WRLD,"Boi-1da, Don Mills & Jahaan Sweet",Max Lord,"Song is unfinished, contains an open verse.",Session Title: 3030 SWEET MILOS 2 v1.1 Maze.ptx Folder Title: 3030 SWEET MILOS 2,Instrumental: 3030 - SWEET MILOS BEAT - B Minor Loop: 2. VINTAGE 4 (160 BPM) REF Instrumental Stems: 3030 - SWEET MILOS BEAT,"Blue Room West Recording Studio, West Hollywood, Los Angeles, CA.","Recorded January 10, 2019.",-,"Surfaced January 25, 2026. Session Surfaced January 25, 2026.",3:36,Alternate Demo Track ( Unexported ) [ Open Verse ],Studio Session & Pro Tools Export
1071,DRFL,13,No Good (v1.1) No Good Woman,Juice WRLD,Rvssian,Max Lord,-,Session Title: rvssian 911 no good v1.1.ptx Folder Title: rvssian 911,RVSSIAN 911 ACC 170 BPM,"Electric Feel Recording Studio, West Hollywood, Los Angeles, CA.","Recorded November 7, 2018.",-,"Surfaced June 28, 2023. Session Surfaced June 28, 2023.",4:20,Alternate Demo Track ( Unexported ) [ Complete ],Studio Session & Pro Tools Export
1072,DRFL,14,No Good (v1) No Good Woman,Juice WRLD,Rvssian,Max Lord,-,Session Title: rvssian 911 no good v1.0.ptx Folder Title: rvssian 911,RVSSIAN 911 ACC 170 BPM,"Electric Feel Recording Studio, West Hollywood, Los Angeles, CA.","Recorded November 7, 2018.",-,"Surfaced June 28, 2023. Session Surfaced June 28, 2023.",4:20,Original Demo Track ( Unexported ) [ Complete ],Studio Session & Pro Tools Export
1073,DRFL,15,Not Supposed To Be Here (v1.1) In The Mix,Juice WRLD,Nick Mira,Max Lord,-,Session Title: NM dashboard 2 v1.1 not supposed to be here.ptx Folder Title: NM dashboard 2,Instrumental: NM - Dashboard 160BPM Beat Pack: nm - juice - oct 18,"Rented Home Recording Studio, West Hollywood, Los Angeles, CA.","Recorded November 16, 2018.",-,"Surfaced January 21, 2026. Session Surfaced January 25, 2026.",3:48,Alternate Demo Track ( Unexported ) [ Complete ],Studio Session & Pro Tools Export
1074,DRFL,16,Not Supposed To Be Here (v1) In The Mix,Juice WRLD,Nick Mira,Max Lord,-,Session Title: NM dashboard 2 v1.0 not supposed to be here.ptx Folder Title: NM dashboard 2,Instrumental: NM - Dashboard 160BPM Beat Pack: nm - juice - oct 18,"Rented Home Recording Studio, West Hollywood, Los Angeles, CA.","Recorded November 16, 2018.","First Previewed November 16, 2018.","Surfaced January 25, 2026. Session Surfaced January 25, 2026.",3:48,Original Demo Track ( Unexported ) [ Complete ],Studio Session & Pro Tools Export
1075,DRFL,17,Nuketown (feat. Juice WRLD) [v1] Song was originally called 'Cut Throat'.,Ski Mask The Slump God,Fresh ThPharmacy,LGfive & Max Lord,Shares the same sample as Sha Gz's 'New Opp' & Buni's 'Gulag (Pt. 2)'. Song originally began as a solo Ski Mask The Slump God track.,Session Title: cut throat ski 48k v1.0.ptx Folder Title: cut throat ski 48k,Open Verse File: cut throat ski x juice Instrumental Stems: dfresh6,"Ski Mask's Vocals 5Star Production Studio, Atlantic Station, Atlanta, GA. Juice's Vocals Rented Home Recording Studio, West Hollywood, Los Angeles, CA.","Ski Mask's Vocals October [ ? ], 2018. Juice's Vocals November 20, 2018.","First Previewed November 20, 2018.","Surfaced February 14, 2023. Session Surfaced February 14, 2023.",2:44,Original Feature Demo Track ( Unexported ) [ Complete ],Studio Session & Pro Tools Export
1076,DRFL,18,Perfect Strangers Song is untitled.,Juice WRLD,Seezyn,Max Lord,Samples Ronnie Laws' 'Friend And Strangers'.,Session Title: PERFECT STRANGERS.ptx,PERFECT STRANGERS,"Blue Room West Recording Studio, West Hollywood, Los Angeles, CA.","Recorded January 26, 2019.","First Previewed March 19, 2025.","Surfaced December 3, 2025. Session Surfaced December 27, 2025.",3:07,Scrapped Track ( Unexported ) [ Verse Only ],Studio Session & Pro Tools Export
1077,DRFL,19,Personality Disorder Codeine Cowboys,Juice WRLD,G. Ry & Hit-Boy,Max Lord,-,Session Title: chalice 2018 270 v1.0 personality disorder.ptx Folder Title: chalice 2018 270,chalice 2018-270,"Blue Room West Recording Studio, West Hollywood, Los Angeles, CA.","Recorded January 29, 2019.","First Previewed March 19, 2025.","Surfaced January 17, 2026. Session Surfaced January 25, 2026.",3:56,Throwaway Track ( Unexported ) [ Complete ],Studio Session & Pro Tools Export
1078,DRFL,20,"Rider (v1.1) Song was originally titled 'Alpine', after the instrumental.",Juice WRLD,Power,Max Lord,-,Session Title: alpine v1.1.ptx Folder Title: alpine,alpine,"Rented Home Recording Studio, West Hollywood, Los Angeles, CA.","Recorded November 9, 2018.",-,"Surfaced January 25, 2026. Session Surfaced January 25, 2026.",3:11,Alternate Demo Track ( Unexported ) [ Complete ],Studio Session & Pro Tools Export
1079,DRFL,21,"Rider (v1) Song was originally titled 'Alpine', after the instrumental.",Juice WRLD,Power,Max Lord,-,Session Title: alpine v1.0.ptx Folder Title: alpine,alpine,"Rented Home Recording Studio, West Hollywood, Los Angeles, CA.","Recorded November 9, 2018.",-,"Surfaced January 25, 2026. Session Surfaced January 25, 2026.",3:11,Original Demo Track ( Unexported ) [ Complete ],Studio Session & Pro Tools Export
1080,DRFL,22,"Ring Ring (Demo) Song was originally titled 'Royer', after the instrumental.",Juice WRLD,Rvssian,Max Lord,"Shares the same instrumental as 'Royer'. Song is unfinished, contains an open verse.",Session Title: russien.ptx Folder Title: rvssian ROYER,Instrumental: rvssian ROYER 160 Instrumental Stems: RVSSIAN,"Electric Feel Recording Studio, West Hollywood, Los Angeles, CA.","Recorded November 7, 2018.","First Previewed November 7, 2018.","Surfaced January 5, 2023. Session Surfaced January 5, 2023.",3:11,Original Demo Track ( Unexported ) [ Open Verse ],Studio Session & Pro Tools Export
1081,DRFL,23,"Ring Ring (v1) Song was originally titled 'Royer', after the instrumental.",Juice WRLD,Rvssian,Max Lord,"Shares the same instrumental as 'Royer'. Song is unfinished, contains an open verse.",Session Title: rvssian ROYER v1.0.ptx Folder Title: rvssian ROYER,Instrumental: rvssian ROYER 160 Instrumental Stems: RVSSIAN,"Electric Feel Recording Studio, West Hollywood, Los Angeles, CA.","Recorded November 7, 2018.",-,"Surfaced January 5, 2023. Session Surfaced January 5, 2023.",3:11,Alternate Demo Track ( Unexported ) [ Open Verse ],Studio Session & Pro Tools Export
1082,DRFL,24,RUN (v1.1),Juice WRLD,LordQuest & Rascal,Max Lord,Shares the same sample as XXXTENTACION's 'Angel'. Samples Shiloh Dynasty's 'So Low'.,Session Title: Qv RUN v1.1.ptx Folder Title: Qv,Qv-110,"Blue Room West Recording Studio, West Hollywood, Los Angeles, CA.","Recorded January 15, 2019.",-,"Surfaced January 25, 2026. Session Surfaced January 25, 2026.",7:38,Alternate Demo Track ( Unexported ) [ Complete ],Studio Session & Pro Tools Export
1083,DRFL,25,RUN (v1),Juice WRLD,LordQuest & Rascal,Max Lord,Shares the same sample as XXXTENTACION's 'Angel'. Samples Shiloh Dynasty's 'So Low'.,Session Title: Qv RUN v1.0.ptx Folder Title: Qv,Qv-110,"Blue Room West Recording Studio, West Hollywood, Los Angeles, CA.","Recorded January 15, 2019.",-,"Surfaced January 25, 2026. Session Surfaced January 25, 2026.",7:38,Original Demo Track ( Unexported ) [ Complete ],Studio Session & Pro Tools Export
1084,DRFL,26,Syphilis (v1.1),Juice WRLD,Cardo Got Wings & Yung Exclusive,Max Lord,-,Session Title: Blow out da piff yex v1.1 syphilis.ptx Folder Title: Blow out da piff yex,Instrumental: Blow Out The Piff BPM148 YeX Instrumental Stems: Juice,"Blue Room West Recording Studio, West Hollywood, Los Angeles, CA.","Recorded January 12, 2019.",-,"Surfaced January 25, 2026. Session Surfaced January 25, 2026.",4:19,Alternate Demo Track ( Unexported ),Studio Session & Pro Tools Export
1085,DRFL,27,Syphilis (v1.2),Juice WRLD,Cardo Got Wings & Yung Exclusive,Max Lord,-,Session Title: Blow out da piff yex v1.2 syphilis.ptx Folder Title: Blow out da piff yex,Instrumental: Blow Out The Piff BPM148 YeX Instrumental Stems: Juice,"Blue Room West Recording Studio, West Hollywood, Los Angeles, CA.","Recorded January 12, 2019.",-,"Surfaced January 25, 2026. Session Surfaced January 25, 2026.",4:19,Alternate Demo Track ( Unexported ),Studio Session & Pro Tools Export
1086,DRFL,28,Syphilis (v1),Juice WRLD,Cardo Got Wings & Yung Exclusive,Max Lord,-,Session Title: Blow out da piff yex v1.0.ptx Folder Title: Blow out da piff yex,Instrumental: Blow Out The Piff BPM148 YeX Instrumental Stems: Juice,"Blue Room West Recording Studio, West Hollywood, Los Angeles, CA.","Recorded January 12, 2019.",-,"Surfaced January 25, 2026. Session Surfaced January 25, 2026.",4:19,Original Demo Track ( Unexported ),Studio Session & Pro Tools Export
1087,DRFL,29,Tsunami Soul Coming With Me | We Outta Here Song is untitled.,Juice WRLD,Wheezy,Max Lord,Shares the same instrumental as 'Better Off'.,Session Title: TSUNAMI SOUL V1.0.ptx Folder Title: TSUNAMI SOUL,TSUNAMI SOUL,"Blue Room West Recording Studio, West Hollywood, Los Angeles, CA.","Recorded January 28, 2019.","First Previewed March 19, 2025.","Surfaced April 19, 2025. Session Surfaced December 6, 2025.",2:28,Throwaway Track ( Unexported ) [ Complete ],Studio Session & Pro Tools Export
1088,DRFL,30,Without Me (Remix) [feat. Juice WRLD] {v1.2},Halsey,Louis Bell,Louis Bell & Max Lord,Song originally began as a solo Halsey track.,Session Title: without me halsey juice v1.2.ptx Folder Title: without me halsey juice,Instrumental: Without Me_-2db - 90318 instrumental_(1644 mastered) Open Verse File: Without Me (W-Open Verse),"Juice's Vocals Rented Home Recording Studio, Sandy Springs, Atlanta, GA.","Recorded December 10, 2018.",-,"Surfaced January 31, 2022. Session Surfaced January 31, 2022.",3:54,Original Feature Demo & Remix Track ( Unexported ),Studio Session & Pro Tools Export
1089,DRFL,31,Without Me (Remix) [feat. Juice WRLD] {v1.3},Halsey,Louis Bell,Louis Bell & Max Lord,Song originally began as a solo Halsey track.,Session Title: without me halsey juice v1.3.ptx Folder Title: without me halsey juice,Instrumental: Without Me_-2db - 90318 instrumental_(1644 mastered) Open Verse File: Without Me (W-Open Verse),"Juice's Vocals Rented Home Recording Studio, Sandy Springs, Atlanta, GA.","Recorded December 10, 2018.",-,"Surfaced January 31, 2022. Session Surfaced January 31, 2022.",3:54,Alternate Feature Demo & Remix Track ( Unexported ),Studio Session & Pro Tools Export
1090,DRFL,32,Without Me (Remix) [feat. Juice WRLD] {v1.4},Halsey,Louis Bell,Louis Bell & Max Lord,Song originally began as a solo Halsey track.,Session Title: without me halsey juice v1.4.ptx Folder Title: without me halsey juice,Instrumental: Without Me_-2db - 90318 instrumental_(1644 mastered) Open Verse File: Without Me (W-Open Verse),"Juice's Vocals Rented Home Recording Studio, Sandy Springs, Atlanta, GA.","Recorded December 10, 2018.",-,"Surfaced January 31, 2022. Session Surfaced January 31, 2022.",3:54,Alternate Feature Demo & Remix Track ( Unexported ),Studio Session & Pro Tools Export
1091,DRFL,33,Without Me (Remix) [feat. Juice WRLD] {v2.1},Halsey,Louis Bell,Louis Bell & Max Lord,Song originally began as a solo Halsey track.,Session Title: without me halsey juice v2.1.ptx Folder Title: without me halsey juice,Instrumental: Without Me_-2db - 90318 instrumental_(1644 mastered) Open Verse File: Without Me (W-Open Verse),"Juice's Vocals Rented Home Recording Studio, Sandy Springs, Atlanta, GA.","Third Verse December 10, 2018. Hook & Third Verse Ad-Libs December 14, 2018.",-,"Surfaced January 31, 2022. Session Surfaced January 31, 2022.",3:54,Alternate Feature Demo & Remix Track ( Unexported ),Studio Session & Pro Tools Export
1092,DRFL,34,Without Me (Remix) [feat. Juice WRLD] {v2.2},Halsey,Louis Bell,Louis Bell & Max Lord,Song originally began as a solo Halsey track.,Session Title: without me halsey juice v2.2.ptx Folder Title: without me halsey juice,Instrumental: Without Me_-2db - 90318 instrumental_(1644 mastered) Open Verse File: Without Me (W-Open Verse),"Juice's Vocals Rented Home Recording Studio, Sandy Springs, Atlanta, GA.","Third Verse December 10, 2018. Hook & Third Verse Ad-Libs December 14, 2018.",-,"Surfaced January 31, 2022. Session Surfaced January 31, 2022.",3:54,Alternate Feature Demo & Remix Track ( Unexported ),Studio Session & Pro Tools Export
1093,DRFL,35,Without Me (Remix) [feat. Juice WRLD] {v2},Halsey,Louis Bell,Louis Bell & Max Lord,Song originally began as a solo Halsey track.,Session Title: without me halsey juice v2.0.ptx Folder Title: without me halsey juice,Instrumental: Without Me_-2db - 90318 instrumental_(1644 mastered) Open Verse File: Without Me (W-Open Verse),"Juice's Vocals Rented Home Recording Studio, Sandy Springs, Atlanta, GA.","Third Verse December 10, 2018. Hook & Third Verse Ad-Libs December 14, 2018.",-,"Surfaced January 31, 2022. Session Surfaced January 31, 2022.",3:54,Alternate Feature Demo & Remix Track ( Unexported ),Studio Session & Pro Tools Export
1094,DRFL,36,Won't Hurt Same Damn Night Song is untitled.,Juice WRLD,Wheezy,Max Lord,Shares the same instrumental as 'Won't Hurt 2'.,Session Title: wont hurt wheezy.ptx,wont hurt,"Blue Room West Recording Studio, West Hollywood, Los Angeles, CA.","Recorded January 28, 2019.","First Previewed March 19, 2025.","Surfaced January 25, 2026. Session Surfaced January 25, 2026.",2:56,Scrapped Track ( Unexported ) [ Hook Only ],Studio Session & Pro Tools Export
1095,DRFL,37,Won't Hurt 2 (v1.1) Live Or Die | Revive Song is untitled.,Juice WRLD,Wheezy,Max Lord,Shares the same instrumental as 'Won't Hurt'.,Session Title: wont hurt 2 wheezy v1.1.ptx Folder Title: wont hurt 2 wheezy,wont hurt,"Blue Room West Recording Studio, West Hollywood, Los Angeles, CA.","Recorded January 29, 2019.",-,"Surfaced February 10, 2026. Session Surfaced April 24, 2025.",3:13,Alternate Demo Track ( Unexported ) [ Complete ],Studio Session & Pro Tools Export
1096,DRFL,38,Won't Hurt 2 (v1) Live Or Die | Revive Song is untitled.,Juice WRLD,Wheezy,Max Lord,Shares the same instrumental as 'Won't Hurt'.,Session Title: wont hurt 2 wheezy v1.0.ptx Folder Title: wont hurt 2 wheezy,wont hurt,"Blue Room West Recording Studio, West Hollywood, Los Angeles, CA.","Recorded January 29, 2019.","First Previewed February 10, 2024.","Surfaced March 22, 2024. Session Surfaced April 24, 2025.",3:13,Original Demo Track ( Unexported ) [ Complete ],Studio Session & Pro Tools Export
1098,OUT,1,100 Band Jugg (with ILOVEMAKONNEN) [v1.2] Hunnid' Band Jugg,Juice WRLD & ILOVEMAKONNEN,Bobby Raps & Rex Kudo,Max Lord,"Song is unfinished, contains an open verse.",Juice Wrld makonnen - 100 band jugg v1.2 (170 rexjuice2),,"Home Recording Studio, Encino Hills, Los Angeles, CA.","Recorded September 23, 2019. File Exported September 25, 2019.","First Previewed May 23, 2022.","Surfaced June 5, 2022.",3:23,Alternate Demo Track ( Open Verse ),Original File 2304kbps (.wav)
1099,OUT,2,2 Seat (with G Herbo) [v1.1] Two Seat,Juice WRLD & G Herbo,12Hunna & DP Beats,Max Lord,-,Juice Wrld - 2 seat v1.1 herbo (dp12hunna 14),dp12hunna 14,"St. Martin's Lane Hotel Recording Studio, Covent Garden, London, England.","Recorded March 10, 2019.","First Previewed March 10, 2019.","Surfaced March 15, 2023.",2:10,Alternate Demo Track ( Complete ),Original Files 2117kbps (.wav) 320kbps (.mp3)
1100,OUT,3,6 Kiss (with Trippie Redd) [feat. YNW Melly] {v1} Kiss | Six Kiss,Juice WRLD & Trippie Redd,Nick Mira,"Alex Layne, Chris Perez, Igor Mamet & Unknown",Shares the same instrumental as 'Vinci'. Song originally began as a Juice WRLD & Trippie Redd track. Intro samples a sound effect from the Japanese Anime 'Sailor Moon'.,Juicexmellyxtrippie,Instrumental: NM - Vinci 142BPM Open Verse File: Melly x Juice x Trippie_Melly Verse Loop Stems: NM - Vinci Beat Pack: NM_Juice August 4.18,"Juice's Vocals Record Plant Recording Studio, West Hollywood, Los Angeles, CA. Melly's Vocals Fine Line Recording Studio, Miami Lakes, Hialeah, FL.","Juice's Vocals August 9, 2018. Trippie's Vocals October 7-8, 2019.",-,"Surfaced November 24, 2022. Session Surfaced November 24, 2022.",3:18,Original Feature Demo Track ( Complete ),Studio Session & Original File 320kbps (.mp3)
1101,OUT,4,6 Kiss (with Trippie Redd) [feat. YNW Melly] { v2 } Kiss | Six Kiss,Juice WRLD & Trippie Redd,Nick Mira,"Alex Layne, Chris Perez, Igor Mamet & Unknown",Shares the same instrumental as 'Vinci'. Song originally began as a Juice WRLD & Trippie Redd track. Intro samples a sound effect from the Japanese Anime 'Sailor Moon'.,File Name (1): Kiss FIX 2 File Name (2): 6 Kiss juice wrld & awn melly UPDATED,Loop Stems: NM - Vinci,"Juice's Vocals Record Plant Recording Studio, West Hollywood, Los Angeles, CA. Melly's Vocals Fine Line Recording Studio, Miami Lakes, Hialeah, FL.","Juice's Vocals August 9, 2018. Trippie's Vocals October 7-8, 2019. Files Exported November 19, 2019.",-,"Surfaced November 24, 2022.",3:19,Alternate Feature Demo Track ( Complete ),Original Files 2304kbps (.wav)
1102,OUT,5,Adore You (v1.1) Never Seen A Soul Like Yours Before Song was originally called 'Dark Knight'.,Juice WRLD,MjNichols & Nick Mira,Max Lord,-,Juice Wrld - dark knight v1.1 (NM repent),Instrumental: NM x MJ - Repent 88BPM Loop: mjNichols_Relentless_88BPM Loop Kit: mjNichols - Vol. 1 Beat Pack: Nick Mira - Juice WRLD 4.27,"Thompson Seattle Hotel Recording Studio, Pike Place Market, Seattle, WA.","Recorded April 29, 2019.","First Previewed May 16, 2019.","Surfaced October 25, 2021.",2:54,Alternate Demo Track ( Complete ),Original Files 2117kbps (.wav) 320kbps (.mp3)
1103,OUT,6,Air Guitar*,Juice WRLD,Carlton McDowell & SoundsBy8,Max Lord,"Song is unfinished, hook only.",,b752 - bpm 140 Prod. Car!ton & Okeighteen,-,-,"First Previewed October 17, 2025.","Surfaced January 25, 2026.",4:07,Throwaway Track ( Hook Only ),320kbps (.mp3)
1104,OUT,7,All Life Long (v1.1) Good Time,Juice WRLD,Dot Da Genius & Take A Daytrip,Max Lord,-,Juice Wrld - all life long v1.1 (lil steak),Instrumental: lil steak daytrip Beat Pack: Take A Daytrip for Juice Wrld (Pack 5),"Fordson Hotel Recording Studio, Central, Oklahoma City, OK.","Recorded June 11, 2019.","First Previewed June 12, 2019.","Surfaced July 12, 2020.",3:31,Alternate Solo Demo Track ( Complete ),Original Files 2117kbps (.wav) 320kbps (.mp3)
1105,OUT,8,Attachments (feat. Young Thug),Juice WRLD,Richie Souf,Bainz & Max Lord,Song originally began as a solo Juice WRLD track.,ATTACHMENTS - JUICE WRLD - THUG,rs_1946_ ...,"Juice's Vocals Rented Home Recording Studio, Beverly Hills, Los Angeles, CA. Thug's Vocals Crosby Recording Studio, Burbank, Los Angeles, CA.","Juice's Vocals February 12-13, 2019. Thug's Vocals March 14, 2019.","First Previewed April 6, 2019.","Surfaced March 13, 2022.",4:01,Feature Track ( Complete ),Original File 2117kbps (.wav) 125kbps (.m4a)
1106,OUT,9,Bad Boy (with Young Thug) [v1],Juice WRLD & Young Thug,Pi'erre Bourne,Bainz,Shares a very similar instrumental with Yeat's '2ÜP (Bad Boy Remix)'.,THUG x JUICEWRLD - BAD BOY (BAINZRUFF),Instrumental: juul10_inst full Loop: juul10_guitar loop Instrumental Stems: juul10,"Crosby Recording Studio, Burbank, Los Angeles, CA.","Recorded April 10, 2019.","First Previewed April 10, 2019.","Surfaced May 4, 2023.",2:23,Original Demo Track ( Complete ),Original File 320kbps (.mp3)
1107,OUT,10,Bad Boy (with Young Thug) [v2],Juice WRLD & Young Thug,Pi'erre Bourne,Bainz,Shares a very similar instrumental with Yeat's '2ÜP (Bad Boy Remix)'.,THUG x JUICEWRLD - BAD BOY v2,Instrumental: juul10_inst full Loop: juul10_guitar loop Instrumental Stems: juul10,"Crosby Recording Studio, Burbank, Los Angeles, CA.","Recorded April 10, 2019.","First Previewed April 28, 2019.","Surfaced November 24, 2024.",2:35,Alternate Demo Track ( Complete ),Original File 320kbps (.mp3)
1108,OUT,11,Bad Boy (with Young Thug) [v3],Juice WRLD & Young Thug,Pi'erre Bourne,Bainz,Shares a very similar instrumental with Yeat's '2ÜP (Bad Boy Remix)'.,THUG x JUICEWRLD - BAD BOY v3,Instrumental: juul10_inst full Loop: juul10_guitar loop Instrumental Stems: juul10,"Crosby Recording Studio, Burbank, Los Angeles, CA.","Recorded April 10, 2019.","First Previewed July 29, 2019.","Surfaced January 4, 2020.",2:38,Alternate Demo Track ( Complete ),Original File 320kbps (.mp3)
1109,OUT,12,Bad Boy (with Young Thug) [v4],Juice WRLD & Young Thug,Pi'erre Bourne,Bainz,Shares a very similar instrumental with Yeat's '2ÜP (Bad Boy Remix)'.,THUG x JUICEWRLD - BAD BOY v4,Instrumental: juul10_inst full Loop: juul10_guitar loop Instrumental Stems: juul10,"Intro, Hook, Post-Hook & Thug's Verse Crosby Recording Studio, Burbank, Los Angeles, CA.","Intro, Hook, Post-Hook & Thug's Verse April 10, 2019. Juice's Verse October 25, 2019.",-,"Surfaced July 7, 2020.",2:38,Alternate Demo Track ( Complete ),Original File 2117kbps (.wav)
1110,OUT,13,Bad Energy (v1),Juice WRLD,Blake Slatkin & Take A Daytrip,Max Lord,-,Juice Wrld - bad energy v1.0 (popcorn daytrip),Instrumental: popcorn daytrip Beat Pack: Take A Daytrip for Juice Wrld (Pack 5),"Home Recording Studio, Encino Hills, Los Angeles, CA.","Recorded June 24, 2019. File Exported January 26, 2020.","First Previewed June 24, 2019.","Surfaced May 22, 2020.",3:14,Original Demo Track ( Complete ),Original Files 2117kbps (.wav) 320kbps (.mp3)
1111,OUT,14,Bandit (feat. YoungBoy Never Broke Again) [v1] Molly Savage Song was originally called 'Bad Bitch Bandit'.,Juice WRLD,Nick Mira,Florian Ongonga & Mark Dorflinger,Song originally began as a solo Juice WRLD track.,Bad Bitch Bandit (feat NBA Youngboy),Instrumental: NM - Seltzer 90BPM Beat Pack: nm - juice - oct 18,"Juice's Vocals Tree Sound Recording Studio, Norcross, Atlanta, GA. YoungBoy's Vocals NBA YoungBoy's Home Recording Studio, Baton Rouge, Louisiana, LA.","Juice's Vocals December 1, 2018. YoungBoy's Vocals May [ ? ], 2019. .L/.R Files Exported May 18, 2019.",-,"Surfaced December 1, 2022. Session Surfaced December 1, 2022.",3:12,Original Feature Demo Track ( Complete ),Studio Session & Original Files .L/.R 1536kbps (.wav) 160kbps (.mp3)
1112,OUT,15,Bandit (feat. YoungBoy Never Broke Again) [ v3 ] Molly Savage Song was originally called 'Bad Bitch Bandit'.,Juice WRLD,Nick Mira,Florian Ongonga & Mark Dorflinger,Song originally began as a solo Juice WRLD track.,Juiceworld.NBAYoungboy - Bad Bitch Bandit - 9.15.2019md,Instrumental: NM - Seltzer 90BPM Beat Pack: nm - juice - oct 18,"Juice's Vocals Tree Sound Recording Studio, Norcross, Atlanta, GA. YoungBoy's Vocals NBA YoungBoy's Home Recording Studio, Baton Rouge, Louisiana, LA.","Juice's Vocals December 1, 2018. YoungBoy's Vocals May [ ? ], 2019. File Exported September 15, 2019.",-,"Surfaced February 23, 2025.",3:13,Alternate Feature Demo Track ( Complete ),Original File 320kbps (.mp3)
1113,OUT,16,Bandit (feat. YoungBoy Never Broke Again) [v6.1] Molly Savage Song was originally called 'Bad Bitch Bandit'.,Juice WRLD,Nick Mira,"Florian Ongonga, Mark Dorflinger & Max Lord",Song originally began as a solo Juice WRLD track.,Juice Wrld NBA - bandit ML mix v6.1 LIM,Instrumental: NM - Seltzer 90BPM Beat Pack: nm - juice - oct 18,"Juice's Vocals Tree Sound Recording Studio, Norcross, Atlanta, GA. YoungBoy's Vocals NBA YoungBoy's Home Recording Studio, Baton Rouge, Louisiana, LA.","Juice's Vocals December 1, 2018. YoungBoy's Vocals May [ ? ], 2019.",-,"Surfaced October 4, 2020.",3:12,Alternate Feature Demo Track ( Complete ),Original File 320kbps (.mp3)
1114,OUT,17,Bandit ( v2 ) Molly Savage Song was originally called 'Bad Bitch Bandit'.,Juice WRLD,Nick Mira,Florian Ongonga & Unknown,Open verse version of the song which was sent to YoungBoy Never Broke Again.,,Instrumental: NM - Seltzer 90BPM Beat Pack: nm - juice - oct 18,"Tree Sound Recording Studio, Norcross, Atlanta, GA.","Recorded December 1, 2018.",-,"Surfaced June 4, 2019.",3:22,Alternate Solo Demo Track ( Open Verse ),320kbps (.mp3)
1115,OUT,18,Barry Bonds (v1.3) Dark Arts,Juice WRLD,KBeaZy & Keanu Beats,Max Lord,-,Juice Wrld - Barry Bonds v1.3 (kbeazy michigan),KBeaZy x Keanu - michigan 148,"Home Recording Studio, Encino Hills, Los Angeles, CA.","Hook & First Verse August 3-9, 2019. Second Verse September 30, 2019. File Exported October 3, 2019.","First Previewed September 30, 2019.","Surfaced July 28, 2021.",3:01,Alternate Demo Track ( Complete ),Original Files 2117kbps (.wav) 320kbps (.mp3)
1116,OUT,19,"Been Through Hell* September Song is titled 'Soup WRLD', after the instrumental.",Juice WRLD,"Mike Hector, Rex Kudo & Sevn Thomas",Matteo Galesi,-,Rex x Juice - MIKE REX SOUPWRLD,,"Matteo Galesi's Tileyard Recording Studio, London, England.","Recorded July 9, 2019.","First Previewed April 29, 2022.","Surfaced May 5, 2022.",3:07,Throwaway Track ( Open Verse ),Original File 320kbps (.mp3)
1117,OUT,20,Best Friend* Whole-Wide World,Juice WRLD,Rex Kudo,Max Lord,-,,,"Home Recording Studio, Encino Hills, Los Angeles, CA.","Recorded November 17, 2019.","First Previewed November 17, 2019.","Surfaced April 2, 2024.",2:05,Throwaway Track ( Complete ),320kbps (.mp3)
1118,OUT,21,"Betrayal (with ILOVEMAKONNEN) [v1.1] Betrayed My Trust Song was originally called 'Sex, Love, Ecstasy'.",Juice WRLD & ILOVEMAKONNEN,Rex Kudo,Max Lord,-,File Name: rex juice makonnen sex love ecstasy v1.1 Session Title: rex juice makonnen sex love ecstasy v1.1.ptx,CC9,"Home Recording Studio, Encino Hills, Los Angeles, CA.","Recorded September 19-20, 2019.","First Previewed September 19-20, 2019.","Surfaced September 1, 2022.",2:28,Alternate Demo Track ( Complete ),320kbps (.mp3)
1119,OUT,22,"Betrayal (with ILOVEMAKONNEN) [v1.6] Betrayed My Trust Song was originally called 'Sex, Love, Ecstasy'.",Juice WRLD & ILOVEMAKONNEN,Max Lord & Rex Kudo,Max Lord,-,Betrayal - CC9 rex juice makonnen ML v1.6,CC9,"Home Recording Studio, Encino Hills, Los Angeles, CA.","Recorded September 19-20, 2019. File Exported September 21, 2019.",-,"Surfaced June 9, 2022.",3:36,Alternate Demo Track ( Complete ),Original File 2304kbps (.wav)
1120,OUT,23,Big Fan* Baller Olympics,Juice WRLD,Flansie & Styn,Max Lord,-,,,"Home Recording Studio, Encino Hills, Los Angeles, CA.","Recorded August 2-3, 2019.","First Previewed March 19, 2025.","Surfaced July 25, 2025.",2:10,Throwaway Track ( Complete ),320kbps (.mp3)
1121,OUT,24,Bigger (v1.5) Biscotti In The Air | Real Ones,Juice WRLD,ENDZ & Max Lord,Max Lord,-,File Name: Juice Wrld - bigger v1.5 (margate167) Session Title: margate167 manu v1.5.ptx Folder Title: margate167 manu,Instrumental: margate167 manu v2 Loop: Jaws of Life 118bpm,"DORMERO Hotel Recording Studio, Innenstadt, Dessau-Roßlau, Germany.","Recorded July 12-13, 2019. File Exported July 13, 2019.","First Previewed July 12-13, 2019.","Surfaced July 5, 2023.",3:45,Alternate Demo Track ( Complete ),Original Files 2117kbps (.wav) 320kbps (.mp3)
1122,OUT,25,Bity (with Trippie Redd) [v1.1] City,Juice WRLD & Trippie Redd,DJ Scheme & Nuri,Igor Mamet & Max Lord,"Tracks title is 'City', but Blood affiliates tend to put the letter 'B' at the start of words that begin with 'C'.",Juice Wrld trippie - BITY v1.1 (pianodrip scheme),Pianodrip_Nuri_140,"Home Recording Studio, Encino Hills, Los Angeles, CA.","Recorded October 22-23, 2019.","First Previewed October 23, 2019. First Teased September 7, 2020.","Surfaced October 10, 2021.",2:17,Alternate Demo Track ( Complete ),Original File 320kbps (.mp3)
1123,OUT,26,Black Out (with G Herbo) [v1.3] Cash Out,Juice WRLD & G Herbo,KBeaZy & Keanu Beats,Max Lord,-,Juice Wrld Herbo - Black Out v1.3 (ARABIA Kbeazy),KBeaZy - ARABIA 144 w Keanu,"Home Recording Studio, Encino Hills, Los Angeles, CA.","Recorded October 1, 2019. File Exported October 2, 2019.","First Previewed October 1, 2019.","Surfaced March 18, 2021.",2:54,Alternate Demo Track ( Complete ),Original Files 2304kbps (.wav) 320kbps (.mp3)
1124,OUT,27,Blade (v1.2) Bloody Blade | Hell's Fire,Juice WRLD,Nick Mira & Ray Russell,Max Lord,-,Juice Wrld - Blade v1.2 (NM balenciagas),Instrumental: NM - Balenciagas 165BPM Loop: 130_Balladeer_V5_E_290_SP02 Loop Kit: Samplephonics - Ray Russell Guitar Sessions Beat Pack: Nick Mira - Juice WRLD 4.27,"Thompson Seattle Hotel Recording Studio, Pike Place Market, Seattle, WA.","Recorded April 29, 2019.","First Previewed May 11, 2019.","Surfaced June 1, 2021.",2:43,Alternate Demo Track ( Complete ),Original Files 2117kbps (.wav) 320kbps (.mp3)
1125,OUT,28,Blastoff (with Trippie Redd) [ v2 ] Song was originally called 'Blast'.,Juice WRLD & Trippie Redd,Diplo & Unknown,Igor Mamet & Unknown,-,,,"Paramount Encore Recording Studios, Burbank, Los Angeles, CA.","Recorded September 9, 2018.",-,"Surfaced August 5, 2020.",2:58,Alternate Demo Track ( Complete ),256kbps (.mp3)
1126,OUT,29,Blastoff (with Trippie Redd) [ v3 ] Song was originally called 'Blast'.,Juice WRLD & Trippie Redd,"KC Supreme, Nick Mira & Unknown","Igor Mamet , KC Supreme & Terrance Armond","Song is unfinished, contains an open verse.",,Loop: KC - Skeletons 148BPM,"Paramount Encore Recording Studios, Burbank, Los Angeles, CA.","Recorded September 9, 2018.",-,"Surfaced May 29, 2020.",3:40,Alternate Demo Track ( Open Verse ),128kbps (.mp3)
1127,OUT,30,Blastoff (with Trippie Redd) [ v5 ] Song was originally called 'Blast'.,Juice WRLD & Trippie Redd,"Aryay, Diplo, KC Supreme, Nick Mira, Pharaoh Vice, Repko & Taz Taylor","Igor Mamet , KC Supreme & Terrance Armond",-,,Loop: KC - Skeletons 148BPM,"Paramount Encore Recording Studios, Burbank, Los Angeles, CA.","Recorded September 9, 2018.","First Previewed December 7, 2019.","Surfaced August 27, 2020.",2:54,Alternate Demo Track ( Complete ),256kbps (.mp3)
1128,OUT,31,Blood On My Jeans (v1.2) Song was originally called 'On The Run'.,Juice WRLD,"Gezin, Max Lord & Strapazoot",Max Lord,"Song is unfinished, contains an open verse.",File Name: Juice Wrld - on the run v1.2 (xr 11 GZ) Session Title: xr 11 GZ v1.2 on the run.ptx Folder Title: xr 11 GZ,Instrumental: Xr 11 GZ Instrumental Stems: Xr 11,"The Westin Hotel Recording Studio, Palo Alto, San Jose, CA.","Recorded July 14, 2019.","First Previewed July 17, 2019.","Surfaced April 28, 2022. Session Surfaced June 22, 2022.",4:19,Alternate Demo Track ( Open Verse ),Studio Session & Original Files 2117kbps (.wav) 320kbps (.mp3)
1129,OUT,32,Blood On My Jeans (v2.1) Song was originally called 'On The Run'.,Juice WRLD,"Gezin, Max Lord & Strapazoot",Max Lord,"Song is unfinished, contains an open verse.",File Name: Juice Wrld - on the run v2.1 (xr 11 GZ) Session Title: xr 11 GZ v2.1 on the run.ptx Folder Title: xr 11 GZ,Instrumental: Xr 11 GZ Instrumental Stems: Xr 11,"The Westin Hotel Recording Studio, Palo Alto, San Jose, CA.","Recorded July 14, 2019. File Exported July 24, 2019.",-,"Surfaced April 28, 2022. Session Surfaced June 22, 2022.",3:47,Alternate Demo Track ( Open Verse ),Studio Session & Original Files 2117kbps (.wav) 320kbps (.mp3)
1130,OUT,33,Blood On My Jeans (v2.2) Song was originally called 'On The Run'.,Juice WRLD,"Gezin, Max Lord & Strapazoot",Max Lord,"Song is unfinished, contains an open verse.",File Name: Juice Wrld - on the run v2.2 (xr 11 GZ) Session Title: xr 11 GZ v2.2 on the run.ptx Folder Title: xr 11 GZ,Instrumental: Xr 11 GZ Instrumental Stems: Xr 11,"The Westin Hotel Recording Studio, Palo Alto, San Jose, CA.","Recorded July 14, 2019. File Exported July 24, 2019. .L/.R Files Exported April 17, 2020.",-,"Surfaced April 28, 2022. Session Surfaced June 22, 2022.",3:47,Alternate Demo Track ( Open Verse ),Studio Session & Original Files 2117kbps (.wav) .L/.R 1058kbps (.wav) 320kbps (.mp3)
1131,OUT,34,"Blood, Sweat, Tears ( v1 ) Omen | Overseer",Juice WRLD,Rex Kudo,Adam Lunn & Max Lord,"Song's file name is titled after the session template's last exported file. Song is unfinished, contains an open verse.",juice wrld - never cared v2.1(rebirth43cue),,"Wendyhouse Production Studio, Shepherd's Bush, London, England.","Recorded July 6, 2019.","First Previewed July 6, 2019.","Surfaced November 19, 2024.",2:29,Original Demo Track ( Open Verse ),320kbps (.mp3)
1132,OUT,35,Blue Day (v1.2) Halo,Juice WRLD,Styn,Max Lord,-,File Name: Juice Wrld - blue day v1.2 (COMPUTER STYN) Session Title: COMPUTER styn v1.2 blue day .ptx Folder Title: COMPUTER styn,COMPUTER [PROD STYN],"Dream Midtown Hotel Recording Studio, Midtown Manhattan, New York City, NY.","Recorded April 1, 2019. File Exported April 2, 2019.","First Previewed January 31, 2024.","Surfaced December 27, 2025. Session Surfaced January 25, 2026.",2:30,Alternate Demo Track ( Complete ),Studio Session & Original Files 2117kbps (.wav) 320kbps (.mp3)
1133,OUT,36,Both Sides* (with Trippie Redd),Juice WRLD & Trippie Redd,KD33,Max Lord,-,,backside - KD - 130,"Home Recording Studio, Encino Hills, Los Angeles, CA.","Recorded July 23-24, 2019.","First Previewed July 23-24, 2019.","Surfaced May 18, 2024.",2:05,Throwaway Track ( Complete ),320kbps (.mp3)
1134,OUT,37,Broke Boys*,Juice WRLD,TrePounds,Max Lord,-,Session Title: tre pounds redkiss162 v1.0.ptx,redkiss162 TP,"Rented Private Estate Recording Studio, Bermuda Dunes, CA.","Recorded April 15, 2019.","First Previewed April 15, 2019.","Surfaced September 24, 2024.",3:18,Throwaway Track ( Complete ),320kbps (.mp3)
1135,OUT,38,Buck 50 (v2) Buck Fifty,Juice WRLD,Carlton McDowell & SoundsBy8,Max Lord,"Song is unfinished, contains an open verse.",Juice Wrld - buck 50 v2.0 OPEN f#m 144 (472 cj),b472 - bpm 144 Prod. Car!ton & Okeighteen,"Rented Private Estate Recording Studio, Bermuda Dunes, CA.","Recorded April 11-21, 2019.",-,"Surfaced March 17, 2022.",4:30,Alternate Demo Track ( Open Verse ),Original Files 2117kbps (.wav) 320kbps (.mp3)
1136,OUT,39,Burberry Timbs ( v2 ) Song was originally called 'Stomp 'Em Out'.,Juice WRLD,Mustard,Matthew Jacobson & Unknown,Open verse version of the song which was sent to Vince Staples.,Mustard Burberry Tims feat. Juice WRLD open v2 88bpm 01,,"Paramount Encore Recording Studios, Burbank, Los Angeles, CA.","Recorded February 27, 2018. File Exported March 9, 2019.",-,"Surfaced October 10, 2023.",3:21,Alternate Solo Demo Track ( Open Verse ),Original File 23kbps (.m4a)
1137,OUT,40,Burn (v1.2),Juice WRLD,Joël Fajerman & Metro Boomin',Max Lord,Samples Joël Fajerman's 'The Magic Of The Orchid'.,Juice Wrld - burn v1.2 (CHOPSTICKS 23 48k),Instrumental: C23 Loop: C23_04 The Magic of the Orchid,"Home Recording Studio, Encino Hills, Los Angeles, CA.","Recorded July 25, 2019. File Exported July 26, 2019.","First Previewed July 25, 2019.","Surfaced January 29, 2020.",3:36,Alternate Demo Track ( Complete ),Original Files 2117kbps (.wav) 320kbps (.mp3) 111kbps (.m4a)
1138,OUT,41,Burn Alive*,Juice WRLD,Danny Wolf,Max Lord,-,,,"The Dominick Hotel Recording Studio, Soho, Manhattan, New York City, NY.","Recorded June 18-19, 2019.","First Previewed June 18-19, 2019.","Surfaced November 21, 2024.",2:23,Throwaway Track ( Complete ),320kbps (.mp3)
1139,OUT,42,Burner (v1.2) Pair,Juice WRLD,Pi'erre Bourne,Max Lord,-,Juice Wrld - burner v1.2 (grape7 pierre),grape7,"Home Recording Studio, Encino Hills, Los Angeles, CA.","Recorded November 3, 2019.","First Previewed November 3, 2019.","Surfaced January 25, 2026.",2:24,Alternate Demo Track ( Complete ),Original Files 2117kbps (.wav) 320kbps (.mp3)
1140,OUT,43,Bury Me Alive Lullabies,Juice WRLD,Gezin,Max Lord,-,Juice Wrld - bury me alive v1.0 (nacon 14 GZ),nacon 14,"Rented Home Recording Studio , River North , Chicago , IL .","Recorded May 31, 2019. File Exported June 5, 2019.","First Previewed June 7, 2019.","Surfaced July 12, 2020.",3:06,Throwaway Track ( Complete ),Original Files 2117kbps (.wav) 320kbps (.mp3)
1141,OUT,44,Can't Be Saved (v1.1) DeLorean | Dylan,Juice WRLD,Gezin & Southside,Max Lord,-,Juice Wrld - cant be saved v1.1 (gezin7ss),gezin7ss,"[ ? ] Hotel Recording Studio, [ ? ], [ ? ], Germany.","Recorded March 27, 2019.","First Previewed April 4, 2019. First Teased March 27, 2019.","Surfaced August 16, 2020.",3:25,Alternate Demo Track ( Complete ),Original Files 2117kbps (.wav) 320kbps (.mp3)
1142,OUT,45,Carry It (v1.2),Juice WRLD,Gezin & Prevade,Max Lord,-,Juice Wrld - carry it v1.2 (ALLURE 17 GZ),ALLURE 17 GZ,"Rented Home Recording Studio, River North, Chicago, IL.","Recorded May 31, 2019. File Exported June 5, 2019.","First Previewed May 31, 2019.","Surfaced August 4, 2020.",3:12,Alternate Demo Track ( Complete ),Original Files 2117kbps (.wav) 320kbps (.mp3)
1143,OUT,46,Challenger (v1.1) Iron On Me,Juice WRLD,CHASETHEMONEY & DJ Victoriouz,Max Lord,Shares the same instrumental as 'Racks*'. Samples Nue's 'La Vida Loca'.,Juice Wrld - challenger v1.1 (01020009 vic),Instrumental: 01020009 Loop: Nightmares come true 140 bpm,"Dream Midtown Hotel Recording Studio, Midtown Manhattan, New York City, NY.","Recorded April 3, 2019.","First Previewed April 4, 2019. First Teased April 4, 2019.","Surfaced July 28, 2021.",3:18,Alternate Demo Track ( Complete ),Original Files 2117kbps (.wav) 320kbps (.mp3)
1144,OUT,47,Charcoal (v1.1) Time Song is titled after the instrumental.,Juice WRLD,Russell Chell & Take A Daytrip,Max Lord,-,Juice Wrld - charcoal daytrip v1.1,Take A Daytrip x Russ Chell - Charcoal [inst demo 1],"Home Recording Studio, Encino Hills, Los Angeles, CA.","Recorded August 12, 2019. File Exported August 13, 2019.","First Previewed October 2-3, 2019.","Surfaced January 25, 2026.",3:49,Alternate Demo Track ( Complete ),Original Files 2117kbps (.wav) 320kbps (.mp3)
1145,OUT,48,Chase The Dragon (v1.1) Chase The Dragon ( Pt. 1 ) | Life's A Dungeon,Juice WRLD,DY Krazy & Rex Kudo,Max Lord,Samples Black Atlas' 'Feel'.,Juice Wrld - chase the dragon v1.1 (DYATL66rex),DYATL66REX,"The Westin Hotel Recording Studio, Downtown, St. Louis, MO.","Recorded June 3, 2019. File Exported June 4, 2019.","First Previewed June 3, 2019. First Teased June 6, 2019.","Surfaced June 15, 2020.",2:42,Alternate Demo Track ( Complete ),Original Files 2117kbps (.wav) 320kbps (.mp3)
1146,OUT,49,Cheat Code* No Reload,Juice WRLD,Nick Mira & ShortBusMusic,Chris Paxton,"Official edit made by Chris Paxton, reusing Juice WRLD's vocal outtakes from 'Choice'. Shares the same instrumental as 'Choice' & 'Fenty'.",,Instrumental: NM - Choice 130BPM Loop: Acoustic Guitar With Delay In Dm-C-B Beat Pack: Nick Mira - March 18,"Nexus Audio Recording Studio, East Peralta, Oakland, CA.","Recorded September 17, 2018.",-,"Surfaced December 7, 2019.",2:42,Official Edit Track ( Complete ),Logic Pro Export
1147,OUT,50,Check* I'm A Star,Juice WRLD,Oz On The Track,Max Lord,"Song is unfinished, hook only.",,,"Home Recording Studio, Encino Hills, Los Angeles, CA.","Recorded July 23-24, 2019.","First Previewed March 19, 2025.","Surfaced January 18, 2026.",2:28,Throwaway Track ( Hook Only ),320kbps (.mp3)
1148,OUT,51,Choppa Sang* ( v1 ) Happy Life,Juice WRLD,Gezin & Larry Herb,Max Lord,-,,nacon 12 x larry herb,"Rented Home Recording Studio , River North , Chicago , IL .","Recorded May 31, 2019.","First Previewed September 26, 2024.","Surfaced June 9, 2025.",3:02,Original Demo Track ( Complete ),320kbps (.mp3)
1149,OUT,52,Christian Mingle (with G Herbo) [v1.3],Juice WRLD & G Herbo,"Donn Robb, Funktwons & Oz On The Track",Max Lord,"Samples Bobby V's 'Slow Down (12"" Version)'.",Juice Wrld herbo - Christian Mingle v1.3,,"Home Recording Studio, Encino Hills, Los Angeles, CA.","Recorded October 1-2, 2019.","First Previewed January 19, 2026.","Surfaced January 21, 2026.",3:19,Alternate Demo Track ( Complete ),Original File 320kbps (.mp3)
1150,OUT,53,Chrome (v1.2) Cardi B Chopper,Juice WRLD,MjNichols & Nick Mira,Max Lord,-,Juice Wrld - Chrome (NM MJ trek) v1.2,Instrumental: NM x MJ - Trek 113BPM Loop: mj - trek [96bpm] Loop Kit: mjNichols - Vogue Beat Pack: Nick Mira - Juice WRLD 3.18,"Casa Monica Resort & Spa Hotel Recording Studio, Lincolnville, St. Augustine, FL.","Recorded May 8-9, 2019.","First Previewed May 9, 2019. First Teased May 9, 2019.","Surfaced November 10, 2020.",4:14,Alternate Demo Track ( Complete ),Original Files 2117kbps (.wav) 320kbps (.mp3)
1151,OUT,54,Classy* Disrespect Me | Wreck Me,Juice WRLD,DY Krazy,Max Lord,-,,DYZERO55,-,-,"First Previewed September 26, 2023.","Surfaced November 17, 2023.",2:02,Throwaway Track ( Complete ),320kbps (.mp3)
1152,OUT,55,Clout*,Juice WRLD,Bobby Raps & Charlie Handsome,Max Lord,"Song is unfinished, contains an open verse. Shares the same instrumental as The Kid LAROI's 'NOT FAIR' featuring Corbin.",,,"Home Recording Studio, Encino Hills, Los Angeles, CA.","Recorded July 16, 2019.","First Previewed July 16, 2019.","Surfaced January 6, 2024.",2:09,Throwaway Track ( Open Verse ),320kbps (.mp3)
1153,OUT,56,Cold Summer No Breaks,Juice WRLD,"ATL Jacob, Rex Kudo & Southside",Max Lord,Shares the same instrumental as 'Scarface'.,Juice Wrld - cold summer v1.0 (REX15ATLJACOB),REX15ATLJACOB,"Rented Apartment Recording Studio, Streeterville, Chicago, IL.","File Exported January 27, 2020.",-,"Surfaced November 3, 2021.",2:25,Throwaway Track ( Complete ),Original Files 2117kbps (.wav) 320kbps (.mp3)
1154,OUT,57,Come & Go (EDM Remix) [v2] Ruin This One Song was originally called 'And Go'.,Juice WRLD,Gezin & Marshmello,Max Lord & Unknown,-,File Name (1): juice edm idea v2 marshmello gezin File Name (2): juice edm idea v2,mellojuiceMIX,"Rented Home Recording Studio, Sandy Springs, Atlanta, GA.","Recorded November 30, 2018. Files Exported January 24, 2020.",-,"Surfaced January 29, 2020.",3:22,Alternate Demo Track ( Complete ),Original Files 2117kbps (.wav) 320kbps (.mp3)
1155,OUT,58,Come & Go (v2) Ruin This One Song was originally called 'And Go'.,Juice WRLD,Gezin & Nobu,Max Lord,-,File Name: juice wrld - and go v2.0 (Solid Rock 43) Session Title: solid rock 43 GZ v2.0 trackout and go.ptx Folder Title: solid rock 43 GZ,Instrumental: solid rock 43 x nobu Loop (1): solid rock 43 melody 1 Loop (2): solid rock 43 melody 2 Instrumental Stems: solid rock 43,"Rented Home Recording Studio, Sandy Springs, Atlanta, GA.","Recorded November 30, 2018. File Exported October 9, 2019.",-,"Surfaced February 28, 2023. Session Surfaced February 23, 2023.",2:29,Alternate Demo Track ( Complete ),Studio Session & Original Files 2117kbps (.wav) 320kbps (.mp3)
1156,OUT,59,"Compromised* ( v1 ) Song was originally titled 'Kbeeznuts', as a joke.",Juice WRLD,KBeaZy,Max Lord,-,Juice Wrld - kbeeznuts,KBeaZy - perc in my system 134 (hard dark),"Home Recording Studio, Encino Hills, Los Angeles, CA.","Recorded December 5-6, 2019.","First Previewed May 27, 2025.","Surfaced January 25, 2026.",2:37,Original Solo Demo Track ( Complete ),Original Files 2117kbps (.wav) 320kbps (.mp3)
1157,OUT,60,Computers*,Juice WRLD,DJ Victoriouz & JRHITMAKER,Max Lord,-,,Loop: Trainwreck 140,"Dream Midtown Hotel Recording Studio , Midtown Manhattan , New York City , NY .","Recorded April 3, 2019.","First Previewed February 10, 2024.","Surfaced October 1, 2024.",2:54,Throwaway Track ( Complete ),320kbps (.mp3)
1158,OUT,61,Conversations (v1.1) Devil Conversations,Juice WRLD,"Ardist, DJ Scheme, Nils & Ronny J",Max Lord,Samples The Weeknd's 'Gone'.,Juice Wrld - conversations v1.1 (chutney scheme),ChutneyPops_Nils_80,"The Dupont Circle Hotel Recording Studio, Downtown, Washington DC, WA.","Recorded May 17, 2019. File Exported May 20-29, 2019.","First Previewed June 6, 2019.","Surfaced July 7, 2020.",3:24,Alternate Demo Track ( Complete ),Original Files 2117kbps (.wav) 320kbps (.mp3)
1159,OUT,62,Coraline (v1.2),Juice WRLD,DJ Scheme & Nuri,Max Lord,-,Juice Wrld - coraline v1.2 (bigmood scheme),Bigmood_Nuri_140,"The Westin Hotel Recording Studio, Downtown, St. Louis, MO.","Recorded June 4, 2019.","First Previewed June 4, 2019.","Surfaced July 14, 2020.",2:37,Alternate Demo Track ( Complete ),Original Files 2117kbps (.wav) 320kbps (.mp3)
1160,OUT,63,Cross The Globe Song is titled after the instrumental.,Juice WRLD,Charlie Handsome & Wheezy,Max Lord,-,File Name: cross the globe wheezy v1.0 Session Title: cross the globe wheezy v1.0.ptx,cross the globe,"Home Recording Studio, Encino Hills, Los Angeles, CA.","Recorded July 18, 2019. File Exported November 22, 2022.",-,"Surfaced January 24, 2026.",1:51,Original Solo Demo Track ( Open Verse ),Original File 2117kbps (.wav)
1161,OUT,64,Dark Side (v1.1) Red Moonlight,Juice WRLD,Nick Mira & Pearl Lion,Max Lord,-,Juice Wrld - darkside v1.1 (NM silvertone),Instrumental: NM x J.Scharff - Silvertone 132BPM Loop: Silvertone Deuce_PearlLionGtr_132bpm Loop Kit: Pearl Lion - Pearl Lion_Gtr Folder_Jaredscharff@gmail.com_Pack 8 ATL Beat Pack: Nick Mira - Juice WRLD 3.18,"Mercure Hotel Recording Studio, Omval, Amsterdam, Netherlands.","Recorded March 25, 2019.",-,"Surfaced February 3, 2021.",4:36,Alternate Demo Track ( Complete ),Original Files 2117kbps (.wav) 320kbps (.mp3)
1162,OUT,65,Day 1 (v1) All Night Long | Day One,Juice WRLD,KBeaZy,Max Lord,-,Juice Wrld - day 1 v1.0 (jeffery kbeazy),Instrumental: KBeaZy - jeffery 132 Loop: jeffery132 KBeaZy,"Myconian Avaton Hotel Recording Studio, Elia Beach, Elia, Mykonos, Greece.","Recorded August 18, 2019. File Exported August 20, 2019.","First Previewed August 20, 2019.","Surfaced July 1, 2020.",3:24,Original Solo Demo Track ( Open Verse ),Original Files 2117kbps (.wav) 320kbps (.mp3)
1163,OUT,66,Demise (v1.1),Juice WRLD,Rex Kudo & Wheezy,Max Lord,-,Juice Wrld - demise v1.1 (TRILL OG WHZREX),TRILL OG WHZREX,"Home Recording Studio, Encino Hills, Los Angeles, CA.","Recorded October 8, 2019. File Exported January 26, 2020.","First Previewed June 14, 2022.","Surfaced June 19, 2022.",2:52,Alternate Demo Track ( Complete ),Original File 2117kbps (.wav)
1164,OUT,67,Die To Live (v1.1),Juice WRLD,ATL Jacob & Bobby Raps,Max Lord,-,Juice Wrld - die to live v1.1 (FBG 1539 bobby),FBG 1539 bobby [ATLJACOB],"Home Recording Studio, Encino Hills, Los Angeles, CA.","Recorded June 26, 2019.","First Previewed July 2, 2019.","Surfaced August 30, 2019.",3:52,Alternate Demo Track ( Complete ),Original Files 2117kbps (.wav) 320kbps (.mp3)
1165,OUT,68,Dime Piece* Around Me,Juice WRLD,"Max Lord, PVLACE & Unknown",Max Lord,"Song is unfinished, contains an open verse.",,margate ...,-,-,"First Previewed March 19, 2025.","Surfaced January 19, 2026.",3:41,Throwaway Track ( Open Verse ),320kbps (.mp3)
1166,OUT,69,Do It Another Thing To Do It,Juice WRLD,Charlie Handsome & Nick Mira,Max Lord,-,Juice Wrld - do it v1.0 (NM CH zealand),Instrumental: NM x CH - Zealand 160BPM Loop: LMW NewZEALAND 158.651 Beat Pack: Nick Mira - Juice WRLD 4.27,"Mondrian Park Avenue Hotel Recording Studio, Midtown Manhattan, New York City, NY.","Recorded May 22, 2019.","First Previewed June 3, 2019.","Surfaced November 14, 2020.",3:24,Throwaway Track ( Complete ),Original Files 2117kbps (.wav) 320kbps (.mp3)
1167,OUT,70,"Don't Count Me Out (feat. Juice WRLD, Big Sean, Chance The Rapper & Ty Dolla $ign) Count Me Out",Hit-Boy,Hit-Boy,Max Lord & Unknown,The song reuses a section from 'Pop It'.,ACE OF HEARTS- COUNT ME OUT,,"Juice's Vocals Chalice Recording Studio, West Hollywood, Los Angeles, CA.","Juice's Vocals January 9-10, 2019.",-,"Surfaced December 9, 2024.",3:10,Throwaway Track ( Complete ),Original File 224kbps (.mp3)
1168,OUT,71,Don't Forget Me (v1.4) Forget Me Not,Juice WRLD,Take A Daytrip,Max Lord,-,Juice Wrld - dont forget me v1.4 (smile to go),Instrumental: smile to go daytrip Session Title: smile to go daytrip 48k,"Home Recording Studio, Encino Hills, Los Angeles, CA.","Recorded July 15, 2019. File Exported July 16, 2019.","First Previewed July 15, 2019. First Teased July 15, 2019.","Surfaced June 5, 2022.",2:54,Alternate Demo Track ( Complete ),Original Files 2117kbps (.wav) 320kbps (.mp3)
1169,OUT,72,Don't Play (v1.4) Cursed Heart,Juice WRLD,Bobby Raps & Rex Kudo,Max Lord,-,Juice Wrld - dont play v1.4 (BOBREX2),BOBREX2,"Home Recording Studio, Encino Hills, Los Angeles, CA.","Recorded November 3, 2019. File Exported January 27, 2020.",-,"Surfaced November 18, 2024.",3:11,Alternate Demo Track ( Complete ),Original File 2117kbps (.wav)
1170,OUT,73,Don't Play (v1.5) Cursed Heart,Juice WRLD,Bobby Raps & Rex Kudo,Max Lord,-,Juice Wrld - dont play v1.5 (BOBREX2),BOBREX2,"Home Recording Studio, Encino Hills, Los Angeles, CA.","Recorded November 3, 2019. File Exported January 27, 2020.","First Previewed April 29, 2022.","Surfaced June 12, 2022.",4:09,Alternate Demo Track ( Complete ),Original File 2117kbps (.wav)
1171,OUT,74,Doomsday (with Cordae) [v1.2] Doomsday ( Pt. 1 ) | Role Model ( Remix ) Song was originally called 'Role Models'.,Juice WRLD & Cordae,Dr. Dre & Mel-Man,Max Lord,Remixes Eminem's 'Role Model'.,Juice Wrld Cordae - role models v1.2,,"Home Recording Studio, Encino Hills, Los Angeles, CA.","Recorded August 13, 2019.","First Previewed September 12, 2019.","Surfaced June 21, 2023.",2:31,Original Demo Track ( Complete ),Original Files 2117kbps (.wav) 320kbps (.mp3)
1172,OUT,75,Double Date*,Juice WRLD,Carlton McDowell & SoundsBy8,Max Lord,-,,,"Home Recording Studio, Encino Hills, Los Angeles, CA.","Recorded September 18-19, 2019.","First Previewed September 18-19, 2019.","Surfaced July 29, 2024.",2:44,Throwaway Track ( Complete ),320kbps (.mp3)
1173,OUT,76,Double R Bargain | Dark Tints,Juice WRLD,Carlton McDowell & SoundsBy8,Max Lord,-,,b597 - bpm 145 Prod. Car!ton & Okeighteen,"Rented Private Estate Recording Studio, Bermuda Dunes, CA.","Recorded April 12-21, 2019.","First Previewed November 14, 2019.","Surfaced January 4, 2024.",3:36,Throwaway Track ( Complete ),320kbps (.mp3)
1174,OUT,77,"Empty Out Your Pockets (v1.1) Empty Your Pockets Song was originally titled 'Craze', after the instrumental.",Juice WRLD,Nick Mira,Max Lord,-,Juice Wrld - NM Craze v1.1,Instrumental: NM - Craze 92BPM Loop: nick mira_craze_92bpm Loop Kit: Nick Mira - Ocelot Beat Pack: Nick Mira - Juice WRLD 8.4,"Home Recording Studio , Encino Hills , Los Angeles , CA .","Recorded August 4, 2019. File Exported December 5, 2022.",-,"Surfaced January 24, 2026.",3:39,Alternate Demo Track ( Open Verse ),Original File 2117kbps (.wav)
1175,OUT,78,Everywhere You Go (v1.2) No Wrong | Poison In The Air,Juice WRLD,KBeaZy,Max Lord,-,Juice Wrld - everywhere you go v1.2 (alien kbeazy),KBeaZy - alien 143,"Myconian Avaton Hotel Recording Studio, Elia Beach, Elia, Mykonos, Greece.","Recorded August 21, 2019.",-,"Surfaced April 6, 2021.",3:22,Alternate Demo Track ( Complete ),Original Files 2117kbps (.wav) 320kbps (.mp3)
1176,OUT,79,Face 2 Face (v1.1) Face My Fears | Face To Face,Juice WRLD,"Charlie Handsome, Joe Reeves & Rex Kudo",Max Lord,-,Juice Wrld - face2face v1.1 (royalTENENBAUM),Instrumental: CHRJ RoyalTENEMBAUM 156 Beat Pack: rex august 2019,"Home Recording Studio, Encino Hills, Los Angeles, CA.","Recorded August 24, 2019. File Exported August 29, 2019.","First Previewed August 24, 2019.","Surfaced March 20, 2023.",2:04,Alternate Demo Track ( Complete ),Original Files 2117kbps (.wav) 320kbps (.mp3)
1177,OUT,80,Feel Alone (v1.1) Song was originally called 'Electric Chair'.,Juice WRLD,Danny Wolf & Lowtow,Max Lord,Shares the same sample as PNB Rock's 'I Need More'.,Juice Wrld - electric chair v1.1 (seconds DW),Instrumental: seconds 150bpm Loop: 150 BPM - SECONDS - A Instrumental Stems: seconds,"Thompson Nashville Hotel Recording Studio, The Gulch, Nashville, TN.","Recorded June 16, 2019.","First Previewed June 16, 2019. First Teased June 28, 2019.","Surfaced October 16, 2022.",3:50,Alternate Demo Track ( Complete ),Original Files 2117kbps (.wav) .L/.R 1152kbps (.wav) 320kbps (.mp3)
1178,OUT,81,"Fighting Demons (v1) Run Away Song was originally titled 'Chills', after the instrumental.",Juice WRLD,Nick Mira,Max Lord,Shares the same instrumental as Iann Dior's 'Balenciagas'.,File Name: Juice Wrld - NM chills v1.0 Session Title: NM chills v1.0.ptx Folder Title: NM chills,Instrumental: NM - Chills 163BPM Loop: NM_Junior 160 MIDI: NM - Junior Beat Pack: Nick Mira - Juice WRLD 4.27,"Mondrian Park Avenue Hotel Recording Studio, Midtown Manhattan, New York City, NY.","Recorded May 22, 2019.",-,"Surfaced January 18, 2020. Session Surfaced February 22, 2023.",3:20,Original Demo Track ( Complete ),Studio Session & Original Files 2117kbps (.wav) 320kbps (.mp3)
1179,OUT,82,Fire In My Lungs (v1.2) Demons Staring,Juice WRLD,ATL Jacob & Metro Boomin',Max Lord,"Song is unfinished, contains an open verse.",Juice Wrld - fire in my lungs v1.2 (FBG 1604),FBG 1604 [ATLJACOB],"Home Recording Studio, Encino Hills, Los Angeles, CA.","Recorded July 23, 2019.","First Previewed July 23, 2019.","Surfaced September 25, 2020.",4:00,Alternate Demo Track ( Open Verse ),Original Files 2117kbps (.wav) 320kbps (.mp3)
1180,OUT,83,Flex (feat. Juice WRLD) [v1],Polo G,Hit-Boy,David Kim & Max Lord,Song originally began as a solo Polo G track.,File Name: HB x polo G flex Juice WRLD v1.0 Session Title: HB x polo G flex juice v1.0.ptx Folder Title: HB x polo G flex juice,Instrumental: chalice 2018-516 Loop: DJ_MADINE_loops_down that road[BMin 152bpm],"Juice's Vocals Home Recording Studio, Encino Hills, Los Angeles, CA.","Juice's Vocals June 28, 2019.","First Previewed June 28, 2019.","Surfaced April 10, 2023.",2:55,Original Feature Demo Track ( Complete ),Original Files 2117kbps (.wav) 320kbps (.mp3)
1181,OUT,84,Floor It (v1),Juice WRLD,"Charlie Handsome, Joe Reeves & Rex Kudo",Max Lord,-,Juice Wrld - floor it v1.0 (GTJ AMBERBACH rex),GTJ AMBERBACH,"St. Martin's Lane Hotel Recording Studio , Covent Garden , London , England .","Recorded March 10-11, 2019.","First Previewed April 10, 2019.","Surfaced September 6, 2019.",3:14,Original Demo Track ( Complete ),Original Files 2117kbps (.wav) 320kbps (.mp3)
1182,OUT,85,For The Taking,Juice WRLD,Gezin & Prevade,Max Lord,"Song is unfinished, contains an open verse.",Juice Wrld - for the taking v1.0 (gz euros 12),euros 12 x prevade,"Park Hyatt Hotel Recording Studio, Shinjuku, Tokyo, Japan.","Recorded November 26, 2019.","First Previewed June 21, 2020.","Surfaced August 20, 2020.",2:48,Throwaway Track ( Open Verse ),Original Files 2117kbps (.wav) 320kbps (.mp3)
1183,OUT,86,Forever Forever Love,Juice WRLD,Gezin & Prevade,Max Lord,-,Juice Wrld - forever v1.0 (ALLURE 28 GZ),ALLURE 28 GZ,"Home Recording Studio, Encino Hills, Los Angeles, CA.","Recorded July 15, 2019. File Exported August 1, 2019.","First Previewed July 15, 2019. First Teased September 22, 2019.","Surfaced May 20, 2020.",3:11,Throwaway Track ( Complete ),Original Files 2117kbps (.wav) 320kbps (.mp3)
1184,OUT,87,Freestyle (with Chance The Rapper) Raincoat,Juice WRLD & Chance The Rapper,Unknown,Gabriel Jaskowiak,-,Chance Juice Wlrd Freestyle,,"NightBird Recording Studio, West Hollywood, Los Angeles, CA.","Recorded April 24, 2019.",-,"Surfaced March 1, 2022.",1:30,Throwaway Track ( Complete ),Original File 320kbps (.mp3)
1185,OUT,88,Fresh Air Bel-Air | This Year,Juice WRLD,Purps On The Beat,Max Lord,Interpolates The All American Rejects' 'The Wind Blows'.,JW fresh air,stripe 166,"Rented Private Estate Recording Studio, Bermuda Dunes, CA.","Recorded April 17, 2019. File Exported October 22, 2021.","First Previewed April 17, 2019.","Surfaced January 25, 2026.",3:39,Throwaway Track ( Complete ),Original Files 2117kbps (.wav) 320kbps (.mp3)
1186,OUT,89,Galore Let Me Breathe,Juice WRLD,Bobby Raps & Thank You Fizzle,Max Lord,-,File Name: bobby fizz 158 v1.0 galore Session Title: bobby fizz 158 v1.0 galore.ptx,bobby fizz 158,"Home Recording Studio, Encino Hills, Los Angeles, CA.","Recorded June 26, 2019. File Exported November 22, 2022.","First Previewed January 31, 2024.","Surfaced December 2, 2024.",2:37,Throwaway Track ( Complete ),Original Files 2117kbps (.wav) 320kbps (.mp3)
1187,OUT,90,Get Excited*,Juice WRLD,Carlton McDowell,Max Lord,"Song is unfinished, hook only.",,,-,-,"First Previewed May 1, 2020.","Surfaced October 27, 2023.",2:37,Throwaway Track ( Hook Only ),320kbps (.mp3)
1188,OUT,91,Glock Handler (v1),Juice WRLD,Justin Craig & PD Beats,Justin Craig,-,File Name: Glock Handler (JcraigMix) Session Title: 1.ptx,Instrumental: 10251 Loop: Whe Perc9,"Glass Tree Creative Recording Studio, Downtown, Chicago, IL.","Recorded October 27, 2019.",-,"Surfaced July 16, 2021. Session Surfaced August 16, 2023.",1:48,Alternate Demo Track ( Complete ),Studio Session & Original Files 2117kbps (.wav) 320kbps (.mp3)
1189,OUT,92,Glock Handler (v2),Juice WRLD,Justin Craig & PD Beats,Justin Craig,-,File Name: Glock Handler (Prod By. Jcraig) FINAL MIX Session Title: 1.ptx,Instrumental: 10251 Loop: Whe Perc9,"Glass Tree Creative Recording Studio, Downtown, Chicago, IL.","Recorded October 27, 2019. File Exported October 28, 2019.",-,"Surfaced August 16, 2023. Session Surfaced August 16, 2023.",1:48,Original Demo Track ( Complete ),Studio Session & Original Files 2117kbps (.wav) 320kbps (.mp3)
1190,OUT,93,GO (feat. Juice WRLD) [v1] Go Go Go,The Kid LAROI,"Neek, Omer Fedi & Tito Beats","Donn Robb, Max Lord & Unknown",-,File Name: go laroi Juice verse v1.0 Session Title: go laroi Juice verse v1.0.ptx,,"Juice's Vocals Myconian Avaton Hotel Recording Studio, Elia Beach, Elia, Mykonos, Greece.","LAROI's Vocals June 14, 2019. Juice's Vocals August 21-22, 2019. File Exported September 2, 2019. .L/.R Files Exported December 8, 2019. Acapella File Exported February 25, 2020.","First Previewed August 21-22, 2019.","Surfaced August 29, 2021.",2:53,Original Feature Demo Track ( Complete ),Original Files 2117kbps (.wav) .L/.R 1411kbps (.wav) 320kbps (.mp3)
1191,OUT,94,GO GO .38 Special,Juice WRLD,DY Krazy & TrePounds,Max Lord,-,Juice Wrld - GO GO v1.0 (DYBDF14POUNDS),DYBDF14POUNDS,"Home Recording Studio, Encino Hills, Los Angeles, CA.","Recorded November 14, 2019. File Exported April 20, 2020.","First Previewed November 14, 2019.","Surfaced September 6, 2022.",3:04,Throwaway Track ( Complete ),Original Files 2117kbps (.wav) 320kbps (.mp3)
1192,OUT,95,Go Hard (v1.2) Song was originally called 'Out The Rut'.,Juice WRLD,KBeaZy,Max Lord,-,Juice Wrld - out the rut v1.2 (rome kbeazy),Instrumental: KBeaZy - rome 145 Loop: rome145 KBeaZy,"Myconian Avaton Hotel Recording Studio, Elia Beach, Elia, Mykonos, Greece.","Recorded August 21, 2019. File Exported August 22, 2019.","First Previewed August 21, 2019.","Surfaced September 3, 2022.",3:38,Alternate Solo Demo Track ( Complete ),Original Files 2117kbps (.wav) 320kbps (.mp3)
1193,OUT,96,GoPro (v1.2),Juice WRLD,Rex Kudo & T-Minus,Max Lord,-,Juice Wrld - gopro v1.2 (tminus rex01 REX 2 060719),Loop: 01 REX 2 060719 160bpm Instrumental Stems: rex01 REX 2 060719 160bpm,"Home Recording Studio, Encino Hills, Los Angeles, CA.","Recorded September 25-26, 2019.","First Previewed September 29, 2019. First Teased September 27, 2019.","Surfaced January 8, 2022.",3:04,Alternate Demo Track ( Complete ),Original File 2304kbps (.wav)
1194,OUT,97,Happy Home,Juice WRLD,Benny Blanco,Max Lord,Shares the same instrumental as The Kid LAROI's 'Way Too Deep'.,Juice Wrld - juice 4 benny blanco v1.0 happy home,juice 4,"Home Recording Studio, Encino Hills, Los Angeles, CA.","Recorded August 2-3, 2019. File Exported December 21, 2022.","First Previewed September 13, 2023.","Surfaced September 26, 2023.",2:30,Throwaway Track ( Complete ),Original File 2117kbps (.wav)
1195,OUT,98,Hard To Digest Mr. Miyagi,Juice WRLD,Gezin & Prevade,Max Lord,-,Juice Wrld - hard to digest (ALLURE 16 GZ),ALLURE 16 GZ,"The Westin Hotel Recording Studio, Downtown, St. Louis, MO.","Recorded June 4, 2019.","First Previewed June 4, 2019.","Surfaced August 4, 2020.",2:41,Throwaway Track ( Complete ),Original Files 2117kbps (.wav) 320kbps (.mp3)
1196,OUT,99,Hate Me (feat. Juice WRLD) [v1.3],Ellie Goulding,"Jason Evigan, The Monsters & Strangerz",Jason Evigan & Max Lord,-,File Name: Hate Me EG Juice WRLD ML v1.3 Session Title: Hate Me 1.8 ellie juice ML v1.3.ptx Folder Title: Hate Me 1.8 ellie juice ML,Open Verse File: Hate Me_EG_1.8,"Ellie's Vocals The Hit Factory / Germano Recording Studio, NoHo, New York City, NY. Juice's Vocals Casa Monica Resort & Spa Hotel Recording Studio, Lincolnville, St. Augustine, FL.","Juice's Vocals May 9, 2019.",-,"Surfaced June 5, 2023. Session Surfaced February 23, 2023.",3:20,Alternate Feature Demo Track ( Complete ),Studio Session & Original Files 2117kbps (.wav) 320kbps (.mp3)
1197,OUT,100,Hate Me (feat. Juice WRLD) [v1.5],Ellie Goulding,"Jason Evigan, The Monsters & Strangerz",Jason Evigan & Max Lord,-,File Name: Hate Me EG Juice WRLD ML v1.5 Session Title: Hate Me 1.8 ellie juice ML v1.5.ptx Folder Title: Hate Me 1.8 ellie juice ML,Open Verse File: Hate Me_EG_1.8,"Ellie's Vocals The Hit Factory / Germano Recording Studio, NoHo, New York City, NY. Juice's Hook Ad-Libs & Verse Casa Monica Resort & Spa Hotel Recording Studio, Lincolnville, St. Augustine, FL. Juice's Alternate Verse Ending The Jefferson Hotel Recording Studio, Richmond, VA.","Juice's Hook Ad-Libs & Verse May 9, 2019. Juice's Alternate Verse Ending May 14, 2019.",-,"Surfaced September 29, 2022. Session Surfaced February 23, 2023.",3:20,Alternate Feature Demo Track ( Complete ),Studio Session & Original Files 2117kbps (.wav) 320kbps (.mp3)
1198,OUT,101,"Hate The Other Side (with Polo G) [v1.1] Other Side Song was originally titled 'Lonely Road', after the instrumental.",Juice WRLD & Polo G,KSHMR & Marshmello,Max Lord,-,Juice Wrld mello polo G - lonely road v1.1,Instrumental: mello kshmr lonely road Loop: KSHMR - Lonely Roads - Guitar 90 Gm,"Home Recording Studio, Encino Hills, Los Angeles, CA.","Recorded October 8, 2019. File Exported (1) October 8, 2019. File Exported (2) February 28, 2020.","First Previewed October 9, 2019.","Surfaced January 29, 2020.",2:29,Alternate Demo Track ( Open Verse ),Original File 2304kbps (.wav) 2117kbps (.wav) 320kbps (.mp3) 126kbps (.m4a)
1199,OUT,102,Hater (feat. Juice WRLD) Anniversary,Chief Keef,Mally Mall,Kenny Harmon,-,Chief Keef - Hater ft. Juice WRLD KHMIX0,,-,-,"First Previewed November 4, 2025.","Surfaced January 22, 2026.",5:15,Feature Track ( Complete ),Original File 320kbps (.mp3)
1200,OUT,103,Heartbreak Kid (v1.1) Chase My Thrills | Forever Together,Juice WRLD,Nick Mira,Max Lord,-,Juice Wrld - heartbreak kid v1.1 (NM ginger),Instrumental: NM - Ginger 150BPM Loop: nick mira_gtr14_150 Loop Kit: Nick Mira - Gasolina 4 [V1] Beat Pack: Nick Mira - Juice WRLD 3.18,"DoubleTree Hotel Recording Studio, Dommeldange, Luxembourg.","Recorded March 20, 2019. File Exported March 30-31, 2019.","First Previewed March 20, 2019.","Surfaced August 11, 2023.",4:37,Alternate Demo Track ( Complete ),Original Files 2117kbps (.wav) 320kbps (.mp3)
1201,OUT,104,Heist (v1.1) Leave My Sight Song is titled after the instrumental.,Juice WRLD,Nick Mira & ​Oktanner,Max Lord,-,Juice Wrld - NM OK heist v1.1,Instrumental: NM x OK - Heist 156BPM Loop: ok - heist 156 Loop Kit: oktanner - Wasteland Beat Pack: Nick Mira - Juice WRLD 8.4,"Home Recording Studio , Encino Hills , Los Angeles , CA .","Recorded October 20-21, 2019. File Exported December 5, 2022.","First Previewed September 26, 2023.","Surfaced February 7, 2024.",3:17,Alternate Demo Track ( Open Verse ),Original Files 2117kbps (.wav) 320kbps (.mp3)
1202,OUT,105,Hell (v1) Potions,Juice WRLD,"Justin Craig, PD Beats & Sullivan King",Justin Craig,-,File Name: Hell (JcraigMix) Session Title: 2.ptx,Instrumental: jcxpd9252 Loop: SK_guitar_loop_clean_aspect_128_D,"Glass Tree Creative Recording Studio, Downtown, Chicago, IL.","Recorded October 27, 2019.",-,"Surfaced June 21, 2021. Session Surfaced August 11, 2023.",3:31,Original Demo Track ( Complete ),Studio Session & Original Files 2117kbps (.wav) 320kbps (.mp3)
1203,OUT,106,Hell (v2) Potions,Juice WRLD,"Justin Craig, PD Beats & Sullivan King",Justin Craig,-,File Name: Hell (Prod By. Jcraig & PD Beats) FINAL MIX Session Title: 2.ptx,Instrumental: jcxpd9252 Loop: SK_guitar_loop_clean_aspect_128_D,"Glass Tree Creative Recording Studio, Downtown, Chicago, IL.","Recorded October 27, 2019. File Exported October 28, 2019.",-,"Surfaced September 9, 2024. Session Surfaced August 11, 2023.",3:18,Alternate Demo Track ( Complete ),Studio Session & Original Files 2117kbps (.wav) 320kbps (.mp3)
1204,OUT,107,High Tide (v1.1),Juice WRLD,Rex Kudo,Max Lord,-,juice wrld - high tide v1.1 neve LIM,,"St. Martin's Lane Hotel Recording Studio , Covent Garden , London , England .","Recorded March 9-11, 2019.","First Teased March 21, 2019.","Surfaced August 10, 2019.",2:03,Alternate Demo Track ( Complete ),Original Files 2117kbps (.wav) 320kbps (.mp3)
1205,OUT,108,Higher (v1.2) Vitals,Juice WRLD,Dorien Theus & Nick Mira,Max Lord,-,Juice Wrld - higher v1.2 (NM DT woks),Instrumental: NM x DT - Woks 153BPM Loop: dt - clubhouse 150 MIDI: dt - bishop Loop Kit: DT - Remix Beat Pack: Nick Mira - Juice WRLD 3.18,-,"Recorded April 1-9, 2019.","First Previewed January 18, 2023.","Surfaced April 11, 2023.",2:49,Alternate Demo Track ( Complete ),Original Files 2117kbps (.wav) 320kbps (.mp3)
1206,OUT,109,Hit Licks* Harry Potter,Juice WRLD,Carlton McDowell,Max Lord,-,,,"The Westin Hotel Recording Studio , Perth , Australia .","Recorded November 20-21, 2019.","First Previewed January 31, 2024.","Surfaced May 13, 2025.",2:05,Throwaway Track ( Complete ),320kbps (.mp3)
1207,OUT,110,Hourglass Lost My Mind,Juice WRLD,Bobby Raps & Charlie Handsome,Max Lord,Shares the same instrumental as 'Timid Half' & Mike Stud's 'Learn From Me'.,Juice Wrld - hourglass RUFF v1.0 (CHB timidhalf),CHB timidhalf,"Home Recording Studio, Encino Hills, Los Angeles, CA.","Recorded July 29-30, 2019.","First Previewed July 29-30, 2019.","Surfaced January 24, 2026.",3:23,Throwaway Track ( Complete ),Original File 320kbps (.mp3)
1208,OUT,111,In My Head (v1.2) Rush Hour | Trauma,Juice WRLD,TrePounds & Sheldon Ferguson,Max Lord,-,Juice Wrld - in my head v1.2 (reddkiss161 TP),redkiss161 TP,"Casa Monica Resort & Spa Hotel Recording Studio, Lincolnville, St. Augustine, FL.","Recorded May 8-9, 2019.","First Previewed August 31, 2019.","Surfaced April 4, 2023.",3:23,Alternate Demo Track ( Complete ),Original Files 2117kbps (.wav) 320kbps (.mp3)
1209,OUT,112,In The Woods Karma ( Interlude ) Song is titled after the instrumental.,Juice WRLD,"Jasper Harris, Russell Chell & Take A Daytrip",Max Lord,"Shares the same instrumental as The Kid LAROI's 'Blame (Love Me, Hate Me)'.",,Take A Daytrip x Russ Chell x Jasper - In The Woods [inst demo 1],"Home Recording Studio , Encino Hills , Los Angeles , CA .","Recorded November 8, 2019.","First Previewed March 19, 2025.","Surfaced January 24, 2026.",1:33,Throwaway Track ( Complete ),320kbps (.mp3)
1210,OUT,113,Infrared* (with Trippie Redd) [v1.1] Song is untitled.,Juice WRLD & Trippie Redd,DY Krazy & Gezin,Max Lord,-,Juice trippie gezin - v1.1 (DYATL246GEZIN),DYATL246GEZIN,"Home Recording Studio , Encino Hills , Los Angeles , CA .","Recorded July 23-24, 2019.","First Previewed April 13, 2020.","Surfaced September 28, 2020.",1:43,Alternate Demo Track ( Complete ),Original File 320kbps (.mp3)
1211,OUT,114,Jet Lag (v1.1),Juice WRLD,CHASETHEMONEY & DY Krazy,Max Lord,-,Juice Wrld - jetlag v1.1 (DYBH87ctm),DYBH87ctm,-,"File Exported May 6, 2020.",-,"Surfaced February 8, 2021.",2:35,Alternate Demo Track ( Complete ),Original Files 2117kbps (.wav) 320kbps (.mp3)
1212,OUT,115,Jetta Rich Forever,Juice WRLD,KBeaZy,Max Lord,"Song is unfinished, contains an open verse.",Juice Wrld - Jetta v1.0 (money kbeazy),KBeaZy - money 180,"Myconian Avaton Hotel Recording Studio, Elia Beach, Elia, Mykonos, Greece.","Recorded August 21-22, 2019. File Exported August 22, 2019.",-,"Surfaced March 13, 2022.",2:30,Throwaway Track ( Open Verse ),Original Files 2117kbps (.wav) 320kbps (.mp3)
1213,OUT,116,K Like A Russian Lotti Perc Go Round,Juice WRLD,"Michelangelo Pulvirenti, Max Lord, PVLACE, Smash David",Max Lord,-,Juice Wrld - k like a russian v1.0 (XO dennis),Instrumental: xo Loop: 40. xo love story 107bpm pvlace,"DoubleTree Hotel Recording Studio, Dommeldange, Luxembourg.","Recorded March 20, 2019.","First Previewed March 20, 2019.","Surfaced January 8, 2020.",4:13,Throwaway Track ( Complete ),Original Files 2117kbps (.wav) 320kbps (.mp3)
1214,OUT,117,Karate Kid,Juice WRLD,JJ Stevens,Max Lord,"Song is unfinished, contains an open verse.",Juice Wrld - karate kid v1.0 (jj skyway),jj skyway,"The Cutting Room Recording Studio, NoHo, New York City, NY.","Recorded October 13, 2019.","First Previewed October 13, 2019.","Surfaced August 4, 2020.",2:39,Throwaway Track ( Open Verse ),Original Files 2117kbps (.wav) 320kbps (.mp3)
1215,OUT,118,"Keep It (v2.6) Song was originally titled 'Meant Forever', after the instrumental.",Juice WRLD,Rex Kudo,Max Lord,-,File Name (1): Juice Wrld - G9 MeantFOREVER rex v2.6 File Name (2): Juice Wrld - Keep It rex v2.6,G9 MeantFOREVER rex,"Home Recording Studio, Encino Hills, Los Angeles, CA.","Recorded September 18-19, 2019. File Exported September 20, 2019.","First Previewed September 18-19, 2019. First Teased September 19, 2019.","Surfaced February 20, 2022.",2:48,Alternate Demo Track ( Complete ),Original Files 2117kbps (.wav) 320kbps (.mp3)
1216,OUT,119,Keep Save (v1.1) Murder Rate Song is titled after the instrumental.,Juice WRLD,Wheezy,Max Lord,"When Juice finished recording the song he stated that he would like Gunna to record a verse on it, it is unknown if that ever happened or if Gunna was ever sent the song.",Juice Wrld - keep save wheezy v1.1,keep save,"Home Recording Studio, Encino Hills, Los Angeles, CA.","Recorded July 17-18, 2019. File Exported August 22, 2019.","First Previewed July 17-18, 2019. First Teased August 21, 2019.","Surfaced July 7, 2020.",3:28,Alternate Demo Track ( Open Verse ),Original Files 2117kbps (.wav) 320kbps (.mp3)
1217,OUT,120,Kill All My Troubles (v1.1) Muddy,Juice WRLD,ATL Jacob & TrePounds,Max Lord,"Song is unfinished, contains an open verse. Samples Lynnea M's 'Lovely (Cover)' by Billie Eilish.",Juice Wrld - kill all my troubles v1.1 (FBG 1798),FBG 1798 [ATLJACOB],"Home Recording Studio, Encino Hills, Los Angeles, CA.","Recorded July 23, 2019.","First Previewed October 11, 2021. First Teased July 29, 2019.","Surfaced March 7, 2024.",4:06,Alternate Demo Track ( Open Verse ),Original Files 2117kbps (.wav) 320kbps (.mp3)
1218,OUT,121,Laced (v1.1) Heavy Metal,Juice WRLD,Hit-Boy,Max Lord,"Song is unfinished, contains an open verse.",chalice 2018 452 v1.1 laced open 87bpm,chalice 2018-452,"Home Recording Studio, Encino Hills, Los Angeles, CA.","Recorded June 28, 2019. File Exported December 21, 2022.","First Previewed June 28, 2019.","Surfaced July 26, 2025.",3:13,Alternate Demo Track ( Open Verse ),Original Files 2117kbps (.wav) 320kbps (.mp3)
1219,OUT,122,Let It Off (v1.3) On The Road,Juice WRLD,Marshmello & KSHMR,Max Lord,-,Juice Wrld mello - let it off v1.3 (melancholy),mello kshmr melancholy,"Home Recording Studio, Encino Hills, Los Angeles, CA.","Recorded October 3, 2019.","First Previewed October 4, 2019. First Teased October 9, 2019.","Surfaced August 17, 2021.",3:24,Alternate Demo Track ( Complete ),Original Files 2304kbps (.wav) 320kbps (.mp3)
1220,OUT,123,Let Me Be (v1.1) Lone Ranger,Juice WRLD,Seezyn,Max Lord,"Samples Puzzle Muteson's 'We Are, We Own'.",Juice Wrld - let me be v1.1 (EYE ON ME szn),EYE ON ME,"Thompson Seattle Hotel Recording Studio, Pike Place Market, Seattle, WA.","Recorded April 20-29, 2019.","First Previewed February 26, 2021.","Surfaced June 6, 2022.",4:26,Alternate Demo Track ( Complete ),Original Files 2117kbps (.wav) 320kbps (.mp3)
1221,OUT,124,Life's A Mess ( v2 ),Juice WRLD,Charlie Handsome & Rex Kudo,Max Lord & Unknown,-,LIFES A MESS F2,140 RRRGT REX,"Home Recording Studio, Encino Hills, Los Angeles, CA.","Recorded September 25, 2019.",-,"Surfaced March 21, 2023.",3:25,Alternate Demo Track ( Complete ),Original File 2304kbps (.wav)
1222,OUT,125,"Lock And Load* Gun Song Song is titled 'ALLURE 21', after the instrumental.",Juice WRLD,Gezin & Prevade,Max Lord,-,Juice Wrld - ALLURE 21,ALLURE 21 GZ,"Home Recording Studio, Encino Hills, Los Angeles, CA.","Recorded August 13, 2019.","First Previewed July 1, 2024.","Surfaced December 3, 2024.",2:07,Throwaway Track ( Complete ),Original File 320kbps (.mp3)
1223,OUT,126,LOL Ribbit,Juice WRLD,DJ Victoriouz & DougieOTB,Max Lord,Shares a very similar instrumental with Leaf Ward's 'The Drop'.,LOL,,"Dream Midtown Hotel Recording Studio , Midtown Manhattan , New York City , NY .","Recorded April 3, 2019. File Exported October 16, 2022.","First Previewed September 26, 2023.","Surfaced March 14, 2024.",4:24,Throwaway Track ( Complete ),Original Files 2117kbps (.wav) 320kbps (.mp3)
1224,OUT,127,"London (Interlude) Song was originally titled 'CASREWHEZOCEANO', after the instrumental.",Juice WRLD,"Cashio, Rex Kudo & Wheezy",Matteo Galesi,-,File Name (1): REX JUICE - CASREWHEZOCEANO File Name (2): REX JUICE - London interlude,CASREWHEZOCEANO,"Matteo Galesi's Tileyard Recording Studio, London, England.","Recorded July 9, 2019.","First Previewed July 9, 2019.","Surfaced September 8, 2020.",2:24,Throwaway Track ( Complete ),Original File 320kbps (.mp3)
1225,OUT,128,London (v1.2) Flight To London | Mother Russia,Juice WRLD,London On Da Track & Rex Kudo,Max Lord,-,Juice Wrld - London v1.2 (140 LRb1 rex),140 LRb1 rex,"Home Recording Studio, Encino Hills, Los Angeles, CA.","Recorded November 7, 2019. File Exported January 26, 2020.","First Previewed November 7, 2019.","Surfaced September 23, 2022.",3:15,Alternate Demo Track ( Complete ),Original File 2117kbps (.wav)
1226,OUT,129,Long Gone (Pt. 2) [v1.3],Juice WRLD,Don Kevo & It'sMoeBeats,Max Lord,Sequel track to 'Long Gone'.,Juice Wrld - long gone pt 2 v1.2 (343 don kevo),Instrumental: 343 don kevo Loop: Doomed,-,"Recorded March 20-29, 2019.",-,"Surfaced November 13, 2020.",3:41,Alternate Demo Track ( Complete ),Original Files 2117kbps (.wav) 320kbps (.mp3)
1227,OUT,130,Long Live The Hustle (v1.2) Tattoos And Ink Song is titled after the instrumental.,Juice WRLD,Metro Boomin',Max Lord,-,Juice Wrld - LONG LIVE THE HUSTLE 26 metro v1.2,LONG LIVE THE HUSTLE 26,"Home Recording Studio, Encino Hills, Los Angeles, CA.","Recorded July 30-31, 2019.","First Previewed March 29, 2020.","Surfaced May 9, 2022.",2:33,Alternate Demo Track ( Complete ),Original Files 2117kbps (.wav) 320kbps (.mp3)
1228,OUT,131,Long Time Coming (v1.1),Juice WRLD,DY Krazy & Rex Kudo,Max Lord,-,Juice Wrld - long time coming v1.1 (DYBH30rex),DYBH30REX,-,"Recorded April 1-9, 2019.",-,"Surfaced November 13, 2020.",3:11,Alternate Demo Track ( Complete ),Original Files 2117kbps (.wav) 320kbps (.mp3)
1229,OUT,132,Macaroni Sound (v1) Extra,Juice WRLD,Rex Kudo,Max Lord,-,File Name: Juice Wrld - macaroni sound v1.0 (DD2 ChicagoSUNS rex) Folder Title: DD2 ChicagoSUNS rex,DD2 ChicagoSUNS 164,"Home Recording Studio, Encino Hills, Los Angeles, CA.","Recorded September 26, 2019.","First Previewed September 26, 2019.","Surfaced December 26, 2025.",3:01,Original Demo Track ( Complete ),Original File 2304kbps (.wav)
1230,OUT,133,Made It Work Under 25,Juice WRLD,KBeaZy,Max Lord,-,Juice Wrld - made it work v1.0 (intersellar),KBeaZy - interstellar 143,"Fordson Hotel Recording Studio, Central, Oklahoma City, OK.","Recorded June 11, 2019.","First Previewed November 30, 2019.","Surfaced August 9, 2020.",3:35,Throwaway Track ( Complete ),Original Files 2117kbps (.wav) 320kbps (.mp3)
1231,OUT,134,Make Myself Clear Swear,Juice WRLD,Nick Mira,Max Lord,-,Juice Wrld - make myself clear v1.0 (NM tonight),Instrumental: NM - Tonight 87BPM Beat Pack: Nick Mira - Juice WRLD 3.18,"Fairmont Pittsburgh Hotel Recording Studio, Downtown, Pittsburgh, PA.","Recorded May 27-28, 2019.",-,"Surfaced March 13, 2022.",3:18,Throwaway Track ( Complete ),Original Files 2117kbps (.wav) 320kbps (.mp3)
1232,OUT,135,Man Of The Year (v1) Man Of The Year ( 999 ) | M.O.T.Y. Song was originally called 'Breakthrough'.,Juice WRLD,"Heavy Mellow, Joe Reeves, Rex Kudo & Skrillex","Adam Lunn, Max Lord & Rex Kudo",-,File Name (1): Breakthrough 060719 File Name (2): Man Of The Year 060719,,"Wendyhouse Production Studio, Shepherd's Bush, London, England.","Recorded July 6, 2019.","First Previewed July 6, 2019.","Surfaced July 14, 2020.",2:18,Original Demo Track ( Complete ),Trackout Session & Original Files 320kbps (.mp3)
1233,OUT,136,Me And You (v2.1) Me And U | Warning,Juice WRLD,Rex Kudo & TM88,Max Lord,"Song is unfinished, contains an open verse. Shares the same instrumental as Nav's 'Dream*'.",Juice Wrld - me and u v2.1 (s4r2REXTM88),s4r2REXTM88,"Home Recording Studio, Encino Hills, Los Angeles, CA.","Recorded November 3, 2019. File Exported January 26, 2020.","First Previewed January 31, 2024.","Surfaced November 13, 2024.",3:45,Alternate Demo Track ( Open Verse ),Original Files 2117kbps (.wav) 320kbps (.mp3)
1234,OUT,137,Meet Me At The Door (with Chance The Rapper & Supa Bwe) [v2],"Juice WRLD, Chance The Rapper & Supa Bwe","Bijan Amir, Jack Rochon & Smoke Ono",Gabriel Jaskowiak,"Song is unfinished, contains an open verse.",Meet Me At the Door_Mix2,,"NightBird Recording Studio, West Hollywood, Los Angeles, CA.","Recorded April 24, 2019.",-,"Surfaced March 1, 2022.",3:56,Alternate Demo Track ( Open Verse ),Original File 320kbps (.mp3)
1235,OUT,138,Misery Avenue ( v3 ) Back To Me | This Is Me Song was originally untitled.,Juice WRLD,"Bricks, CHASETHEMONEY & Grizz",Marquis Robinson & Unknown,-,JuiceWRLD Chase x Bricks x Grizz,,"Complex 2010 Recording Studio, China Town, Chicago, IL.","Recorded February 2, 2018.","First Previewed September 24, 2019.","Surfaced October 27, 2020.",3:39,Alternate Demo Track ( Complete ),Original File 192kbps (.mp3)
1236,OUT,139,Moment (v1.1) Rockstar Boy,Juice WRLD,18YOMAN & Take A Daytrip,Max Lord,-,Juice Wrld - moment v1.1 (trail mix daytrip),Take A Daytrip x 18yoman - Trail Mix [inst demo 1],"Home Recording Studio, Encino Hills, Los Angeles, CA.","Recorded November 8, 2019.","First Previewed November 8, 2019.","Surfaced March 9, 2022.",2:52,Alternate Demo Track ( Complete ),Original Files 2117kbps (.wav) 320kbps (.mp3)
1237,OUT,140,Motor Boat Anacondas | Road Runner,Juice WRLD,DY Krazy,Max Lord,-,Juice Wrld - motor boat v1.0 (DY 10),DY 10,"Home Recording Studio, Encino Hills, Los Angeles, CA.","Recorded October 19, 2019.","First Previewed October 23, 2019.","Surfaced August 24, 2024.",3:14,Throwaway Track ( Complete ),Original File 2117kbps (.wav)
1238,OUT,141,My Story Rule The Earth,Juice WRLD,"KBeaZy, Loesoe & Starboy",Max Lord,-,Juice Wrld - my story v1.0 (space kbeazy),KBeaZy x Loesoe x Starboy - space 131,"Myconian Avaton Hotel Recording Studio, Elia Beach, Elia, Mykonos, Greece.","Recorded August 22, 2019.","First Previewed August 22, 2019.","Surfaced May 14, 2024.",2:11,Throwaway Track ( Complete ),Original Files 2117kbps (.wav) 320kbps (.mp3)
1239,OUT,142,My Way Home (Pt. 2) [v1.1] On My Way Home | Oversprung ( Pt. 2 ) | Used And Abused,Juice WRLD,Bobby Raps,Max Lord,Sequel track to 'Oversprung'. Samples Steely Dan's 'Do It Again'.,Juice Wrld - my way home pt 2 v1.1 (psycho j),psycho j CUSTOM,"Home Recording Studio, Encino Hills, Los Angeles, CA.","Recorded June 26, 2019.","First Teased June 29, 2019.","Surfaced November 18, 2024.",4:06,Alternate Demo Track ( Complete ),Original Files 2117kbps (.wav) 320kbps (.mp3)
1240,OUT,143,My Way Home (Pt. 2) [v1.2] On My Way Home | Oversprung ( Pt. 2 ) | Used And Abused,Juice WRLD,Bobby Raps,Max Lord,Sequel track to 'Oversprung'. Samples Steely Dan's 'Do It Again'.,Juice Wrld - my way home pt 2 v1.2 (psycho j),psycho j CUSTOM,"Home Recording Studio, Encino Hills, Los Angeles, CA.","Recorded June 26, 2019. File Exported June 28, 2019.","First Previewed July 6, 2019.","Surfaced November 18, 2024.",4:06,Alternate Demo Track ( Complete ),Original Files 2117kbps (.wav) 320kbps (.mp3)
1241,OUT,144,My Way Home (Pt. 2) [v2] On My Way Home | Oversprung ( Pt. 2 ) | Used And Abused,Juice WRLD,Bobby Raps,Max Lord,Sequel track to 'Oversprung'. Samples Steely Dan's 'Do It Again'.,Juice Wrld - my way home pt 2 v2.0 (psycho j),psycho j CUSTOM,"Home Recording Studio, Encino Hills, Los Angeles, CA.","Recorded June 26, 2019. File Exported October 4, 2019.",-,"Surfaced June 5, 2022.",4:10,Alternate Demo Track ( Complete ),Original Files 2304kbps (.wav) 320kbps (.mp3)
1242,OUT,145,"Never Alone* (with G Herbo) Song is titled 'DYBH21BOB', after the instrumental.",Juice WRLD & G Herbo,Bobby Raps & DY Krazy,Max Lord,Shares the same instrumental as Young Thug's 'All Your Time'.,File Name: DYBH21BOB v1.0 herbo Session Title: DYBH21BOB v1.0 herbo.ptx,DYBH21BOB,"St. Martin's Lane Hotel Recording Studio, Covent Garden, London, England.","Recorded March 11, 2019.","First Previewed March 11, 2019.","Surfaced January 6, 2026.",2:52,Throwaway Track ( Complete ),Original File 320kbps (.mp3)
1243,OUT,146,NLMB Oh Dear No Limit Oh Dear,Juice WRLD,Gezin,Max Lord,-,Juice Wrld - NLMB oh dear v1.0,,"[ ? ] Hotel Recording Studio , [ ? ], [ ? ], Germany .","Recorded March 27, 2019.","First Previewed March 28, 2019.","Surfaced August 8, 2020.",2:40,Throwaway Track ( Complete ),Original Files 2117kbps (.wav) 320kbps (.mp3)
1244,OUT,147,No Laces,Juice WRLD,"Charlie Handsome, Joe Reeves & Rex Kudo",Max Lord,-,Juice Wrld - no laces v1.0 (donnieBRASCO rex),Instrumental: CHRJ DonnieBRASCO 146 Beat Pack: rex august 2019,"Home Recording Studio, Encino Hills, Los Angeles, CA.","Recorded August 27-28, 2019. File Exported August 30, 2019.","First Previewed August 28, 2019.","Surfaced June 5, 2022.",3:17,Throwaway Track ( Complete ),Original Files 2117kbps (.wav) 320kbps (.mp3)
1245,OUT,148,No Limit No Hook (v1) Juice Man,Juice WRLD,Justin Craig,Justin Craig,-,File Name: No Limit No Hook Session Title: 3.ptx,brib33,"Glass Tree Creative Recording Studio, Downtown, Chicago, IL.","Recorded October 27, 2019.",-,"Surfaced March 27, 2021. Session Surfaced January 3, 2025.",1:51,Original Demo Track ( Complete ),Studio Session & Original Files 2117kbps (.wav) 320kbps (.mp3)
1246,OUT,149,No Limit No Hook (v2) Juice Man,Juice WRLD,Justin Craig,Justin Craig,-,File Name: No Limit No Hook (JcraigMix) Produced By Chef J Session Title: 3.ptx,brib33,"Glass Tree Creative Recording Studio, Downtown, Chicago, IL.","Recorded October 27, 2019. File Exported December 10, 2019",-,"Surfaced August 16, 2023. Session Surfaced January 3, 2025.",1:51,Alternate Demo Track ( Complete ),Studio Session & Original File 2117kbps (.wav)
1247,OUT,150,No Me Ame (feat. Juice WRLD) [v1],Anuel AA,M.R.I. & Rvssian,Max Lord,-,no me ame JUICE v1.0 ruff bounce,,"Juice's Vocals The Dominick Hotel Recording Studio, Soho, Manhattan, New York City, NY.","Juice's Vocals June 18-19, 2019.",-,"Surfaced February 21, 2020.",2:53,Original Feature Demo Track ( Complete ),Original Files 2117kbps (.wav) 320kbps (.mp3)
1248,OUT,151,No Stopping Us*,Juice WRLD,DJ Scheme & Nuri,Max Lord,-,,,-,"Recorded May 26, 2019.","First Previewed October 3, 2023.","Surfaced November 29, 2023.",1:26,Throwaway Track ( Complete ),320kbps (.mp3)
1249,OUT,152,No Trespassing (v1.2),Juice WRLD,Nick Mira,Max Lord,Shares the same instrumental as Iann Dior's 'Dior Chain' & The Kid LAROI & Pete Jideonwo's 'Ride (Pt. 2)'.,Juice Wrld - no trespassing v1.2 (NM seaworld),Instrumental: NM - Seaworld 129BPM Beat Pack: Nick Mira - Juice WRLD 3.18,-,"Recorded April 1-9, 2019.","First Previewed April 16, 2019.","Surfaced November 13, 2020.",2:58,Alternate Demo Track ( Complete ),Original Files 2117kbps (.wav) 320kbps (.mp3)
1250,OUT,153,Not Ashamed,Juice WRLD,DY Krazy & Rex Kudo,Max Lord,-,Juice Wrld - not ashamed v1.0 (DYATL67rex),DYATL67REX,"The Westin Hotel Recording Studio , Downtown , St. Louis , MO .","Recorded June 3-4, 2019. File Exported June 11, 2019.","First Previewed January 18, 2023.","Surfaced February 8, 2023.",3:14,Throwaway Track ( Complete ),Original Files 2117kbps (.wav) 320kbps (.mp3)
1251,OUT,154,Not My Fault Chasing The Dragon,Juice WRLD,Hit-Boy,Max Lord,-,chalice 2018 191 not my fault,chalice 2018-191,"Rented Private Estate Recording Studio, Bermuda Dunes, CA.",-,"First Previewed April 15-16, 2019.","Surfaced January 25, 2026.",3:06,Throwaway Track ( Complete ),Original File 320kbps (.mp3)
1252,OUT,155,Nothing Left Go Away,Juice WRLD,Purps On The Beat,Max Lord,-,Juice Wrld - nothing left v1.0 (loog purps),loog 159,"St. Martin's Lane Hotel Recording Studio , Covent Garden , London , England .","Recorded March 10-11, 2019.","First Previewed July 12, 2023.","Surfaced November 2, 2023.",3:14,Throwaway Track ( Complete ),Original Files 2117kbps (.wav) 320kbps (.mp3)
1253,OUT,156,Old Me (feat. Juice WRLD) The Old Me,5 Seconds Of Summer,"Andrew Watt, Dre Moon & Louis Bell","Eric Manco, Louis Bell & Paul LaMalfa",The song reuses Juice WRLD's vocals from 'Ball'.,The Old Me (feat - Juice WRLD) (11.4.19) 128BPM,,"Juice's Vocals Chalice Recording Studio, West Hollywood, Los Angeles, CA.","Juice's Vocals July 23-24, 2018. File Exported November 4, 2019.",-,"Surfaced January 2, 2021.",3:09,Feature Track ( Complete ),320kbps (.mp3)
1254,OUT,157,On And On* Dusk To Dawn | Turns Me On,Juice WRLD,"DY Krazy, Morgan O'Connor & Rex Kudo",Max Lord,-,,,-,"Recorded April [ ? ], 2019.","First Previewed July 30, 2022.","Surfaced August 22, 2024.",3:13,Throwaway Track ( Complete ),320kbps (.mp3)
1255,OUT,158,On My Own (v1.1) All Alone,Juice WRLD,Nick Mira & Repko,Max Lord,-,Juice Wrld - on my own v1.1 (NM deep),Instrumental: NM x RK - Deep 140BPM Loop: nm_rk_derez_140bpm MIDI: nick mira_derez Loop Kit: nick x repko x tanner Beat Pack: Nick Mira - Juice WRLD 8.4,"Home Recording Studio, Encino Hills, Los Angeles, CA.","Recorded August [ ? ], 2019. File Exported August 22, 2019.","First Previewed August 26, 2019.","Surfaced June 11, 2020.",3:53,Alternate Demo Track ( Complete ),Original Files 2117kbps (.wav) 320kbps (.mp3)
1256,OUT,159,On The Pills* Façade,Juice WRLD,ATL Jacob,Max Lord,"Song is unfinished, contains an open verse.",,FBG 1601 [ATLJACOB],"Home Recording Studio, Encino Hills, Los Angeles, CA.","Recorded July 23, 2019.","First Previewed March 19, 2025.","Surfaced December 28, 2025.",2:18,Throwaway Track ( Open Verse ),320kbps (.mp3)
1257,OUT,160,On Time (v2.2),Juice WRLD,Gezin & Prevade,Max Lord,-,juice wrld - on time v2.2 (xr 5 GZ),Xr 5 GZ,"Home Recording Studio, Encino Hills, Los Angeles, CA.","Recorded October 8, 2019. File Exported February 26, 2020.","First Previewed August 9, 2020.","Surfaced September 7, 2020.",3:15,Alternate Demo Track ( Complete ),Original File 2117kbps (.wav)
1258,OUT,161,On Your Mind (v1.2) Dark Thoughts,Juice WRLD,Nick Mira,Max Lord,-,Juice Wrld - on your mind v1.2 (NM backstabber),Instrumental: NM - Backstabber 140BPM Beat Pack: Nick Mira - Juice WRLD 3.18,"Mercure Hotel Recording Studio , Omval , Amsterdam , Netherlands .","Recorded March 25, 2019.","First Previewed April 6, 2019. First Teased March 26, 2019.","Surfaced November 13, 2020.",4:34,Alternate Demo Track ( Complete ),Original Files 2117kbps (.wav) 320kbps (.mp3)
1259,OUT,162,Out My Body (with G Herbo),Juice WRLD,ENDZ & Gezin,Max Lord,-,Juice Wrld - out my body ft G herbo (euros 1),euros 1 x manu,"Home Recording Studio, Encino Hills, Los Angeles, CA.","Recorded November [ ? ], 2019. File Exported March 16, 2020.","First Previewed November [ ? ], 2019.","Surfaced August 4, 2020.",2:32,Throwaway Track ( Complete ),Original Files 2117kbps (.wav) 320kbps (.mp3)
1260,OUT,163,Out The Projects (v1.1),Juice WRLD,Bobby Raps,Max Lord,-,Juice Wrld - put the projects v1.1 (druggy160 bob),druggy160 bob,"Home Recording Studio, Encino Hills, Los Angeles, CA.","Recorded July 25, 2019. File Exported July 26, 2019.","First Previewed July 25, 2019.","Surfaced August 18, 2019.",2:59,Alternate Demo Track ( Complete ),Original Files 2117kbps (.wav) 320kbps (.mp3)
1261,OUT,164,Oversprung (v1.1) My Way Home ( Pt. 1 ) | We Just Begun,Juice WRLD,DY Krazy & Morgan O'Connor,Max Lord,-,Juice Wrld - over sprung v1.1 (DYBH32MORGAN),DYBH32MORGAN,"Rented Private Estate Recording Studio, Bermuda Dunes, CA.","Recorded April 10-19, 2019.",-,"Surfaced December 24, 2025.",3:59,Alternate Demo Track ( Complete ),Original Files 2117kbps (.wav) 320kbps (.mp3)
1262,OUT,165,Oversprung ( v1.2 ) My Way Home ( Pt. 1 ) | We Just Begun,Juice WRLD,DY Krazy & Morgan O'Connor,Max Lord,-,Juice Wrld - over sprung v1.2 (DYBH32MORGAN)_1,DYBH32MORGAN,"Rented Private Estate Recording Studio, Bermuda Dunes, CA.","Recorded April 10-19, 2019.","First Previewed July 5, 2019. First Teased June 21, 2019.","Surfaced May 18, 2022.",4:02,Alternate Demo Track ( Complete ),Original Files 2117kbps (.wav) 320kbps (.mp3)
1263,OUT,166,Oxycodone (v1) OxyContin Song was originally called 'Numb My Soul'.,Juice WRLD,Purps On The Beat,Max Lord,-,File Name (1): bdayspitta 2 purps v1.0 numb my soul File Name (2): Juice Wrld - numb my soul v1.0 (bdayspitta 2 purps) Session Title: bdayspitta 2 purps v1.0 numb my soul.ptx,bdayspitta 2,"Rented Private Estate Recording Studio , Bermuda Dunes , CA .","Recorded April 17-18, 2019. File Exported November 22, 2022.",-,"Surfaced January 24, 2026.",2:40,Original Demo Track ( Complete ),Original File 2117kbps (.wav)
1264,OUT,167,Pain* Possessed,Juice WRLD,Rex Kudo & Wheezy,Max Lord,-,,,"Home Recording Studio , Encino Hills , Los Angeles , CA .","Recorded October 8, 2019.","First Previewed February 10, 2024.","Surfaced April 16, 2024.",2:29,Throwaway Track ( Complete ),320kbps (.mp3)
1265,OUT,168,Paranoid* (with G Herbo) New Shit | Swiped My Rim,Juice WRLD & G Herbo,"Bobby Raps, DY Krazy & Morgan O'Connor",Max Lord,Shares a very similar instrumental with Gunna & Young Thug's 'Recess'.,,,"St. Martin's Lane Hotel Recording Studio, Covent Garden, London, England.","Recorded March 11, 2019.","First Previewed March 11, 2019.","Surfaced May 9, 2025.",2:23,Throwaway Track ( Complete ),320kbps (.mp3)
1266,OUT,169,Part Of (with G Herbo) Girdle Song is titled after the instrumental.,Juice WRLD & G Herbo,Purps On The Beat & Unknown,Max Lord,-,Juice Wrld - partof herbo,partof 140,"St. Martin's Lane Hotel Recording Studio, Covent Garden, London, England.","Recorded March 9-10, 2019. File Exported December 27, 2023.","First Previewed March 19, 2025.","Surfaced February 5, 2026.",2:17,Throwaway Track ( Complete ),Original Files 2117kbps (.wav) 320kbps (.mp3) 262kbps (.m4a)
1267,OUT,170,Party By Myself (v1.5) Pills And The Reefer | To My Brain Song was originally called 'Party By Myself (Heroin Music)'.,Juice WRLD,"Charlie Handsome, Joe Reeves & Rex Kudo",Max Lord,-,Juice Wrld - party by myself (heroin music)v1.5,Instrumental: CHRJ LovelyTHIEVES v2 116 Beat Pack: rex august 2019,"Home Recording Studio, Encino Hills, Los Angeles, CA.","Recorded August [ ? ], 2019. File Exported September 19, 2019.","First Teased September 19, 2019.","Surfaced October 25, 2021.",3:18,Alternate Demo Track ( Complete ),Original Files 2117kbps (.wav) 320kbps (.mp3)
1268,OUT,171,Party In My Mind (v1.2) Until I Die,Juice WRLD,Rex Kudo & T-Minus,Max Lord,-,Juice Wrld - party in my mind v1.2 (TMINUS rex164),TMINUS rex164,"Home Recording Studio, Encino Hills, Los Angeles, CA.","Recorded September 17-18, 2019.",-,"Surfaced April 29, 2022.",4:43,Alternate Demo Track ( Complete ),Original Files 2117kbps (.wav) 320kbps (.mp3)
1269,OUT,172,Party In My Mind (v1.3) Until I Die,Juice WRLD,Rex Kudo & T-Minus,Max Lord,-,Juice Wrld - party in my mind v1.3(TMINUS rex164),TMINUS rex164,"Home Recording Studio, Encino Hills, Los Angeles, CA.","Recorded September 17-18, 2019.","First Previewed September 22, 2019. First Teased October 17, 2019.","Surfaced July 25, 2022.",2:36,Alternate Demo Track ( Complete ),Original Files 2117kbps (.wav) 320kbps (.mp3)
1270,OUT,173,Pretty Much* Dr. Phil | For Real,Juice WRLD,DY Krazy,Max Lord,-,,DYLONDONVIBE9,-,"Recorded July [ ? ], 2019.","First Previewed January 31, 2024.","Surfaced January 15, 2026.",2:07,Throwaway Track ( Complete ),320kbps (.mp3)
1271,OUT,174,Priceless Wraith,Juice WRLD,CHASETHEMONEY,Max Lord,-,juice wrld priceless chasethemoney v1.0 (245),245 BPM 86,"Home Recording Studio, Encino Hills, Los Angeles, CA.","Recorded September 23, 2019. File Exported January 26, 2020.",-,"Surfaced March 13, 2022.",3:08,Throwaway Track ( Complete ),Original Files 2117kbps (.wav) 320kbps (.mp3)
1272,OUT,175,PTSD (feat. Juice WRLD & Chance The Rapper) [ v9 ],G Herbo,D.A. Got That Dope,"DexLvL, Jaycen Joshua & Unknown",-,PTSD - Main Mix V8 JJ-Sped Up 3bpm,,"Juice's Vocals Home Recording Studio, Encino Hills, Los Angeles, CA.","Herbo's Vocals September 1, 2019. Juice's Vocals September [ ? ], 2019.",-,"Surfaced October 10, 2023.",3:53,Alternate Feature Demo Track ( Complete ),Original File 320kbps (.mp3)
1273,OUT,176,PTSD (feat. Juice WRLD),G Herbo,D.A. Got That Dope,DexLvL & Unknown,-,,,"Juice's Vocals Home Recording Studio, Encino Hills, Los Angeles, CA.","Herbo's Vocals September 1, 2019. Juice's Vocals September [ ? ], 2019.",-,"Surfaced January 24, 2024.",3:59,Throwaway Track ( Complete ),256kbps (.mp3)
1274,OUT,177,Rain Dance ( v1 ),Juice WRLD,CHASETHEMONEY,Max Lord,-,,,"Home Recording Studio, Encino Hills, Los Angeles, CA.","Recorded September 23, 2019.",-,"Surfaced April 3, 2021.",1:31,Original Demo Track ( Complete ),320kbps (.mp3)
1275,OUT,178,Range (with G Herbo),Juice WRLD & G Herbo,DJ Victoriouz,Max Lord,"Song is unfinished, contains an open verse.",Juice Wrld - Range v1.0 (010200019 vic),Instrumental: 010200019 Loop: 04 wolves 140 BPM,"St. Martin's Lane Hotel Recording Studio, Covent Garden, London, England.","Recorded March 9-11, 2019.",-,"Surfaced November 13, 2020.",3:12,Throwaway Track ( Open Verse ),Original Files 2117kbps (.wav) 320kbps (.mp3)
1276,OUT,179,Ransom (Remix) [feat. Juice WRLD] {v2.2} Ran$om,Lil Tecca,Nick Mira & Taz Taylor,Joseph Colmenero & Max Lord,Song originally began as a solo Lil Tecca track.,Ransom ft JUICE WRLD v1.2,Instrumental: NM - Bussin 160BPM Open Verse File: Lil Tecca - Ransom JUICE VERSE OPEN 90bpm MIDI: NM - Bits,"Tecca's Vocals Internet Money Home Recording Studio, Hollywood, Los Angeles, CA. Juice's Vocals Home Recording Studio, Encino Hills, Los Angeles, CA.","Tecca's Vocals January 4, 2019. Juice's Vocals August 1, 2019. Acapella File Exported August 2, 2019.",-,"Surfaced August 11, 2019. Session Surfaced February 2, 2024.",2:50,Alternate Feature Demo & Remix Track ( Complete ),Original Files 2117kbps (.wav) 320kbps (.mp3)
1277,OUT,180,Reason (v1.1),Juice WRLD,Max Lord & PVLACE,Max Lord,"Song is unfinished, contains an open verse. Shares the same loop as Don Toliver's 'Give It Up*'.",Juice Wrld - reason v1.1 (margate176),Instrumental: margate 176 Loop: 16.rivera146bpm_pvlace,"Home Recording Studio, Encino Hills, Los Angeles, CA.","Recorded September 13-14, 2019. File Exported September 15, 2019.","First Previewed September 13-14, 2019.","Surfaced March 19, 2023.",4:03,Alternate Demo Track ( Open Verse ),Original Files 2117kbps (.wav) 320kbps (.mp3)
1278,OUT,181,Record Straight,Juice WRLD,Roy Lenzo & Take A Daytrip,Max Lord,-,Juice - record straight v1.0 (iced lemonade),Take A Daytrip x Roy Lenzo - Iced Lemonade [inst demo 1],"Home Recording Studio, Encino Hills, Los Angeles, CA.","Recorded July 15, 2019. File Exported July 16, 2019.","First Previewed August 29, 2019.","Surfaced January 24, 2026.",2:47,Throwaway Track ( Complete ),Original Files 2117kbps (.wav) 320kbps (.mp3)
1279,OUT,182,Regardless* (with G Herbo) Freestyle ( Interlude ) Song is untitled.,Juice WRLD & G Herbo,CHASETHEMONEY,Max Lord,Song's file name is titled after the session template's last exported file.,Juice Wrld - substance v1.1 (blvd3),,"Home Recording Studio, Encino Hills, Los Angeles, CA.","Recorded September 8, 2019. File Exported October 2, 2019.","First Previewed September 8, 2019.","Surfaced November 13, 2020.",4:56,Throwaway Track ( Complete ),Original Files 2117kbps (.wav) 320kbps (.mp3)
1280,OUT,183,Relocate (v1.1) Californication,Juice WRLD,London On Da Track & Rex Kudo,Max Lord,"Song is unfinished, contains an open verse.",Juice Wrld - relocate v1.1 (145 GTR LR rex),145 GT LR,"Home Recording Studio, Encino Hills, Los Angeles, CA.","Recorded November 2-3, 2019. File Exported January 26, 2020.","First Previewed April 29, 2022.","Surfaced April 30, 2022.",2:33,Alternate Demo Track ( Open Verse ),Original File 2117kbps (.wav)
1281,OUT,184,Relocate (v1) No Russian,Juice WRLD,Nick Mira,Max Lord,-,Juice Wrld - relocate v1.0 (NM fable),Instrumental: NM - Fable 166BPM Beat Pack: Nick Mira - Juice WRLD 8.4,"Home Recording Studio, Encino Hills, Los Angeles, CA.","Recorded August 4, 2019.",-,"Surfaced January 19, 2021.",3:28,Original Demo Track ( Complete ),Original Files 2117kbps (.wav) 320kbps (.mp3)
1282,OUT,185,Reminds Me Of You Reminds Me ( Remix ),Juice WRLD,"Aaron Joseph, Dr. Luke, Sam Sumser, Sean Small & Theron Thomas",Dr. Luke,Remixes Kim Petra's 'Reminds Me'.,,,"Dr. Luke's Private Recording Studio, West Hollywood, Los Angeles, CA.","Recorded May 3, 2019.","First Previewed May 3, 2019.","Surfaced September 28, 2021.",1:42,Original Solo Demo Track ( Complete ),320kbps (.mp3)
1283,OUT,186,Rich Nigga Shit (with Young Thug) [v1],Juice WRLD & Young Thug,Pi'erre Bourne & Ye West,Bainz,-,THUG x JUICEWRLD - RICH NIGGA SHIT (BAINZRUFF),,"Crosby Recording Studio, Burbank, Los Angeles, CA.","Recorded April 10, 2019.",-,"Surfaced October 17, 2022.",2:57,Original Demo Track ( Complete ),Original File 320kbps (.mp3)
1284,OUT,187,Rifle (v1.1) Get Away,Juice WRLD,Pi'erre Bourne,Max Lord,"Song is unfinished, hook only.",Juice Wrld - rifle v1.1 hook only,,"Home Recording Studio, Encino Hills, Los Angeles, CA.","Recorded November 4-5, 2019. File Exported May 4, 2024.","First Previewed March 19, 2025.","Surfaced February 5, 2026.",2:58,Alternate Demo Track ( Hook Only ),Original Files 2117kbps (.wav) 320kbps (.mp3)
1285,OUT,188,Righteous (v1),Juice WRLD,Charlie Handsome & Nick Mira,Max Lord,-,Juice Wrld - righteous v1.0 (NM CT Lorraine),Instrumental: NM x CH - Loraine 143BPM Loop: ECO LORRAINE 137.73 Beat Pack: Nick Mira - Juice WRLD 3.18,"Mondrian Park Avenue Hotel Recording Studio, Midtown Manhattan, New York City, NY.","Recorded May 22, 2019.","First Previewed May 25, 2019. First Teased June 29, 2018.","Surfaced January 9, 2020.",3:48,Original Demo Track ( Complete ),Original Files 2117kbps (.wav) 320kbps (.mp3)
1286,OUT,189,Rikers (v1.1),Juice WRLD,Gezin & Prevade,Max Lord,"Song is unfinished, contains an open verse.",Juice Wrld - rikers v1.1 (euros 14),euros 14 x prevade,"Home Recording Studio, Encino Hills, Los Angeles, CA.","Recorded November 9, 2019.","First Teased November 26, 2019.","Surfaced August 23, 2020.",2:31,Alternate Demo Track ( Open Verse ),Original Files 2117kbps (.wav) 320kbps (.mp3)
1287,OUT,190,RNG ( v1.4 ) Ace Of Spades | All Your Sins Song is titled after the instrumental.,Juice WRLD,DJ Scheme & Henry Daher,Max Lord,-,Juice Wrld - RNG 2 from scheme v1. 4,RNG,-,-,"First Previewed October 2, 2023.","Surfaced December 2, 2023.",2:32,Alternate Demo Track ( Complete ),320kbps (.mp3)
1288,OUT,191,Rob And Scam*,Juice WRLD,DJ Scheme & Nuri,Max Lord,-,,scheme nuri 85bpm AM,"Home Recording Studio, Encino Hills, Los Angeles, CA.","Recorded August 29, 2019.","First Previewed September 1, 2019.","Surfaced January 25, 2026.",2:43,Throwaway Track ( Complete ),320kbps (.mp3)
1289,OUT,192,Same To Me Gone,Juice WRLD,Nick Mira & Ray Russell,Max Lord,"Song is unfinished, hook only.",Juice Wrld - same to me v1.0 (NM doe),Instrumental: NM - Doe 137BPM Loop: 130_Balladeer_V3_Cs_290_SP01 Loop Kit: Samplephonics - Ray Russell Guitar Sessions Beat Pack: Nick Mira - Juice WRLD 4.27,"Thompson Seattle Hotel Recording Studio, Pike Place Market, Seattle, WA.","Recorded April 29, 2019.","First Previewed November 23, 2021.","Surfaced September 26, 2022.",5:01,Throwaway Track ( Hook Only ),Original Files 2117kbps (.wav) 320kbps (.mp3)
1290,OUT,193,Save Us* Famous,Juice WRLD,FRANKIEONTHEGUITAR & Gezin,Max Lord,"Song is unfinished, hook only.",,Instrum ental: euros ... Loop: Master Section - 150_Fmin,"Park Hyatt Hotel Recording Studio , Shinjuku , Tokyo , Japan .","Recorded November 26, 2019.","First Previewed January 31, 2024.","Surfaced January 25, 2026.",2:59,Throwaway Track ( Hook Only ),320kbps (.mp3)
1291,OUT,194,Saved By The Bell*,Juice WRLD,ATL Jacob & French Konnect,Max Lord,-,,,"Home Recording Studio, Encino Hills, Los Angeles, CA.","Recorded July 23-24, 2019.","First Previewed July 23-24, 2019.","Surfaced September 27, 2023.",2:20,Throwaway Track ( Complete ),320kbps (.mp3)
1292,OUT,195,Scarface (with Gunna),Juice WRLD & Gunna,"ATL Jacob, Rex Kudo & Southside",Shaan Singh,Shares the same instrumental as 'Cold Summer'.,SCARFACE - JWRLD x GUNNA - SHAANRUFF,REX15ATLJACOB,"[ ? ], [ ? ], London, England.","Recorded July 6-7, 2019.","First Previewed July 6-7, 2019.","Surfaced November 23, 2020.",2:59,Throwaway Track ( Complete ),Original File 320kbps (.mp3)
1293,OUT,196,Screamin'*,Juice WRLD,ATL Jacob & French Konnect,Max Lord,-,,,"Home Recording Studio, Encino Hills, Los Angeles, CA.","Recorded July 23-24, 2019.","First Previewed October 31, 2023.","Surfaced August 3, 2024.",1:51,Throwaway Track ( Complete ),320kbps (.mp3)
1294,OUT,197,Screw Juice (v1.2),Juice WRLD,Nick Mira,Max Lord,-,Juice Wrld - screw juice v1.2 (NM infinity),Instrumental: NM - Infinity 150BPM Loop: nick mira_gtr17_150 Loop Kit: Nick Mira - Gasolina 4 [V1] Beat Pack: Nick Mira - Juice WRLD 3.18,"Mondrian Park Avenue Hotel Recording Studio, Midtown Manhattan, New York City, NY.","Recorded May 21-22, 2019. File Exported July 8, 2020.",-,"Surfaced July 8, 2023.",2:59,Alternate Demo Track ( Complete ),Original Files 2117kbps (.wav) 320kbps (.mp3)
1295,OUT,198,Send Away Cookie Crisp,Juice WRLD,Styn,Max Lord,Samples Slum Village's 'Climax'.,Juice Wrld - send away v1.0 (climax shit styn),climax shit styn,"Home Recording Studio, Encino Hills, Los Angeles, CA.","Recorded August 3, 2019.","First Previewed September 2, 2019.","Surfaced August 22, 2024.",3:04,Throwaway Track ( Complete ),Original Files 2117kbps (.wav) 320kbps (.mp3)
1296,OUT,199,Shot 'Em Down (v1.1),Juice WRLD,DY Krazy & Rex Kudo,Max Lord,-,Juice Wrld - shot em down v1.1 (DYBH28REX),DYBH28REX,"Thompson Seattle Hotel Recording Studio, Pike Place Market, Seattle, WA.","Recorded April 20-29, 2019.","First Previewed June 14, 2022.","Surfaced June 19, 2022.",2:55,Alternate Demo Track ( Complete ),Original Files 2117kbps (.wav) 320kbps (.mp3)
1297,OUT,200,Sick (v1.1) Drugs Are My Friends,Juice WRLD,Hit-Boy,Max Lord,"Song is unfinished, contains an open verse.",Juice Wrld - sick v1.1 (chalice 2018 522),chalice 2018-522,"Home Recording Studio, Encino Hills, Los Angeles, CA.","Recorded June 28, 2019. File Exported August 7, 2019.","First Previewed June 28, 2019.","Surfaced October 6, 2020.",3:39,Alternate Demo Track ( Open Verse ),Original Files 2117kbps (.wav) 320kbps (.mp3)
1298,OUT,201,Simp' Living At The Top | Simple,Juice WRLD,ForeignGot'Em & JJ Stevens,Max Lord,"Song is unfinished, contains an open verse.",Juice Wrld - simp v1.0 (jj x foreign),jj x foreign,"The Cutting Room Recording Studio, NoHo, New York City, NY.","Recorded October 13, 2019.","First Previewed October 13, 2019.","Surfaced August 30, 2020.",3:54,Throwaway Track ( Open Verse ),Original Files 2117kbps (.wav) 320kbps (.mp3)
1299,OUT,202,Slam Poet Juice Out The Dust,Juice WRLD,Nick Mira,Max Lord,"Song is unfinished, contains an open verse.",Juice Wrld - slam poet juice v1.0 (NM hendrix),Instrumental: NM - Hendrix 140BPM Beat Pack: Nick Mira - Juice WRLD 4.27,"Mondrian Park Avenue Hotel Recording Studio, Midtown Manhattan, New York City, NY.","Recorded May 21-22, 2019.","First Previewed May 30, 2019.","Surfaced March 1, 2022.",4:31,Original Solo Demo Track ( Open Verse ),Original Files 2117kbps (.wav) 320kbps (.mp3)
1300,OUT,203,Soda Pop (feat. Roddy Ricch) Apparent,Juice WRLD,Marshmello,Max Lord & Unknown,Song originally began as a solo Juice WRLD & Marshmello track.,Marshmello x Juicewrld x Roddy,mello juice 5,"Juice's Vocals Rented Home Recording Studio, West Hollywood, Los Angeles, CA.","Juice's Vocals December 19, 2018.",-,"Surfaced October 27, 2021.",3:07,Feature Track ( Complete ),Original File 320kbps (.mp3)
1301,OUT,204,"Speed Me Up (feat. Cordae, Oliver Tree & Wiz Khalifa) [v1] Keep Up Song was originally titled 'Sonic Fries', after the instrumental.",Juice WRLD,Take A Daytrip,Max Lord & Unknown,Song originally began as a solo Juice WRLD track.,Speed Me Up Cordae 11.13.19 44.1,Take A Daytrip - Sonic Fries [inst demo 2],"Juice's Vocals Home Recording Studio, Encino Hills, Los Angeles, CA.","Juice's Vocals November 8, 2019. File Exported November 13, 2019.",-,"Surfaced October 3, 2025.",4:16,Original Feature Demo Track ( Complete ),Original File 160kbps (.mp3)
1302,OUT,205,"Speed Me Up (feat. Cordae, Oliver Tree & Wiz Khalifa) [v2] Keep Up Song was originally titled 'Sonic Fries', after the instrumental.",Juice WRLD,Take A Daytrip,Max Lord & Unknown,Song originally began as a solo Juice WRLD track.,Speed Me Up Cordae 11.13.19 v2 44.1,Take A Daytrip - Sonic Fries [inst demo 2],"Juice's Vocals Home Recording Studio, Encino Hills, Los Angeles, CA.","Juice's Vocals November 8, 2019. File Exported November 13, 2019.",-,"Surfaced October 15, 2025.",4:14,Alternate Feature Demo Track ( Complete ),Original File 160kbps (.mp3)
1303,OUT,206,"Speed Me Up (feat. Lil Yachty & Wiz Khalifa) Keep Up Song was originally titled 'Sonic Fries', after the instrumental.",Juice WRLD,Take A Daytrip,Max Lord & Unknown,Song originally began as a solo Juice WRLD track.,,Take A Daytrip - Sonic Fries [inst demo 2],"Juice's Vocals Home Recording Studio, Encino Hills, Los Angeles, CA.","Juice's Vocals November 8, 2019.",-,"Surfaced April 30, 2021.",4:13,Feature Track ( Complete ),320kbps (.mp3)
1304,OUT,207,"Speed Me Up (feat. Wiz Khalifa) [ v4 ] Keep Up Song was originally titled 'Sonic Fries', after the instrumental.",Juice WRLD,Take A Daytrip,Max Lord & Unknown,Song originally began as a solo Juice WRLD track.,Speed Me Up - Swivel 4,Instrumental: Take A Daytrip - Sonic Fries [inst demo 2] Open Verse File: Speed Me Up Open verse,"Juice's Vocals Home Recording Studio, Encino Hills, Los Angeles, CA.","Juice's Vocals November 8, 2019.",-,"Surfaced September 6, 2025.",3:23,Alternate Feature Demo Track ( Complete ),Original File 320kbps (.mp3)
1305,OUT,208,"Speed Me Up (v1.3) Keep Up Song was originally titled 'Sonic Fries', after the instrumental.",Juice WRLD,Take A Daytrip,Max Lord,-,sonic fries JUICE WRLD v1.3,Take A Daytrip - Sonic Fries [inst demo 2],"Home Recording Studio, Encino Hills, Los Angeles, CA.","Recorded November 8, 2019.",-,"Surfaced August 12, 2023.",3:09,Alternate Solo Demo Track ( Open Verse ),Original Files 2117kbps (.wav) 320kbps (.mp3)
1306,OUT,209,"Speed Me Up (v2) Keep Up Song was originally titled 'Sonic Fries', after the instrumental.",Juice WRLD,Take A Daytrip,Max Lord,-,sonic fries JUICE WRLD v2.0 ruff,Instrumental: Take A Daytrip - Sonic Fries [inst demo 2] Open Verse File: sonic fries JUICE WRLD v1.3,"Home Recording Studio, Encino Hills, Los Angeles, CA.","Verse Beginning November 8, 2019. Additional Verse Vocals November 12, 2019.",-,"Surfaced August 5, 2020.",3:09,Alternate Solo Demo Track ( Open Verse ),Original Files 2304kbps (.wav) 320kbps (.mp3)
1307,OUT,210,Stick*,Juice WRLD,DJ L Beats,Max Lord,-,,,-,-,"First Previewed March 19, 2025.","Surfaced July 11, 2025.",1:54,Throwaway Track ( Complete ),320kbps (.mp3)
1308,OUT,211,Strong Minds Go Berserk | Split Heads Song is untitled.,Juice WRLD,Turbo & Wheezy,Bainz,-,File Name: JUICE WHEEZY Session Title: juice 4.ptx,STRONG MINDS,"Crosby Recording Studio, Burbank, Los Angeles, CA.","Recorded April 10, 2019.","First Previewed October 13, 2019.","Surfaced March 7, 2024. Session Surfaced February 5, 2026.",1:44,Throwaway Track ( Complete ),Studio Session & Original File 320kbps (.mp3)
1309,OUT,212,Substance (v1.1) Double Up | Purple Substance,Juice WRLD,Charlie Handsome & Rex Kudo,Max Lord,-,Juice Wrld - substance v1.1 (blvd3),blvd3 135,"Home Recording Studio, Encino Hills, Los Angeles, CA.","Recorded August 11, 2019.","First Previewed October 12, 2019.","Surfaced August 30, 2020.",3:19,Alternate Solo Demo Track ( Complete ),Original Files 2117kbps (.wav) 320kbps (.mp3)
1310,OUT,213,"Suicidal (Remix) [feat. Juice WRLD] {v1.9} Song was originally titled 'Be Mine', after the instrumental.",YNW Melly,Z3N,"AyoJuan, Chris Perez & Max Lord",Song originally began as a solo YNW Melly track.,YNW Melly Juice WRLD - be mine ML mix v1.9 ruff,MELLY BE MINE,"Melly's Vocals Fine Line Recording Studio, Miami Lakes, Hialeah, FL. Juice's Vocals Home Recording Studio, Encino Hills, Los Angeles, CA.","Melly's Intro, Hook & Verse February 10, 2019. Juice's Hook Ad-Libs & Verse October 7-8, 2019. Juice's Second Verse December 4, 2019.","First Teased October 7-8, 2019.","Surfaced July 24, 2023.",4:00,Alternate Feature Demo & Remix Track ( Complete ),Original File 2304kbps (.wav)
1311,OUT,214,"Swerve* Song is titled 'B861', after the instrumental.",Juice WRLD,Carlton McDowell & SoundsBy8,Max Lord,-,Juice Wrld - b861,b861 - bpm 146 Prod. Car!ton & Okeighteen,"Home Recording Studio, Encino Hills, Los Angeles, CA.","Recorded October 29-30, 2019. File Exported February 16, 2022.","First Previewed October 30, 2019.","Surfaced August 22, 2024.",2:12,Throwaway Track ( Complete ),Original Files 2117kbps (.wav) 320kbps (.mp3)
1312,OUT,215,Tell Me U Luv Me (with Trippie Redd) [v1.1] Tell Me You Love Me,Juice WRLD & Trippie Redd,Nick Mira & ​Oktanner,Max Lord,-,File Name: Juice trippie - tell me u luv me v1.1 (NM surfs) Session Title: NM OK surfs trippie v1.1.ptx Folder Title: NM OK surfs,Instrumental (1): NM x OK - Surfs 128BPM Instrumental (2): Juice trippie - tell me u luv me v1.1 (NM surfs) INSTRU Loop: ok - Surfer Dude 128 Loop Kit: oktanner - Copperfield Beat Pack: Nick Mira - Juice WRLD 10.20,"Home Recording Studio, Encino Hills, Los Angeles, CA.","Trippie's Hook & Juice's Verse October 22, 2019. Juice's Second Verse & Bridge November 9, 2019. File Exported November 18, 2019.","First Previewed November 21, 2019.","Surfaced January 29, 2020. Session Surfaced February 9, 2023.",3:29,Alternate Demo Track ( Complete ),Studio Session & Original Files 2117kbps (.wav) 320kbps (.mp3) 126kbps (.m4a)
1313,OUT,216,Tempted (v1.1),Juice WRLD,Gezin & Max Lord,Max Lord,"Song is unfinished, contains an open verse.",Juice Wrld - tempted v1.1 (MLGZBANNED1),MLGZBANNED1,-,"Recorded March 10-19, 2019.",-,"Surfaced August 8, 2020.",3:47,Alternate Demo Track ( Open Verse ),Original Files 2117kbps (.wav) 320kbps (.mp3)
1314,OUT,217,Thankfully* Pray For Me,Juice WRLD,DY Krazy & TrePounds,Max Lord,-,,,-,-,"First Previewed September 26, 2023.","Surfaced September 30, 2023.",2:11,Throwaway Track ( Complete ),320kbps (.mp3)
1315,OUT,218,The Light (v1.2),Juice WRLD,"Gezin, Hurtboy AG & ManOhManFoster",Max Lord,-,Juice Wrld - the light v1.2 NEVE (argosy 4),argosy 4 gezin foster hurt,"Myconian Avaton Hotel Recording Studio, Elia Beach, Elia, Mykonos, Greece.","Recorded August 20, 2019. File Exported January 18, 2020.","First Previewed August 9, 2020.","Surfaced August 11, 2020.",2:50,Alternate Demo Track ( Complete ),Original File 2117kbps (.wav)
1316,OUT,219,The Party Never Ends ( v1 ) B485 | I See In The Dark | Let The Party Start,Juice WRLD,Carlton McDowell & SoundsBy8,Max Lord,-,,b485 - bpm 140 Prod. Car!ton & Okeighteen,"Rented Private Estate Recording Studio, Bermuda Dunes, CA.","Recorded April 11-21, 2019.","First Previewed June 3, 2021.","Surfaced March 15, 2024.",3:50,Original Demo Track ( Complete ),320kbps (.mp3)
1317,OUT,220,Think Twice (with Lil Duke & Young Thug),"Juice WRLD, Lil Duke & Young Thug",ATL Jacob & French Konnect,Bainz,-,THUG x JUICE x DUKE - THINK TWICE (AtlJ),,"Juice's Vocals Crosby Recording Studio, Burbank, Los Angeles, CA.","Juice's Vocals July 22, 2019. File Exported July 23, 2019.","First Previewed July 23, 2019.","Surfaced September 19, 2024.",3:19,Throwaway Track ( Complete ),Original File 320kbps (.mp3)
1318,OUT,221,Time With You Take My Time,Juice WRLD,Aviator Keyz & Wheezy,Bainz,-,JUICEWRLD - TIME WITH YOU,,"Crosby Recording Studio, Burbank, Los Angeles, CA.","Recorded April 10, 2019.","First Previewed September 26, 2023.","Surfaced March 13, 2024.",1:31,Throwaway Track ( Complete ),Original File 320kbps (.mp3)
1319,OUT,222,Timid Half (v1.1) Cold Winters | Ms. FIFA Song is titled after the instrumental.,Juice WRLD,Bobby Raps & Charlie Handsome,Max Lord,Shares the same instrumental as 'Hourglass' & Mike Stud's 'Learn From Me'.,Juice Wrld - CHB Timidhalf v2 v1.1,CHB timidhalf,"Home Recording Studio, Encino Hills, Los Angeles, CA.","Recorded July 16, 2019. File Exported December 24, 2024.","First Previewed July 16, 2019.","Surfaced February 6, 2026.",3:15,Alternate Demo Track ( Complete ),Original Files 2117kbps (.wav) 320kbps (.mp3)
1320,OUT,223,Titanic (v1) Song was originally called 'Midnight'.,Juice WRLD,"DY Krazy, Maher Woo-Shear & Rex Kudo",Max Lord,-,Juice Wrld - midnight v1.0 (DYLONDONVIBE12rex),DYLONDONVIBE12rex,"Home Recording Studio, Encino Hills, Los Angeles, CA.","Recorded July 16, 2019.","First Teased October 9, 2019.","Surfaced January 22, 2023.",2:56,Original Demo Track ( Complete ),Original Files 2117kbps (.wav) 320kbps (.mp3) 125kbps (.m4a)
1321,OUT,224,Toe To Toe Ferrari Spider,Juice WRLD,Wheezy,Bainz,"Song is unfinished, contains an open verse.",JUICEWRLD x WHEEZY- TOE TO TOE (BAINZRUFF),,"Crosby Recording Studio, Burbank, Los Angeles, CA.","Recorded April 10, 2019.","First Previewed June 8, 2019.","Surfaced August 22, 2024.",2:24,Throwaway Track ( Open Verse ),Original File 320kbps (.mp3)
1322,OUT,225,Too Many (v1.2) 2Many | Way Too Many,Juice WRLD,DJ Scheme & Nuri,Max Lord,-,Juice Wrld - too many v1.2 (darkalone scheme),Darkalone_Nuri_138,"The Dupont Circle Hotel Recording Studio, Downtown, Washington DC, WA.","Recorded May 17, 2019. File Exported May 20-23, 2019.","First Previewed May 23, 2019.","Surfaced March 4, 2021.",5:33,Alternate Demo Track ( Complete ),Original Files 2117kbps (.wav) 320kbps (.mp3)
1323,OUT,226,Trail In My Head Song is titled after the instrumental.,Juice WRLD,Nick Mira,Max Lord,-,,Instrumental: NM - Trail 158BPM Beat Pack: Nick Mira - Juice WRLD 10.20,"Home Recording Studio, Encino Hills, Los Angeles, CA.","Recorded October 21, 2019.","First Previewed January 31, 2024.","Surfaced May 20, 2025.",2:11,Throwaway Track ( Complete ),320kbps (.mp3)
1324,OUT,227,Tribe,Juice WRLD,Rex Kudo,Matteo Galesi,-,REX X JUICE X MIA - TRIBE ORIGINAL VOCALS,,"Matteo Galesi's Tileyard Recording Studio, London, England.","Recorded July 9, 2019.","First Previewed July 14, 2019.","Surfaced August 22, 2022.",1:35,Original Solo Demo Track ( Complete ),Original File 320kbps (.mp3)
1325,OUT,228,Tropical Storm Thrift Song is titled after the instrumental.,Juice WRLD,Wheezy,Max Lord,Shares the same instrumental as 'Tropical Storm 2'.,,tropical storm,"Home Recording Studio, Encino Hills, Los Angeles, CA.","Recorded July 18, 2019.","First Previewed July 18, 2019.","Surfaced January 25, 2026.",1:51,Throwaway Track ( Complete ),320kbps (.mp3)
1326,OUT,229,Tropical Storm 2 (v1.3) I Wonder Song is titled after the instrumental.,Juice WRLD,Wheezy,Max Lord,Shares the same instrumental as 'Tropical Storm'.,Juice Wrld -TROPICAL STORM wheezy v1.3,tropical storm,"Home Recording Studio, Encino Hills, Los Angeles, CA.","Recorded July 23, 2019.",-,"Surfaced August 26, 2021.",2:22,Alternate Demo Track ( Open Verse ),Original Files 2117kbps (.wav) 320kbps (.mp3)
1327,OUT,230,Uncanny My Year,Juice WRLD,Nick Mira,Max Lord,Shares the same instrumental as The Kid LAROI's 'Time'.,Juice WRLD - uncanny v1.0 LIM (NM Doves mstr),Instrumental: NM - Doves 155BPM Beat Pack: Nick Mira - Juice WRLD 3.18,"DoubleTree Hotel Recording Studio, Dommeldange, Luxembourg.","Recorded March 20, 2019.",-,"Surfaced January 23, 2021.",3:27,Throwaway Track ( Complete ),Original Files 2117kbps (.wav) 320kbps (.mp3)
1328,OUT,231,Unexplainable (feat. The Kid LAROI) [v1.5] Look Again,Juice WRLD & The Kid LAROI,Nick Mira & Sullivan King,Max Lord,"Shares the same sample as Convolk's 'Lonewolf', Tocka's 'Jaguar' & NEFFEX's 'Graveyard'. Song originally began as a solo Juice WRLD track.",Juice Wrld Laroi - unexplainable v1.5 (NM Systems),Instrumental: NM - Systems 174BPM Loop: SK_guitar_loop_clean_sore_174_C Loop Kit: Splice Originals - Fear the Rock ft. Sullivan King and KJ Sawka,"Juice's Vocals Home Recording Studio, Encino Hills, Los Angeles, CA.","Juice's Vocals August 6, 2019. LAROI's Vocals August 11, 2019.",-,"Surfaced July 7, 2020.",3:02,Alternate Feature Demo Track ( Complete ),Original Files 2117kbps (.wav) 320kbps (.mp3)
1329,OUT,232,Unexplainable (v1.1) Look Again,Juice WRLD,Nick Mira & Sullivan King,Max Lord,"Shares the same sample as Convolk's 'Lonewolf', Tocka's 'Jaguar' & NEFFEX's 'Graveyard'.",Juice Wrld - Unexplainable v1.1 (systems),Instrumental: NM - Systems 174BPM Loop: SK_guitar_loop_clean_sore_174_C Loop Kit: Splice Originals - Fear the Rock ft. Sullivan King and KJ Sawka,"Home Recording Studio, Encino Hills, Los Angeles, CA.","Recorded August 6, 2019.","First Previewed August 6, 2019.","Surfaced May 8, 2023.",1:51,Original Solo Demo Track ( Complete ),Original Files 2117kbps (.wav) 320kbps (.mp3)
1330,OUT,233,Until The Plug Comes Back Around (v1.2) Song was originally called 'Ration'.,Juice WRLD,"Audio Jacc, Gezin, Max Lord & No Love For The Middle Child",Max Lord,"Song is unfinished, contains an open verse.",Juice Wrld - ration v1.2 (jga 1 gezin),Instrumental: jga 1 Loop: night in london_143BPM_Dm - Part_1 Instrumental Stems: jga 1_2,"Home Recording Studio, Encino Hills, Los Angeles, CA.","Recorded October 7-8, 2019. File Exported February 26, 2020.","First Previewed October 8, 2019.","Surfaced August 17, 2020.",3:34,Alternate Demo Track ( Open Verse ),Original File 2117kbps (.wav)
1331,OUT,234,Up Up And Away (v1.3) Song was originally called 'Up And Away'.,Juice WRLD,"Charlie Handsome, Joe Reeves & Rex Kudo",Max Lord,"Song is unfinished, contains an open verse.",Juice Wrld - up and away v1.3 (CHRJ WhyKIKI rex),Instrumental: CHRJ WhyKIKI 150 Instrumental Stems: CHRJ WhyKIKI,"Home Recording Studio, Encino Hills, Los Angeles, CA.","Recorded September 17-18, 2019. File Exported September 18, 2019.","First Previewed September 17-18, 2019.","Surfaced February 23, 2023.",3:21,Alternate Demo Track ( Open Verse ),Original Files 2117kbps (.wav) 320kbps (.mp3)
1332,OUT,235,Up Up And Away (v1.4) Song was originally called 'Up And Away'.,Juice WRLD,"Charlie Handsome, Joe Reeves & Rex Kudo",Max Lord,"Song is unfinished, contains an open verse.",Juice Wrld - up and away v1.4 pre hook (CHRJ WhyKIKI rex),Instrumental: CHRJ WhyKIKI 150 Instrumental Stems: CHRJ WhyKIKI,"Home Recording Studio, Encino Hills, Los Angeles, CA.","Recorded September 17-18, 2019. File Exported September 25, 2019.",-,"Surfaced February 23, 2023.",3:34,Alternate Demo Track ( Open Verse ),Original File 2117kbps (.wav)
1333,OUT,236,Up Up And Away (v1.5) Song was originally called 'Up And Away'.,Juice WRLD,"Charlie Handsome, Joe Reeves & Rex Kudo",Max Lord,"Song is unfinished, contains an open verse.",Juice Wrld - up and away v1.5 pre hook (CHRJ WhyKIKI rex),Instrumental: CHRJ WhyKIKI 150 Instrumental Stems: CHRJ WhyKIKI,"Home Recording Studio, Encino Hills, Los Angeles, CA.","Recorded September 17-18, 2019. File Exported September 25, 2019.",-,"Surfaced January 9, 2020.",3:34,Alternate Demo Track ( Open Verse ),Original File 2117kbps (.wav) 128kbps (.m4a)
1334,OUT,237,USD (v1.1) Paranoia Highs,Juice WRLD,Nick Mira & Pearl Lion,Max Lord,-,Juice Wrld - USD v1.1 (NM africa),Instrumental: NM x J.Scharff - Africa 160BPM Loop: Africa_PearlLion_Gtr_160bpm Loop Kit: Pearl Lion - Pearl Lion_Gtr Folder_Jaredscharff@gmail.com_Pack 8 ATL Beat Pack: Nick Mira - Juice WRLD 3.18,"Mercure Hotel Recording Studio, Omval, Amsterdam, Netherlands.","Recorded March 25, 2019.","First Previewed March 25, 2019. First Teased March 27, 2019.","Surfaced November 28, 2023.",3:36,Alternate Demo Track ( Complete ),Original Files 2117kbps (.wav) 320kbps (.mp3)
1335,OUT,238,Vegetarians (v1.1) Praying To God,Juice WRLD,Dorien Theus & Nick Mira,Max Lord,Shares the same instrumental as Pollari's 'Everyday'.,Juice Wrld - vegetarians v1.1 (NM Fakes),Instrumental: NM x DT - Fakes 150BPM Loop: dt - fakesh!t 150 Loop Kit: DT - Remix Beat Pack: Nick Mira - Juice WRLD 3.18,"Mercure Hotel Recording Studio , Omval , Amsterdam , Netherlands .","Recorded March 25, 2019. File Exported March 30-31, 2019.","First Previewed December 8, 2023.","Surfaced March 12, 2024.",3:37,Alternate Demo Track ( Complete ),Original Files 2117kbps (.wav) 320kbps (.mp3)
1336,OUT,239,Wait 4 Me (v1.1) 808 Freestyle | Wait For Me | Split My Brains,Juice WRLD,"Max Lord, Rex Kudo & Southside",Max Lord,Shares a very similar instrumental with Pyrex's 'Break Through'.,Juice Wrld - wait 4 me v1.1 (SML39rex),SML39REX,"Home Recording Studio, Encino Hills, Los Angeles, CA.","Recorded June 27, 2019.","First Previewed July 2, 2019.","Surfaced March 9, 2022.",3:11,Alternate Solo Demo Track ( Complete ),Original Files 2117kbps (.wav) 320kbps (.mp3)
1337,OUT,240,Watch Your Step*,Juice WRLD,KBeaZy & Rio Leyva,Max Lord,-,,KBeaZy - shut the fuck up 130 w Rio (hard),"Home Recording Studio, Encino Hills, Los Angeles, CA.","Recorded December 5-6, 2019.","First Previewed January 31, 2024.","Surfaced September 24, 2024.",2:42,Throwaway Track ( Complete ),320kbps (.mp3)
1338,OUT,241,"We Don't Get Along (v1.1) Song was originally titled 'Random Own Guitar Beat', after the instrumental.",Juice WRLD,Marshmello,Max Lord,-,Juice Wrld mello random own guitar beat v1.1,random own guitar beat,"Home Recording Studio, Encino Hills, Los Angeles, CA.","Recorded November 10-11, 2019. File Exported July 18, 2020.","First Previewed November 11, 2019.","Surfaced September 1, 2020.",2:29,Alternate Demo Track ( Complete ),Original Files 2117kbps (.wav) 320kbps (.mp3)
1339,OUT,242,What's Brakkin'? (with Offset) [v2],Juice WRLD & Offset,Rex Kudo & Topp,Max Lord,-,Juice Wrld Offset - whats brakkin v2.0 (RK KK 34),RK KK 34,"Home Recording Studio, Encino Hills, Los Angeles, CA.","Recorded June 25, 2019.","First Previewed September 19, 2019. First Teased December 9, 2019.","Surfaced September 25, 2020.",3:43,Alternate Demo Track ( Complete ),Original Files 2117kbps (.wav) 320kbps (.mp3)
1340,OUT,243,Whatcha On*,Juice WRLD,DJ Victoriouz,Max Lord,-,,,"Dream Midtown Hotel Recording Studio , Midtown Manhattan , New York City , NY .","Recorded April 3, 2019.","First Previewed September 26, 2023. First Teased May 3, 2019.","Surfaced October 18, 2023.",2:05,Throwaway Track ( Complete ),320kbps (.mp3)
1341,OUT,244,Where To Go*,Juice WRLD,"Captain Cuts, Nick Mira & Unknown",Max Lord,"Song is unfinished, hook only.",,Instrumental: NM - Bouncethat 90BPM Loop: CAPTAIN CUTS synth loop bounce that 90 Bmaj Loop Kit: Splice Originals - Captain Cuts Sample Pack Vol 1 Beat Pack: Nick Mira - Juice WRLD 10.20,"Home Recording Studio, Encino Hills, Los Angeles, CA.","Recorded October 23, 2019.","First Previewed October 23, 2019.","Surfaced January 30, 2024.",2:45,Throwaway Track ( Hook Only ),320kbps (.mp3)
1342,OUT,245,Who Can You Tell?*,Juice WRLD,"Bobby Raps, Rex Kudo & Wheezy",Max Lord,Shares the same instrumental as Octavian's 'Stare'.,,,"Home Recording Studio, Encino Hills, Los Angeles, CA.","Recorded September 18-19, 2019.","First Previewed January 31, 2024.","Surfaced January 13, 2026.",1:57,Throwaway Track ( Complete ),320kbps (.mp3)
1343,OUT,246,whoa (mind in awe) [Remix] {feat. Juice WRLD} ( v1 ) Woah,XXXTENTACION,John Cunningham,John Cunningham & Max Lord,Song originally began as a solo XXXTENTACION track.,whoa,Loop: TBF Pluck 160 Ravizza F#m,"Juice's Vocals DoubleTree Hotel Recording Studio, Dommeldange, Luxembourg.","Juice's Vocals March 19-20, 2019.","First Previewed March 20, 2019. First Teased July 6, 2020.","Surfaced September 3, 2024.",3:12,Original Feature Demo & Remix Track ( Complete ),Original File 320kbps (.mp3)
1344,OUT,247,Wild*,Juice WRLD,Zaytoven,Max Lord,Shares the same instrumental as Lil Keed & Lil Yachty's 'Hightop Shoes'.,,,-,-,"First Previewed September 19, 2024.","Surfaced January 25, 2026.",2:20,Throwaway Track ( Complete ),320kbps (.mp3)
1345,OUT,248,Xmas List Christmas List,Juice WRLD,DY Krazy & Rex Kudo,Max Lord,-,Juice Wrld - xmas list v1.0 (DYBH29REX),DYBH29REX,-,"Recorded March 1-11, 2019. File Exported March 25, 2019.","First Previewed March 25, 2019.","Surfaced May 3, 2022.",3:24,Throwaway Track ( Complete ),Original Files 2117kbps (.wav) 320kbps (.mp3)
1346,OUT,249,Zoom (v1.3),Juice WRLD,"Carlton McDowell, Max Lord & PVLACE",Max Lord,"Song is unfinished, contains an open verse.",Juice Wrld - zoom v1.3 (margate 172),Instrumental: margate 172 Loop : 6. genelc145bpm_pvlace,-,"File Exported October 29, 2019.",-,"Surfaced June 5, 2022.",3:35,Alternate Demo Track ( Open Verse ),Original Files 2117kbps (.wav) 320kbps (.mp3)
1348,OUT,1,Blood On My Jeans (v1.1) Song was originally called 'On The Run'.,Juice WRLD,"Gezin, Max Lord & Strapazoot",Max Lord,"Song is unfinished, contains an open verse.",Session Title: xr 11 GZ v1.1 on the run.ptx Folder Title: xr 11 GZ,Instrumental: Xr 11 GZ Instrumental Stems: Xr 11,"The Westin Hotel Recording Studio, Palo Alto, San Jose, CA.","Recorded July 14, 2019.",-,"Surfaced June 22, 2022. Session Surfaced June 22, 2022.",4:20,Alternate Demo Track ( Unexported ) [ Open Verse ],Studio Session & Pro Tools Export
1349,OUT,2,Blood On My Jeans (v1) Song was originally called 'On The Run'.,Juice WRLD,"Gezin, Max Lord & Strapazoot",Max Lord,"Song is unfinished, contains an open verse.",Session Title: xr 11 GZ v1.0 on the run.ptx Folder Title: xr 11 GZ,Instrumental: Xr 11 GZ Instrumental Stems: Xr 11,"The Westin Hotel Recording Studio, Palo Alto, San Jose, CA.","Recorded July 14, 2019.",-,"Surfaced June 22, 2022. Session Surfaced June 22, 2022.",3:00,Original Demo Track ( Unexported ) [ Open Verse ],Studio Session & Pro Tools Export
1350,OUT,3,Blood On My Jeans (v2) Song was originally called 'On The Run'.,Juice WRLD,"Gezin, Max Lord & Strapazoot",Max Lord,"Song is unfinished, contains an open verse.",Session Title: xr 11 GZ v2.0 on the run.ptx Folder Title: xr 11 GZ,Instrumental: Xr 11 GZ Instrumental Stems: Xr 11,"The Westin Hotel Recording Studio, Palo Alto, San Jose, CA.","Recorded July 14, 2019.",-,"Surfaced June 22, 2022. Session Surfaced June 22, 2022.",5:41,Alternate Demo Track ( Unexported ) [ Open Verse ],Studio Session & Pro Tools Export
1351,OUT,4,Blue Day (v1.1) Halo,Juice WRLD,Styn,Max Lord,-,Session Title: COMPUTER styn v1.1 blue day .ptx Folder Title: COMPUTER styn,COMPUTER [PROD STYN],"Dream Midtown Hotel Recording Studio, Midtown Manhattan, New York City, NY.","Recorded April 1, 2019.",-,"Surfaced January 25, 2026. Session Surfaced January 25, 2026.",3:33,Alternate Demo Track ( Unexported ) [ Open Verse ],Studio Session & Pro Tools Export
1352,OUT,5,Blue Day (v1) Halo,Juice WRLD,Styn,Max Lord,-,Session Title: COMPUTER styn v1.0blue day .ptx Folder Title: COMPUTER styn,COMPUTER [PROD STYN],"Dream Midtown Hotel Recording Studio, Midtown Manhattan, New York City, NY.","Recorded April 1, 2019.",-,"Surfaced January 25, 2026. Session Surfaced January 25, 2026.",3:33,Original Demo Track ( Unexported ) [ Open Verse ],Studio Session & Pro Tools Export
1353,OUT,6,Tell Me U Luv Me (with Trippie Redd) [v1] Tell Me You Love Me,Juice WRLD & Trippie Redd,Nick Mira & ​Oktanner,Max Lord,-,Session Title: NM OK surfs trippie v1.0.ptx Folder Title: NM OK surfs,Instrumental: NM x OK - Surfs 128BPM Loop: ok - Surfer Dude 128 Loop Kit: oktanner - Copperfield Beat Pack: Nick Mira - Juice WRLD 10.20,"Home Recording Studio, Encino Hills, Los Angeles, CA.","Recorded October 22, 2019.",-,"Surfaced February 9, 2023. Session Surfaced February 9, 2023.",3:30,Original Demo Track ( Unexported ) [ Open Verse ],Studio Session & Pro Tools Export
1354,OUT,7,Your Mom (v1) Baked Up | Ur Mom Song was originally untitled.,Juice WRLD,Styn,Max Lord,-,Session Title: RIDDER TIJD styn v1.0.ptx Folder Title: RIDDER TIJD styn,RIDDER TIJD [prod by styn],"Rented Private Estate Recording Studio, Bermuda Dunes, CA.","Recorded April 19, 2019.","First Previewed April 19, 2019. First Teased April 19, 2019.","Surfaced January 25, 2026. Session Surfaced January 25, 2026.",2:35,Original Demo Track ( Unexported ) [ Complete ],Studio Session & Pro Tools Export
1356,POST,1,27 Club (v2) Show Me Love,Juice WRLD,Mitch Mula,Mitch Mula,-,Juice Wrld - 27 club 24bit MASTER,,"Private Stock Recording Studio, Mayfair, Chicago, IL.","File Exported November 7, 2024.",-,"Surfaced August 17, 2025.",2:08,Alternate Demo Track,Original File 2304kbps (.wav)
1357,POST,2,734 (v2) 7.3.4 | 7/3/4 | Think Too Much,Juice WRLD,InpyJK & Nick Mira,BJ Mekk,-,File Name: Juice WRLD - 7.3.4 Session Title: Juice WRLD - 7/3/4.ptx,Instrumental: NM - Morgue 157BPM Loop: Guitar Theme Beat Pack: NM - Juice 5.16,"Paramount Ameraycan Recording Studio, North Hollywood, Los Angeles, CA.","Recorded May 21-22, 2018. File Exported February 3, 2020.","First Previewed September 20, 2020.","Surfaced September 27, 2020. Session Surfaced December 29, 2020.",3:15,Alternate Demo Track,Studio Session & Original File 3072kbps (.wav)
1358,POST,3,All Girls Are The Same 2 (Insecure) [ v2 ] AGATS ( Pt. 2 ) | Same ( Pt. 2 ) Song was originally called 'Insecurities'.,Juice WRLD,Louis Bell,Louis Bell & Unknown,Sequel track to 'All Girls Are The Same'.,All Girls Are The Same (Part 2) (9.12.24) (Mix 1),,"Electric Feel Recording Studio, West Hollywood, Los Angeles, CA.","Recorded March 1, 2018. File Exported September 12, 2024.",-,"Surfaced September 18, 2025.",2:35,Alternate Solo Demo Track,Original File 2117kbps (.wav)
1359,POST,4,All Life Long (feat. Kid Cudi) [v1.2] Good Time,Juice WRLD,Dot Da Genius & Take A Daytrip,Max Lord & Unknown,Song originally began as a solo Juice WRLD track.,Juice Wrld - all life long v2.2 Cudi (lil steak),Instrumental: lil steak daytrip Beat Pack: Take A Daytrip for Juice Wrld (Pack 5),"Juice's Vocals Fordson Hotel Recording Studio, Central, Oklahoma City, OK.","Juice's Vocals June 11, 2019.",-,"Surfaced July 12, 2020.",3:53,Alternate Feature Demo Track,Original File 320kbps (.mp3)
1360,POST,5,All Life Long (feat. Kid Cudi) [v1.3] Good Time,Juice WRLD,Dot Da Genius & Take A Daytrip,"Manny Marroquin, Max Lord & Unknown",Song originally began as a solo Juice WRLD track.,File Name (Explicit) [1]: Juice Wrld - all life long v2.3 Cudi File Name (Explicit) [2]: ALL LIFE LONG MAIN File Name (Explicit) [3]: PO-ALL LIFE LONG (DT VER)-mix.1.replay.MAIN File Name (Clean): ALL LIFE LONG CLEAN Session Title: PO-ALL LIFE LONG-MULTI.ptx,Instrumental (1): lil steak daytrip Instrumental (2): ALL LIFE LONG INSTR,"Juice's Vocals Fordson Hotel Recording Studio, Central, Oklahoma City, OK.","Juice's Vocals June 11, 2019. Explicit Files Exported December 1, 2021. Clean File Exported December 9, 2021. Acapella File Exported January 7, 2022.",-,"Surfaced November 16, 2022.",3:31,Alternate Feature Demo Track,Trackout Edits & Original Files 2117kbps (.wav)
1361,POST,6,All Life Long (feat. Kid Cudi) [ v4 ] Good Time,Juice WRLD,Dot Da Genius & Take A Daytrip,Max Lord & Unknown,Song originally began as a solo Juice WRLD track.,All Life Long [demo 3],Instrumental: lil steak daytrip Beat Pack: Take A Daytrip for Juice Wrld (Pack 5),"Juice's Vocals Fordson Hotel Recording Studio, Central, Oklahoma City, OK.","Juice's Vocals June 11, 2019. File Exported November 30, 2021.",-,"Surfaced November 1, 2022.",3:31,Alternate Feature Demo Track,Trackout Edits & Original File 2117kbps (.wav)
1362,POST,7,All Life Long (feat. Kid Cudi) [ v6 ] Good Time,Juice WRLD,Dot Da Genius & Take A Daytrip,Max Lord & Unknown,Song originally began as a solo Juice WRLD track.,all life long + outro_1.1,Instrumental: lil steak daytrip Beat Pack: Take A Daytrip for Juice Wrld (Pack 5),"Juice's Vocals Fordson Hotel Recording Studio, Central, Oklahoma City, OK.","Juice's Vocals June 11, 2019.",-,"Surfaced December 28, 2025.",4:37,Alternate Feature Demo Track,Original File 320kbps (.mp3)
1363,POST,8,All Talk (feat. Roddy Ricch) Bankroll,Juice WRLD & Roddy Ricch,G. Ry & Hit-Boy,Max Lord & Unknown,Song originally began as a solo Juice WRLD track.,Juice Wrld roddy - all talk v1.0,chalice 2018-260,"Juice's Vocals Blue Room West Recording Studio, West Hollywood, Los Angeles, CA.","Juice's Vocals January 23, 2019.",-,"Surfaced December 9, 2024.",2:24,Feature Track,Original File 320kbps (.mp3)
1364,POST,9,Animal (feat. Chris Brown & Joyner Lucas) But How?,Juice WRLD,"Diego Ave, Earl Hood, Eric Goudy, JRHITMAKER, Mally Mall & Unknown",2Fly & Unknown,Song originally began as a solo Juice WRLD track.,,Loop: AIRBORN 157 BPM,"Juice's Vocals Paramount Recording Studio, Santa Monica, Los Angeles, CA.","Juice's Vocals July 9, 2019.","First Previewed July 21, 2025.","Surfaced July 23, 2025.",3:18,Feature Track,320kbps (.mp3)
1365,POST,10,Animal ( v5 ) But How?,Juice WRLD,"Diego Ave, Earl Hood, Eric Goudy, JRHITMAKER, Mally Mall & Unknown",2Fly & Unknown,-,,Loop: AIRBORN 157 BPM,"Paramount Recording Studio, Santa Monica, Los Angeles, CA.","Recorded July 9, 2018.",-,"Surfaced December 22, 2020.",1:50,Alternate Solo Demo Track,128kbps (.mp3)
1366,POST,11,Another One (feat. SAFE) DJ Khaled,Juice WRLD,"Chase Davis, FreebandE & Sonic",Chris Barnett & SAFE,Song originally began as a solo Juice WRLD track.,,Chase x Sonic - Citgo,"Juice's Vocals Glass Tree Creative Recording Studio, Downtown, Chicago, IL.","Juice's Vocals January 28, 2018.",-,"Surfaced March 20, 2023.",3:02,Throwaway Track,256kbps (.mp3)
1367,POST,12,Another Way (v2),Juice WRLD,Nick Mira,BJ Mekk,"Song is unfinished, contains an open verse.",File Name: Juice Wrld - Another Way Session Title: Juice Wrld - Another Way.ptx,Instrumental: NM - Avenge 153BPM Loop: NM - Primo 150BPM Loop Kit: Nick Mira - Durango Beat Pack: NM - Juice 5.16,"Paramount Ameraycan Recording Studio, North Hollywood, Los Angeles, CA.","Recorded May 23, 2018. File Exported February 3, 2020.",-,"Surfaced August 10, 2021. Session Surfaced August 10, 2021.",4:36,Alternate Demo Track ( Open Verse ),Studio Session & Original Files 3072kbps (.wav) 320kbps (.mp3)
1368,POST,13,Antisocial (feat. Juice WRLD) [ v1 ],Migos,Murda Beatz & Sool Got Hits,James Kang & Unknown,The song reuses Juice WRLD & Takeoff's vocals from 'In A Minute'.,Takeoff Ft JuiceWorld - Antisocial all 3 v1,,"Juice's Vocals Blue Room West Recording Studio, West Hollywood, Los Angeles, CA.","Juice's Vocals March 3, 2018. File Exported March 23, 2020.",-,"Surfaced December 17, 2025.",6:10,Original Feature Demo Track,Original File 2304kbps (.wav)
1369,POST,14,Bad Boy (with Young Thug) [v4] [Mix 10],Juice WRLD & Young Thug,Pi'erre Bourne,Bainz & Max Lord,Shares a very similar instrumental with Yeat's '2ÜP (Bad Boy Remix)'.,THUG x JUICEWRLD - BAD BOY v4 ML mix v10,Instrumental: juul10_inst full Loop: juul10_guitar loop Instrumental Stems: juul10,"Intro, Hook, Post-Hook & Thug's Verse Crosby Recording Studio, Burbank, Los Angeles, CA.","Intro, Hook, Post-Hook & Thug's Verse April 10, 2019. Juice's Verse October 25, 2019.",-,"Surfaced September 5, 2023.",2:44,Alternate Demo Track,Original File 320kbps (.mp3)
1370,POST,15,Bad Boy (with Young Thug) [v4] [Mix 11],Juice WRLD & Young Thug,Pi'erre Bourne,Bainz & Max Lord,Shares a very similar instrumental with Yeat's '2ÜP (Bad Boy Remix)'.,THUG x JUICEWRLD - BAD BOY v4 ML mix v11,Instrumental: juul10_inst full Loop: juul10_guitar loop Instrumental Stems: juul10,"Intro, Hook, Post-Hook & Thug's Verse Crosby Recording Studio, Burbank, Los Angeles, CA.","Intro, Hook, Post-Hook & Thug's Verse April 10, 2019. Juice's Verse October 25, 2019. File Exported July 7, 2020.",-,"Surfaced March 14, 2023.",2:47,Alternate Demo Track,Original Files 2117kbps (.wav) 320kbps (.mp3)
1371,POST,16,Bad Boy (with Young Thug) [v4] [Mix 11] {Pre-Master},Juice WRLD & Young Thug,Pi'erre Bourne,Bainz & Max Lord,Shares a very similar instrumental with Yeat's '2ÜP (Bad Boy Remix)'.,THUG x JUICEWRLD - BAD BOY v4 ML mix v11 premaster,Instrumental: juul10_inst full Loop: juul10_guitar loop Instrumental Stems: juul10,"Intro, Hook, Post-Hook & Thug's Verse Crosby Recording Studio, Burbank, Los Angeles, CA.","Intro, Hook, Post-Hook & Thug's Verse April 10, 2019. Juice's Verse October 25, 2019. File Exported July 7, 2020.",-,"Surfaced March 14, 2023.",2:47,Alternate Demo Track,Original File 2117kbps (.wav)
1372,POST,17,Bad Boy (with Young Thug) [v4] [Mix 12] {Pre-Master},Juice WRLD & Young Thug,Pi'erre Bourne,Bainz & Max Lord,Shares a very similar instrumental with Yeat's '2ÜP (Bad Boy Remix)'.,THUG x JUICEWRLD - BAD BOY v4 ML mix v12 premaster,Instrumental: juul10_inst full Loop: juul10_guitar loop Instrumental Stems: juul10,"Intro, Hook, Post-Hook & Thug's Verse Crosby Recording Studio, Burbank, Los Angeles, CA.","Intro, Hook, Post-Hook & Thug's Verse April 10, 2019. Juice's Verse October 25, 2019. File Exported December 18, 2020.",-,"Surfaced June 8, 2025.",2:53,Alternate Demo Track,Original File 2117kbps (.wav)
1373,POST,18,Bad Boy (with Young Thug) [v4] [Mix 13] {Pre-Master},Juice WRLD & Young Thug,Pi'erre Bourne,Bainz & Max Lord,Shares a very similar instrumental with Yeat's '2ÜP (Bad Boy Remix)'.,THUG x JUICEWRLD - BAD BOY v4 ML mix v13 premaster,Instrumental: juul10_inst full Loop: juul10_guitar loop Instrumental Stems: juul10,"Intro, Hook, Post-Hook & Thug's Verse Crosby Recording Studio, Burbank, Los Angeles, CA.","Intro, Hook, Post-Hook & Thug's Verse April 10, 2019. Juice's Verse October 25, 2019. File Exported December 18, 2020.",-,"Surfaced June 8, 2025.",2:47,Alternate Demo Track,Original File 2117kbps (.wav)
1374,POST,19,Bad Boy (with Young Thug) [v4] [Mix 8],Juice WRLD & Young Thug,Pi'erre Bourne,Bainz & Max Lord,Shares a very similar instrumental with Yeat's '2ÜP (Bad Boy Remix)'.,THUG x JUICEWRLD - BAD BOY v4 ML mix v8,Instrumental: juul10_inst full Loop: juul10_guitar loop Instrumental Stems: juul10,"Intro, Hook, Post-Hook & Thug's Verse Crosby Recording Studio, Burbank, Los Angeles, CA.","Intro, Hook, Post-Hook & Thug's Verse April 10, 2019. Juice's Verse October 25, 2019.",-,"Surfaced September 5, 2023.",2:44,Alternate Demo Track,Original File 320kbps (.mp3)
1375,POST,20,Bad Boy (with Young Thug) [v4] [Mix 9],Juice WRLD & Young Thug,Pi'erre Bourne,Bainz & Max Lord,Shares a very similar instrumental with Yeat's '2ÜP (Bad Boy Remix)'.,THUG x JUICEWRLD - BAD BOY v4 ML mix v9,Instrumental: juul10_inst full Loop: juul10_guitar loop Instrumental Stems: juul10,"Intro, Hook, Post-Hook & Thug's Verse Crosby Recording Studio, Burbank, Los Angeles, CA.","Intro, Hook, Post-Hook & Thug's Verse April 10, 2019. Juice's Verse October 25, 2019.",-,"Surfaced September 5, 2023.",2:44,Alternate Demo Track,Original File 320kbps (.mp3)
1376,POST,21,Bad Energy (v1.2),Juice WRLD,Blake Slatkin & Take A Daytrip,Max Lord,-,Juice Wrld - bad energy v1.2 (popcorn daytrip),Instrumental (1): popcorn daytrip Instrumental (2): Juice Wrld - bad energy v1.2 (popcorn daytrip) INSTRUMENTAL Beat Pack: Take A Daytrip for Juice Wrld (Pack 5),"Home Recording Studio, Encino Hills, Los Angeles, CA.","Recorded June 24, 2019. Files Exported April 15, 2020.",-,"Surfaced April 8, 2023.",3:14,Alternate Demo Track ( Complete ),Original Files 2117kbps (.wav) 320kbps (.mp3)
1377,POST,22,Bad Energy ( v3 ),Juice WRLD,Blake Slatkin & Take A Daytrip,Max Lord & Unknown,-,Take A Daytrip x Blake Slatkin x Juice Wrld - Bad Energy [demo 2],Instrumental: popcorn daytrip Beat Pack: Take A Daytrip for Juice Wrld (Pack 5),"Home Recording Studio, Encino Hills, Los Angeles, CA.","Recorded June 24, 2019. .L/.R Files Exported July 1, 2020.",-,"Surfaced January 24, 2024.",3:07,Alternate Demo Track,Original Files .L/.R 1058kbps (.wav)
1378,POST,23,Believe In Me (with Joey88) [v2],Juice WRLD & Joey88,Joey88,Juice WRLD & Marcus Gibson,"Song is unfinished, contains an open verse.",File Name: Believe In Me Session Title: believe in me.ptx,100BPM,"Unhkl Flex's Home Recording Studio, Matteson, Chicago, IL.","Recorded December 11, 2017.",-,"Surfaced November 28, 2023. Session Surfaced May 18, 2024.",3:12,Alternate Demo Track ( Open Verse ),Studio Session & Original File 320kbps (.mp3)
1379,POST,24,Benjamin (Friends With Benefits) [v1.1] Benji | Rick Ross,Juice WRLD,Purps On The Beat,Max Lord,-,File Name: sawthru purps juice v1.1 benji friends with benefits Folder Title: sawthru purps juice,sawthruNOTAG140,"Metropolis Recording Studio, Chiswick, London, England.","Recorded September 21, 2018. File Exported February 19, 2023.","First Previewed March 19, 2025.","Surfaced January 17, 2026.",3:08,Alternate Demo Track ( Complete ),Studio Session & Original Files 2117kbps (.wav)
1380,POST,25,Big Swag (v2),Juice WRLD,Chris Neal & Nick Mira,BJ Mekk,-,File Name: Juice Wrld - Big Swag (Rough) Session Title: Juice Wrld - Big Swag.ptx,Instrumental: NM - Rigged 158BPM Loop: Delay-Dream Guitar Beat Pack: NM - Juice 5.16,"Paramount Ameraycan Recording Studio, North Hollywood, Los Angeles, CA.","Recorded May 27, 2018. File Exported February 3, 2020.",-,"Surfaced February 20, 2021. Session Surfaced February 20, 2021.",4:03,Alternate Demo Track,Studio Session & Original Files 3072kbps (.wav) 320kbps (.mp3)
1381,POST,26,Blood On My Jeans (feat. Gunna) [v1] Song was originally called 'On The Run'.,Juice WRLD,"Gezin, Max Lord & Strapazoot","Max Lord, Madison Blackheart & Turbo",Song originally began as a solo Juice WRLD track.,JUICE WRLD - ON THE RUN x GUNNA-1 2,Instrumental: Xr 11 GZ Open Verse File: Juice Wrld - on the run v2.2 (xr 11 GZ) Instrumental Stems: Xr 11,"Juice's Vocals The Westin Hotel Recording Studio, Palo Alto, San Jose, CA. Gunna's Vocals 5Star Production Studio, Atlantic Station, Atlanta, GA.","Juice's Vocals July 14, 2019. Gunna's Vocals April 26, 2020.",-,"Surfaced June 22, 2022.",3:47,Original Demo Track,Original File 320kbps (.mp3)
1382,POST,27,Blood On My Jeans (feat. Gunna) [v2] Song was originally called 'On The Run'.,Juice WRLD,"Gezin, Max Lord & Strapazoot","Max Lord, Madison Blackheart & Turbo",Song originally began as a solo Juice WRLD track.,File Name: Juice Wrld - on the run v3.0 Gunna (xr 11 GZ) Session Title: xr 11 GZ v3.0 gunna on the run.ptx Folder Title: xr 11 GZ,Instrumental: Xr 11 GZ Open Verse File: Juice Wrld - on the run v2.2 (xr 11 GZ) Instrumental Stems: Xr 11,"Juice's Vocals The Westin Hotel Recording Studio, Palo Alto, San Jose, CA. Gunna's Vocals 5Star Production Studio, Atlantic Station, Atlanta, GA.","Juice's Vocals July 14, 2019. Gunna's Vocals April 26, 2020. File Exported May 25, 2020.",-,"Surfaced July 7, 2020. Session Surfaced June 22, 2022.",3:48,Alternate Demo Track,Studio Session & Original Files 2117kbps (.wav) 320kbps (.mp3)
1383,POST,28,"Blood, Sweat, Tears ( v2 ) Omen | Overseer",Juice WRLD,Rex Kudo,"Adam Lunn, Max Lord & Rex Kudo","Song is unfinished, contains an open verse.",blood sweat tears 1,,"Wendyhouse Production Studio, Shepherd's Bush, London, England.","Recorded July 6, 2019.",-,"Surfaced May 9, 2022.",2:26,Alternate Demo Track ( Open Verse ),Original File 160kbps (.mp3)
1384,POST,29,Both Ways (v2) Song was originally called 'Aye'.,Juice WRLD,Nick Mira & Pharaoh Vice,Cole Kruggel & Max Lord,-,juice aye both ways ML mix 1,Instrumental: NM x PV - Returned 156BPM Loop: reach - 155 Loop Kit: Pharaoh Vice - Deathwish Beat Pack: NM_Juice_June17,"Classick Recording Studio, Humboldt Park, Chicago, IL.","Recorded July 4, 2018. File Exported July 9, 2024.","First Previewed April 18, 2024.","Surfaced December 28, 2025.",3:18,Alternate Demo Track,Original File 265kbps (.m4a)
1385,POST,30,Buck 50 (v6.1) [Pre-Master] Buck Fifty,Juice WRLD,Carlton McDowell & SoundsBy8,Max Lord,-,Juice Wrld - buck 50 v6.1 (472 cj) PREMASTER,b472 - bpm 144 Prod. Car!ton & Okeighteen,"Rented Private Estate Recording Studio, Bermuda Dunes, CA.","Recorded April 11-21, 2019. File Exported November 21, 2020.",-,"Surfaced June 6, 2025.",3:40,Alternate Demo Track,Original File 2117kbps (.wav)
1386,POST,31,Buck 50 ( v6.2 ) [Pre-Master] Buck Fifty,Juice WRLD,Carlton McDowell & SoundsBy8,Max Lord,-,Juice Wrld - buck 50 v6.1 (472 cj) PREMASTER_1,b472 - bpm 144 Prod. Car!ton & Okeighteen,"Rented Private Estate Recording Studio, Bermuda Dunes, CA.","Recorded April 11-21, 2019. File Exported November 27, 2020.",-,"Surfaced June 6, 2025.",3:35,Alternate Demo Track,Original File 2117kbps (.wav)
1387,POST,32,Bullet For My Valentine (v2) Song is titled after the instrumental.,Juice WRLD,Colin Richardson & Mitch Mula,James Kang & Mitch Mula,Samples Bullet For My Valentine's 'Tears Don't Fall'.,Juice Wrld - Bullet for My Valentine 24bit MASTER,Bullet For My Valentine[82],"Blue Room West Recording Studio, West Hollywood, Los Angeles, CA.","Recorded May 8, 2018. File Exported November 7. 2024.",-,"Surfaced February 9, 2026.",2:50,Alternate Demo Track,Original File 2304kbps (.wav)
1388,POST,33,Burn (v2.2),Juice WRLD,Joël Fajerman & Metro Boomin',Max Lord,Samples Joël Fajerman's 'The Magic Of The Orchid'.,Juice Wrld - burn v2.2 (CHOPSTICKS 23 48k),Instrumental: C23 Loop: C23_04 The Magic of the Orchid,"Home Recording Studio, Encino Hills, Los Angeles, CA.","Recorded July 25, 2019. File Exported October 17, 2021.",-,"Surfaced April 29, 2023.",3:57,Alternate Demo Track,Original Files 2117kbps (.wav) 320kbps (.mp3)
1389,POST,34,Can't Let Go (feat. NAV) Special,Juice WRLD,Frank Dukes & Wheezy,"Florian Ongonga, Seth Firkins & Unknown",Song originally began as a solo Juice WRLD track.,Nav x Juice - Cant Let Go,producto frank dukes wheezy,"Juice's Vocals 5Star Production Studio, Atlantic Station, Atlanta, GA.","Juice's Vocals August 25, 2018.","First Previewed May 24, 2022.","Surfaced November 6, 2022.",3:23,Feature Track,Original File 320kbps (.mp3)
1390,POST,35,Cavalier ( v1.1 ) [Pre-Master] Kung Fu,Juice WRLD,Ian Francis & Purps On The Beat,Max Lord,-,File Name (Explicit): MAIN premaster JW Cavalier ML SSL MIX 1 44k File Name (Clean): CLEAN premaster JW Cavalier ML SSL MIX 1 44k,Instrumental: INSTR premaster JW Cavalier ML SSL MIX 1 44k Loop Stems: ianfrench (Madrid) bpm 127 melodies Instrumental Stems: Purps ianfrench (Madrid) bpm 127,"The Dominican Hotel Recording Studio, Rue Neuve, Brussels, Belgium.","Recorded March 7, 2019. File Exported October 9, 2024.",-,"Surfaced February 22, 2025. Multi-Tracks Surfaced February 22, 2025.",2:31,Alternate Demo Track,Multi-Track Stems & Original File 2822kbps (.wav)
1391,POST,36,Celebrate (feat. Offset) [v2.8] Since A Jit Song is titled after the instrumental.,Juice WRLD,Metro Boomin',Max Lord & Unknown,Song originally began as a solo Juice WRLD track.,File Name: CELEBRATE 13 SET metro v2.8 Session Title: CELEBRATE SET 13 metro v2.8.ptx,CELEBRATE 13,"Juice's Vocals Home Recording Studio, Encino Hills, Los Angeles, CA.","Juice's Vocals July 30-31, 2019. File Exported January 15, 2023.",-,"Surfaced June 6, 2025.",2:57,Alternate Feature Demo Track,Original File 2304kbps (.wav)
1392,POST,37,Choppa Sang* ( v2 ) Happy Life,Juice WRLD,"Max Lord, Southside & Thank You Fizzle",Max Lord & Unknown,-,JWSS HAPPY LIFE 142 SSMLFIZZ,HAPPY LIFE 142 SSMLFIZZ,"Rented Home Recording Studio , River North , Chicago , IL .","Recorded May 31, 2019. File Exported January 27, 2023.","First Previewed December 12, 2023.","Surfaced December 21, 2023.",3:13,Alternate Demo Track,Original File 2117kbps (.wav)
1393,POST,38,Cocaine (v2),Juice WRLD,D.o.M.o & Mitch Mula,Mitch Mula,"Official edit made by Mitch Mula, reusing Juice WRLD's vocal outtakes from 'Meagan Good'.",Juice Wrld - Cocaine 24bit MASTER,,"Private Stock Recording Studio, Mayfair, Chicago, IL.","File Exported November 7, 2024.",-,"Surfaced August 17, 2025.",3:27,Official Alternate Edit Demo Track,Original File 2304kbps (.wav)
1394,POST,39,Come & Go (EDM Remix) [ v3 ] Ruin This One Song was originally called 'And Go'.,Juice WRLD,Gezin & Marshmello,Max Lord & Unknown,-,Multi-Track Folder: Come & Go -Update.2.fix.2-STEMS @ 145bpm,,"Rented Home Recording Studio, Sandy Springs, Atlanta, GA.","Recorded November 30, 2018. File Exported February 25, 2021.",-,"Multi-Tracks Surfaced April 1, 2023.",3:26,Alternate Demo Track ( Complete ),Multi-Track Stems & Pro Tools Export
1395,POST,40,"Compromised* (feat. Ski Mask The Slump God) [ v1 ] Song was originally titled 'Kbeeznuts', as a joke.",Juice WRLD,Bobby Raps & Max Lord,Max Lord,Song originally began as a solo Juice WRLD track.,,,"Juice's Vocals Home Recording Studio, Encino Hills, Los Angeles, CA.","Juice's Vocals December 5-6, 2019.",-,"Surfaced January 25, 2026.",3:27,Original Feature Demo Track ( Complete ),320kbps (.mp3)
1396,POST,41,"Compromised* ( v2 ) Song was originally titled 'Kbeeznuts', as a joke.",Juice WRLD,Bobby Raps & Max Lord,Max Lord,Open verse version of the song which was sent to Ski Mask The Slump God.,juice 3 (open for ski),,"Home Recording Studio, Encino Hills, Los Angeles, CA.","Recorded December 5-6, 2019.","First Previewed April 28, 2024.","Surfaced January 25, 2026.",3:56,Alternate Solo Demo Track ( Open Verse ),Original File 320kbps (.mp3)
1397,POST,42,Coraline (v2.6),Juice WRLD,DJ Scheme & Nuri,Max Lord,-,Juice Wrld - coraline v2.6 (bigmood scheme),Bigmood_Nuri_140,"The Westin Hotel Recording Studio, Downtown, St. Louis, MO.","Recorded June 4, 2019. File Exported June 6, 2020.",-,"Surfaced November 18, 2024.",2:39,Alternate Demo Track,Original File 2117kbps (.wav)
1398,POST,43,Day 1 (feat. Seezyn) All Night Long | Day One,Juice WRLD,KBeaZy,Max Lord & Unknown,Song originally began as a solo Juice WRLD track.,juice wrld ft seezyn - day one - Maxlord mix-001,Instrumental: KBeaZy - jeffery 132 Loop: jeffery132 KBeaZy,"Juice's Vocals Myconian Avaton Hotel Recording Studio, Elia Beach, Elia, Mykonos, Greece.","Juice's Vocals August 18, 2019. File Exported September 9, 2021.","First Previewed September 9, 2021.","Surfaced September 9, 2023.",3:33,Throwaway Track,Original File 2117kbps (.wav)
1399,POST,44,Day 1 ( v2 ) All Night Long | Day One,Juice WRLD,KBeaZy,Max Lord & Unknown,-,,Loop: jeffery132 KBeaZy,"Myconian Avaton Hotel Recording Studio, Elia Beach, Elia, Mykonos, Greece.","Recorded August 18, 2019.",-,"Surfaced March 16, 2021.",3:30,Alternate Solo Demo Track,320kbps (.mp3)
1400,POST,45,DENIAL </3 (demo) [v2],Juice WRLD,Larva Casei & Wakizashi,Juice WRLD & Marcus Gibson,Samples PRXJEK's 'The Feeling Of Loneliness Never Goes Away'.,File Name: Denial Session Title: denial.ptx,"Instrumental Post Rock / Depressive Black "" Il neige sur la France "" Larva Casei","Unhkl Flex's Home Recording Studio, Matteson, Chicago, IL.","Recorded December 11, 2017.",-,"Surfaced December 2, 2023. Session Surfaced December 2, 2023.",3:01,Alternate Demo Track ( Complete ),Studio Session & Original File 320kbps (.mp3)
1401,POST,46,Devil Horns (v3.2),Juice WRLD,Fincw & Nick Mira,Joey Galvan,Shares the same instrumental as MAJ's 'Love Me' & Aries' 'Amy's Grave'.,Juice Wrld Devil Horns V3.2,Instrumental: NM - Cadia 135BPM Loop: Pop Punk Guitar Riff,"Paramount Recording Studio, Santa Monica, Los Angeles, CA.","Recorded March 20, 2018. File Exported July 5, 2020.",-,"Surfaced October 17, 2022.",3:47,Alternate Demo Track,Original File 320kbps (.mp3)
1402,POST,47,Diors (v2) Song was originally untitled.,Juice WRLD,Richie Souf,Matthew Harvey,Shares the same instrumental as 'Rebel*'.,File Name: JuiceWrld - Diors Session Title: JuiceWRLD.ptx,rs_1757_021218_2,"The Warehouse Recording Studio, Gastown, Vancouver, British Columbia, Canada.","Recorded June 9, 2018. File Exported June 24, 2021. Acapella File Exported August 26, 2021.","First Previewed November 26, 2021.","Surfaced November 28, 2021. Session Surfaced December 16, 2023.",2:49,Alternate Demo Track,Studio Session & Original Files 1411kbps (.wav) 320kbps (.mp3)
1403,POST,48,Doom ( v2 ),Juice WRLD,Mason David Levy & Take A Daytrip,Max Lord & Unknown,Shares the same sample as K.A.A.N.'s 'N.G.D'.,07. Doom v1.1 (blue cheese) 1,Instrumental: Take A Daytrip - Blue Cheese [inst demo 2] Loop: MdL SNO Guitar Loop - 86 BPM - C Major,"Chalice Recording Studio, West Hollywood, Los Angeles, CA.","Recorded June 20, 2018. .L/.R Files Exported November 2, 2021.",-,"Surfaced January 4, 2024.",3:32,Alternate Demo Track,Original Files .L/.R 1058kbps (.wav)
1404,POST,49,Doom ( v4 ),Juice WRLD,Mason David Levy & Take A Daytrip,Max Lord & Unknown,Shares the same sample as K.A.A.N.'s 'N.G.D'.,,Loop: MdL SNO Guitar Loop - 86 BPM - C Major,"Chalice Recording Studio, West Hollywood, Los Angeles, CA.","Recorded June 20, 2018.",-,"Resurfaced April 4, 2023.",3:45,Alternate Demo Track,320kbps (.mp3)
1405,POST,50,Fall (v2),Juice WRLD,Echo Sound Works & Nick Mira,Joey Galvan,-,07.06.20 Juice Wrld Fall V2,Instrumental: NM - Blush 155BPM Loop (1): ESWA Kit 02 - Verse Guitar Main Loop (2): ESWA Kit 02 - Verse Guitar Lead Loop Kit: Echo Sound Works - Ashes V.1 Beat Pack: Nick Mira - March 18,"Paramount Recording Studio, Santa Monica, Los Angeles, CA.","Recorded March 20-21, 2018. File Exported July 6, 2020.",-,"Surfaced October 17, 2022. Session Surfaced January 13, 2026.",2:59,Alternate Demo Track,Original File 320kbps (.mp3)
1406,POST,51,Feline (feat. Polo G & Trippie Redd) [ v1 ] Song was originally untitled.,Juice WRLD,Dorien Theus & Nick Mira,"Blake Harden, James Kang, Todd Hurtt & Unknown",Song originally began as a solo Juice WRLD track.,,Instrumental: feline (INSTRUMENTAL) Loop: NM_Heroine 78 Instrumental Stems: feline Loop Kit: Nick Mira - Gasolina 2,"Juice's Vocals Blue Room West Recording Studio, West Hollywood, Los Angeles, CA.","Juice's Vocals May 5, 2018. Polo G's Vocals November 14, 2021.",-,"Surfaced November 22, 2021.",3:44,Original Feature Demo Track ( Complete ),128kbps (.mp3)
1407,POST,52,Feline (feat. Polo G) Song was originally untitled.,Juice WRLD,Dorien Theus & Nick Mira,"Blake Harden, James Kang, Todd Hurtt & Unknown",Song originally began as a solo Juice WRLD track.,File Name: JUICE x POLO G FELINE v2 Session Title: JUICE x POLO G FELINE v2 for mix.ptx Folder Title: JUICE FEAT 2021,Instrumental: feline (INSTRUMENTAL) Open Verse File: FELINE - JUICE OPEN VERSE 166BPM Loop: NM_Heroine 78 Instrumental Stems: feline Loop Kit: Nick Mira - Gasolina 2,"Juice's Vocals Blue Room West Recording Studio, West Hollywood, Los Angeles, CA.","Juice's Vocals May 5, 2018. Polo G's Vocals November 14, 2021.",-,"Surfaced June 22, 2022. Multi-Tracks Surfaced June 22, 2022.",4:05,Feature Track,Multi-Track Stems & Pro Tools Export
1408,POST,53,Feline ( v2 ) Song was originally untitled.,Juice WRLD,Dorien Theus & Nick Mira,"Blake Harden, James Kang & Unknown",Open verse version of the song which was sent to Polo G.,FELINE - JUICE OPEN VERSE 166BPM,Instrumental: feline (INSTRUMENTAL) Loop: NM_Heroine 78 Instrumental Stems: feline Loop Kit: Nick Mira - Gasolina 2,"Blue Room West Recording Studio, West Hollywood, Los Angeles, CA.","Recorded May 5, 2018. File Exported October 16, 2021.",-,"Surfaced June 22, 2022.",4:05,Alternate Solo Demo Track ( Open Verse ),Original File 2304kbps (.wav)
1409,POST,54,Fenty (v3) Fenty Freestyle | Let It Go,Juice WRLD,Nick Mira & ShortBusMusic,Joey Galvan,Shares the same instrumental as 'Cheat Code' & 'Choice'.,File Name: Juice Wrld Fenty Freestyle V3 Session Title: Juice Wrld - Fenty Freestyle.ptx,Instrumental: NM - Choice 130BPM Loop: Acoustic Guitar With Delay In Dm-C-B Beat Pack: Nick Mira - March 18,"Paramount Recording Studio, Santa Monica, Los Angeles, CA.","Recorded March 21, 2018. File Exported July 5, 2020.",-,"Surfaced July 25, 2022. Session Surfaced July 25, 2022.",3:30,Alternate Demo Track,Studio Session & Original File 320kbps (.mp3)
1410,POST,55,Forever (feat. Ty Dolla $ign) [ v1 ],Juice WRLD,JRHITMAKER & Nick Mira,Max Lord & Unknown,Song originally began as a solo Juice WRLD track.,forver - all togheter,Instrumental: NM x JR - Timeouts 146BPM Loop: JR - Trip 140 Loop Kit: JRHITMAKER - Camo Beat Pack: nm - juice - oct 18,"Juice's Vocals Rented Home Recording Studio, West Hollywood, Los Angeles, CA.","Juice's Vocals November 8-9, 2018.",-,"Surfaced January 6, 2024.",3:17,Original Feature Demo Track,320kbps (.mp3)
1411,POST,56,Get Through It (Interlude) [ v2 ] Interlude was originally called 'If Anybody'.,Juice WRLD,Khaled Rohaim,Khaled Rohaim,-,If Anybody 1 Guide Mix,Loop (1): If Anybody 1 Cellos Loop (2): If Anybody 1 Piano,"Home Recording Studio, Encino Hills, Los Angeles, CA.","Recorded August 26, 2019. File Exported June 10, 2020.",-,"Surfaced March 7, 2022. Multi-Tracks Surfaced March 7, 2022.",0:33,Alternate Misc. Track,Multi-Track Stems & Original File 160kbps (.mp3)
1412,POST,57,Get Through It (Interlude) [ v3 ] Interlude was originally called 'If Anybody'.,Juice WRLD,Khaled Rohaim,Khaled Rohaim,-,If Anybody 2 Guide Mix,Loop (1): If Anybody 2 Cellos Loop (2): If Anybody 2 Piano,"Home Recording Studio, Encino Hills, Los Angeles, CA.","Recorded August 26, 2019. File Exported June 10, 2020.",-,"Surfaced March 7, 2022. Multi-Tracks Surfaced March 7, 2022.",0:25,Alternate Misc. Track,Multi-Track Stems & Original File 160kbps (.mp3)
1413,POST,58,Get Through It (Interlude) [ v4 ] Interlude was originally called 'If Anybody'.,Juice WRLD,Khaled Rohaim,Khaled Rohaim,-,If Anybody 3 Guide Mix,Loop (1): If Anybody 3 Cellos Loop (2): If Anybody 3 Strings,"Home Recording Studio, Encino Hills, Los Angeles, CA.","Recorded August 26, 2019. File Exported June 10, 2020.",-,"Surfaced March 7, 2022. Multi-Tracks Surfaced March 7, 2022.",0:25,Alternate Misc. Track,Multi-Track Stems & Original File 160kbps (.mp3)
1414,POST,59,Get Through It (Interlude) [ v5 ] Interlude was originally called 'If Anybody'.,Juice WRLD,Khaled Rohaim,Khaled Rohaim,-,If Anybody 4 Guide Mix,Loop (1): If Anybody 4 Guitar Loop (2): If Anybody 4 Piano Loop (3): If Anybody 4 Solo Cello,"Home Recording Studio, Encino Hills, Los Angeles, CA.","Recorded August 26, 2019. File Exported June 10, 2020.",-,"Surfaced March 7, 2022. Multi-Tracks Surfaced March 7, 2022.",0:23,Alternate Misc. Track,Multi-Track Stems & Original File 160kbps (.mp3)
1415,POST,60,Girl Of My Dreams (v2.2),Juice WRLD,Jaegen,Max Lord,"Song is unfinished, contains an open verse.",File Name: girl of my dreams tff v2.2 open Amaj 140bpm LIM Session Title: tears4feears jaegen 48k v2.2.ptx Folder Title: tears4feears jaegen 48k,jaegen - tears4fears 140,"Home Recording Studio, Encino Hills, Los Angeles, CA.","Recorded September 13, 2019. File Exported November 16, 2021.",-,"Surfaced September 24, 2022. Session Surfaced October 24, 2022.",3:32,Alternate Solo Demo Track ( Open Verse ),Studio Session & Original Files 2304kbps (.wav) 320kbps (.mp3)
1416,POST,61,Girl Of My Dreams (v2.2) [Mix 2],Juice WRLD,Jaegen,Max Lord,"Song is unfinished, contains an open verse.",File Name: girl of my dreams tff v2.2 open Amaj 140bpm FOR RECORDING 48k Session Title: tears4feears jaegen 48k v2.2.ptx Folder Title: tears4feears jaegen 48k,jaegen - tears4fears 140,"Home Recording Studio, Encino Hills, Los Angeles, CA.","Recorded September 13, 2019. File Exported November 16, 2021.",-,"Surfaced October 24, 2022. Session Surfaced October 24, 2022.",3:32,Alternate Solo Demo Track ( Open Verse ),Studio Session & Original File 2304kbps (.wav)
1417,POST,62,GO (feat. Juice WRLD) [ v2 ] Go Go Go,The Kid LAROI,"Neek, Omer Fedi & Tito Beats","Donn Robb, Max Lord & Unknown",-,,,"Juice's Vocals Myconian Avaton Hotel Recording Studio, Elia Beach, Elia, Mykonos, Greece.","Juice's Vocals August 21-22, 2019. LAROI's Vocals January 6, 2020.",-,"Surfaced April 18, 2020.",2:50,Alternate Feature Demo Track,128kbps (.mp3)
1418,POST,63,GO (feat. Juice WRLD) [ v3 ] Go Go Go,The Kid LAROI,"Neek, Omer Fedi & Tito Beats","Donn Robb, Max Lord & Unknown",-,File Name (1): The Kid Laroi x Juice WRLD - Go Go Go prod. omer fedi File Name (2): 00 Laroi - Go Go Go Session Title: 00 Go (Kid Laroi 148).ptx,,"Juice's Vocals Myconian Avaton Hotel Recording Studio, Elia Beach, Elia, Mykonos, Greece.","Juice's Vocals August 21-22, 2019. LAROI's Vocals April 10, 2020.",-,"Surfaced August 29, 2021. Session Surfaced April 30, 2022.",2:50,Alternate Feature Demo Track,Studio Session & Original File 320kbps (.mp3)
1419,POST,64,Go Hard 1.0 ( v2 ) Song was originally called 'Out The Rut'.,Juice WRLD,KBeaZy,Max Lord & Unknown,-,08. GO Hard- out the rut v1.2 (rome kbeazy)_01,Instrumental: KBeaZy - rome 145 Loop: rome145 KBeaZy,"Myconian Avaton Hotel Recording Studio, Elia Beach, Elia, Mykonos, Greece.","Recorded August 21, 2019. File Exported December 15, 2021.",-,"Surfaced October 16, 2022.",2:32,Alternate Solo Demo Track,Original File 2117kbps (.wav)
1420,POST,65,Godzilla (feat. Juice WRLD) [ v2 ],Eminem,"Alejandro Villasana, D.A. Got That Dope, Eminem & Luis Resto","Joe Strange, Julio Ullaa, MI Luevanos, Mike Strange, Tony Campana & Vic Luevanos","Originally released as track #1 on Eminem's 'Curtain Call 2', but was replaced with the original version that released on Eminem's 'Music To Be Murdered By'.",,,"Juice's Vocals Ocean Way Record One Studio, Sherman Oaks, Los Angeles, CA. Eminem's Vocals Effigy Recording Studio, Ferndale, Detroit, MI.","Juice's Vocals November 15, 2019.",-,"Released August 5, 2022.",3:34,Alternate Feature Demo Track,128kbps (.mp3)
1421,POST,66,Good Days (feat. TheHxliday),Juice WRLD,Nick Mira & Roy Major,BJ Mekk & TheHxliday,Song originally began as a solo Juice WRLD track.,,Instrumental: NM x RM - Sadboy 150BPM Open Verse File: Juice Wrld - Good Days Loop: Sadboy150bpm Beat Pack: NM - Juice 5.16,"Juice's Vocals Paramount Ameraycan Recording Studio, North Hollywood, Los Angeles, CA.","Juice's Vocals May 25-26, 2018.","First Teased February 9, 2021.","Surfaced April 18, 2020.",3:39,Feature Track,128kbps (.mp3)
1422,POST,67,GoPro (v1.2) [Mix 8],Juice WRLD,Rex Kudo & T-Minus,Max Lord,-,Juice Wrld - gopro v1.2 ML MIX 8,Instrumental: tminus gopro Loop: 01 REX 2 060719 160bpm Instrumental Stems: rex01 REX 2 060719 160bpm,"Home Recording Studio, Encino Hills, Los Angeles, CA.","Recorded September 25-26, 2019. File Exported January 18, 2022.",-,"Surfaced August 16, 2023.",3:32,Alternate Demo Track,Original Files 2304kbps (.wav) 320kbps (.mp3)
1423,POST,68,Got Nothing On Me (v2),Juice WRLD,Nick Mira,BJ Mekk,-,File Name: Juice Wrld - Got Nothing On Me Session Title: Juice Wrld - Got Nothing On Me.ptx,Instrumental: NM - Triples 158BPM Loop: NM - Bonjour 150BPM Loop Kit: Nick Mira - Durango Beat Pack: NM - Juice 5.16,"Paramount Ameraycan Recording Studio, North Hollywood, Los Angeles, CA.","Recorded May 23, 2018. File Exported February 3, 2020.",-,"Surfaced December 10, 2020. Session Surfaced December 10, 2020.",3:51,Alternate Demo Track,Studio Session & Original Files 3072kbps (.wav) 320kbps (.mp3)
1424,POST,69,Goyard (v2) Brand New | Goyard Bag Song was originally untitled.,Juice WRLD,D.o.M.o & Mitch Mula,Mitch Mula,"Official edit made by Mitch Mula, reusing Juice WRLD's vocal outtakes from '27 Club'.",Juice Wrld - Goyard 24bit MASTER,Loop: TBF Pluck 160 Ravizza F#m,"Private Stock Recording Studio, Mayfair, Chicago, IL.","File Exported November 7, 2024.",-,"Surfaced August 17, 2025.",2:40,Official Alternate Edit Demo Track,Original File 2304kbps (.wav)
1425,POST,70,Ha-Ha ( v3 ) Too High,Juice WRLD,Unknown,"2Fly, Khaled Rohaim & Unknown",-,khaled.Juice.Anton,,"Paramount Recording Studio, Santa Monica, Los Angeles, CA.","Recorded July 9, 2018.",-,"Surfaced September 7, 2021.",1:55,Alternate Demo Track,Original File 320kbps (.mp3)
1426,POST,71,"Hate The Other Side (with Polo G) [feat. The Kid LAROI] { v2 } Other Side Song was originally titled 'Lonely Road', after the instrumental.",Juice WRLD & Polo G,KSHMR & Marshmello,Max Lord & Unknown,Song originally began as a Juice WRLD & Polo G track.,mellojuiceotherside,Loop: KSHMR - Lonely Roads - Guitar 90 Gm Instrumental Stems: mellojuiceotherside,"Juice & Polo G's Vocals Home Recording Studio, Encino Hills, Los Angeles, CA. LAROI's Vocals Paramount Recording Studio, Santa Monica, Los Angeles, CA.","Juice & Polo G's Vocals October 8, 2019.",-,"Surfaced March 24, 2023. Multi-Tracks Surfaced March 24, 2023.",2:40,Alternate Feature Demo Track,Multi-Track Stems & Original File 2117kbps (.wav)
1427,POST,72,"Hate The Other Side (with Polo G) [ v2 ] Other Side Song was originally titled 'Lonely Road', after the instrumental.",Juice WRLD & Polo G,KSHMR & Marshmello,Max Lord & Todd Hurtt,-,File Name: Juice Wrld mello polo G - lonely road verse 2 Session Title: POLO Juice feat.ptx,Open Verse File: Juice Wrld mello polo G - lonely road v1.1 Loop: KSHMR - Lonely Roads - Guitar 90 Gm,"Hook & First Verse Home Recording Studio, Encino Hills, Los Angeles, CA.","Hook & First Verse October 8, 2019. Second Verse February 28, 2020.","First Previewed December 12, 2022.","Surfaced December 13, 2022. Session Surfaced December 13, 2022.",2:50,Alternate Demo Track,Studio Session & Original File 320kbps (.mp3)
1428,POST,73,"Hate The Other Side (with Polo G) [ v3 ] Other Side Song was originally titled 'Lonely Road', after the instrumental.",Juice WRLD & Polo G,KSHMR & Marshmello,Max Lord & Todd Hurtt,-,File Name: Juice Wrld mello polo G - lonely road v1.1-21 Session Title: POLO Juice feat.ptx,Open Verse File: Juice Wrld mello polo G - lonely road v1.1 Loop: KSHMR - Lonely Roads - Guitar 90 Gm,"Hook & First Verse Home Recording Studio, Encino Hills, Los Angeles, CA.","Hook & First Verse October 8, 2019. Second Verse February 28, 2020. File Exported February 29, 2020.",-,"Surfaced December 13, 2022. Session Surfaced December 13, 2022.",2:50,Alternate Demo Track,Studio Session & Original File 1411kbps (.wav)
1429,POST,74,Haunted By Real Life (v2) Close My Eyes | Money Purified,Juice WRLD,Cecil Remmler & Marek Pompetzki,Cecil Remmler & Marek Pompetzki,-,Reference 1,,"Kung Fu Recording Studios, Kreuzberg, Berlin, Germany.","Recorded June 30, 2018. File Exported January 5, 2024.","First Previewed May 8, 2024.","Surfaced June 12, 2024.",3:40,Alternate Demo Track,Original File 2117kbps (.wav)
1430,POST,75,Haunted By Real Life (v3) Close My Eyes | Money Purified,Juice WRLD,Cecil Remmler & Marek Pompetzki,Cecil Remmler & Marek Pompetzki,-,Close My Eyes v1 (prod FNSHRS),,"Kung Fu Recording Studios, Kreuzberg, Berlin, Germany.","Recorded June 30, 2018.",-,"Surfaced June 10, 2024.",3:34,Alternate Demo Track,Original File 320kbps (.mp3)
1431,POST,76,Haunted By Real Life (v4) Close My Eyes | Money Purified,Juice WRLD,Cecil Remmler & Marek Pompetzki,Cecil Remmler & Marek Pompetzki,-,Reference 2,,"Kung Fu Recording Studios, Kreuzberg, Berlin, Germany.","Recorded June 30, 2018. File Exported January 5, 2024.","First Previewed May 8, 2024.","Surfaced May 8, 2024.",3:40,Alternate Demo Track,Original File 2117kbps (.wav)
1432,POST,77,Haunted By Real Life (v5) Close My Eyes | Money Purified,Juice WRLD,Cecil Remmler & Marek Pompetzki,Cecil Remmler & Marek Pompetzki,-,Close My Eyes v2 (prod FNSHRS),,"Kung Fu Recording Studios, Kreuzberg, Berlin, Germany.","Recorded June 30, 2018.",-,"Surfaced June 10, 2024.",3:34,Alternate Demo Track,Original File 320kbps (.mp3)
1433,POST,78,Heavy (v2) Song is titled after the instrumental.,Juice WRLD,Dorien Theus & Nick Mira,James Kang,-,File Name: HEAVY Session Title: SONG1.ptx,Instrumental: NM x DT - Heavy 161BPM Loop: NM - Pale 140BPM MIDI: nm - tales Loop Kit: Nick Mira - Phantom,"Blue Room West Recording Studio, West Hollywood, Los Angeles, CA.","Recorded May 6, 2018. File Exported February 24, 2021.","First Previewed March 28, 2021.","Surfaced December 21, 2023. Session Surfaced March 27, 2024.",2:47,Alternate Solo Demo Track ( Complete ),Studio Session & Original File 2304kbps (.wav) 320kbps (.mp3)
1434,POST,79,I Want It (feat. Halsey) [v1] Water,Juice WRLD,"1Mind, Dre Moon & Tyler Turner",Brandon Buttner & Max Lord,Song originally began as a solo Juice WRLD track.,File Name: I Want It - Halsey Ref Bounce 1 Session Title: I Want It - Halsey Vocal Session 1.ptx,Instrumental: 1534(80) Open Verse File: JUICE WRLD - i want it V1.1 (1534 dre moon),"Juice's Vocals Serenity West Recording Studio, Hollywood, Los Angeles, CA.","Juice's Vocals August 8, 2018. Halsey's Vocals July 2, 2020.",-,"Surfaced April 2, 2023. Session Surfaced April 2, 2023.",3:42,Original Feature Demo Track,Studio Session & Original File 3072kbps (.wav)
1435,POST,80,I Wonder (v2) Demons In My Mind,Juice WRLD,"Andrew Watt, Diablo, Diplo & Unknown",Blake Harden,-,File Name: I WONDER_DIPLO_DIABLO_JUICE_2 Session Title: DIPLO_DIABLO_JUICE_YACHTY.ptx,diplo pump watt bassline,"Blue Room West Recording Studio, West Hollywood, Los Angeles, CA.","Recorded September 10, 2018. File Exported November 9, 2021.",-,"Surfaced February 7, 2023. Session Surfaced May 14, 2023.",2:55,Alternate Demo Track,Studio Session & Original Files 2117kbps (.wav) 320kbps (.mp3)
1436,POST,81,I.D.G.A.F. (feat. Juice WRLD) [v2] I Don't Give A Fuck | My Laptop ( Blood Leaking ),Lil Peep,"Dylan Cooper, IIVI & Smokeasac","BJ Mekk, Lil Peep & Unknown",Song originally began as a solo Lil Peep track.,File Name: Lil Peep Feat Juice Wrld (Prod.Smokeasac) - IDGF (Rough) Session Title: Lil Peep Feat Juice Wrld - IDGAF.ptx,Instrumental: smokeasac peep fuk it on onefebuary 22 Open Verse File: 9. IDGAF (open 2nd vs for ft.) L1,"Juice's Vocals Paramount Ameraycan Recording Studio, North Hollywood, Los Angeles, CA.","Peep's Vocals February 23, 2017. Juice's Vocals May 26, 2018. File Exported February 3, 2020.",-,"Surfaced June 23, 2020. Session Surfaced November 7, 2020.",3:38,Alternate Feature Demo Track,Studio Session & Original Files 3072kbps (.wav) 320kbps (.mp3)
1437,POST,82,Ignorant ( v4 ) Bigger And Better | Killing My Vibe Song was originally untitled.,Juice WRLD,Rex Kudo,"Max Lord, Maher Woo-Shear, Rex Kudo & Unknown",-,Ignorant 2019 031018 ML v1.3 2023 170bpm chuck v2 no sample shit,,"Metropolis Recording Studio, Chiswick, London, England.","Recorded September 21, 2018. File Exported March 15, 2023.",-,"Surfaced January 25, 2026.",3:02,Alternate Demo Track,Original File 2117kbps (.wav)
1438,POST,83,Inspire Me (v2) Irony,Juice WRLD,CakeBoy Bally,James Kang,-,File Name: INSPIRE ME_1 Session Title: SONG1.ptx,1emo,"Blue Room West Recording Studio, West Hollywood, Los Angeles, CA.","Recorded September 10, 2018. File Exported November 9, 2021.",-,"Surfaced August 16, 2023. Session Surfaced June 23, 2023.",2:01,Alternate Demo Track,Studio Session & Original Files 1536kbps (.wav) 320kbps (.mp3)
1439,POST,84,Invasion (v1.1) Spaceships,Juice WRLD,Dre Moon,Max Lord,-,File Name: Juice Wrld - 1740 moon v1.1 invasion Session Title: 1740 moon v1.1 invasion.ptx Folder Title: 1740 moon,1740(90),"Rented Home Recording Studio, Beverly Hills, Los Angeles, CA.","Recorded February 5, 2019. File Exported February 10, 2023.","First Previewed March 19, 2025.","Surfaced January 16, 2026. Session Surfaced January 25, 2026.",3:36,Alternate Demo Track ( Complete ),Studio Session & Original Files 2117kbps (.wav) 320kbps (.mp3)
1440,POST,85,Javelin (feat. OG Don) Drivin' So Fast Song is titled after the instrumental.,Juice WRLD,Nick Mira,Mixtri & OG Don,"Originally released on Streaming Platforms as a single track, but was later removed for copyright violations. Song originally began as a solo Juice WRLD track.",,Instrumental: NM - Javelin 150BPM Open Verse File: Juice Wrld - Javelin DEMO (FREE VERSE LIL UZI) Beat Pack: NM_Juice_June17,"Juice's Vocals Forbes Street Recording Studio, Woolloomooloo, Sydney, Australia.","Juice's Vocals January 3, 2019. Don's Vocals January [ ? ], 2020.",-,"Released January 25, 2020.",3:26,Feature Track,128kbps (.mp3)
1441,POST,86,Juice WRLD Speaks From Heaven (Outro) [ v2 ] Outro was originally called 'Juice Speaks From Heaven'.,Juice WRLD,Hylton Mowday & Khaled Rohaim,Khaled Rohaim,-,REFERENCE,Loop (1): PIANO Loop (2): STRING 1 Loop (3): STRING 2 Loop (4): STRING 3 Loop (5): STRING 4,"Rio Chico Private Estate, Dunns River Falls, Jamaica.","Recorded June 12, 2019. File Exported June 9, 2020.",-,"Surfaced March 5, 2023. Multi-Tracks Surfaced March 5, 2023.",0:44,Alternate Misc. Track,Multi-Track Stems & Original File 2304kbps (.wav)
1442,POST,87,"KNIGHT CRAWLER (feat. Trippie Redd) [ v1 ] Crawling In My Skin Song was originally titled 'CB5', after the instrumental.",Juice WRLD,Chris Barnett & Zona Man,Igor Mamet & Thomas Cullison,Song originally began as a solo Juice WRLD track.,Crawling In My Skin NEW,CB5 beat 130bpm C min,"Juice's Vocals Chalice Recording Studio, West Hollywood, Los Angeles, CA.","Juice's Vocals February 20, 2018. File Exported January 3, 2023.","First Previewed January 11, 2023.","Surfaced May 11, 2024.",2:57,Original Feature Demo Track,Original File 126kbps (.m4a)
1443,POST,88,Life's A Mess (feat. Halsey) [v1],Juice WRLD,Charlie Handsome & Rex Kudo,"James Kang, Max Lord, Rex Kudo & Unknown",Song originally began as a solo Juice WRLD track.,File Name: LIFES A MESS FT HALSEY RUFF Session Title: SONG1.ptx,Instrumental: 144 RRRGT REX Open Verse File: Juice Wrld - Life's a Mess v6 6_29,"Juice's Vocals Home Recording Studio, Encino Hills, Los Angeles, CA. Halsey's Vocals Blue Room West Recording Studio, West Hollywood, Los Angeles, CA.","Juice's Vocals September 25, 2019. Halsey's Vocals June 30, 2020.",-,"Surfaced March 4, 2023. Session Surfaced April 2, 2023.",3:22,Original Feature Demo Track,Studio Session & Original Files 2304kbps (.wav) 320kbps (.mp3)
1444,POST,89,Life's A Mess (feat. Halsey) [ v2 ],Juice WRLD,Charlie Handsome & Rex Kudo,"James Kang, Manny Marroquin, Max Lord, Rex Kudo & Unknown",Song originally began as a solo Juice WRLD track.,File Name: JW-LIFES A MESS-mix.1 Session Title: JW-LIFES A MESS-MULTI.ptx,144 RRRGT REX,"Juice's Vocals Home Recording Studio, Encino Hills, Los Angeles, CA. Halsey's Vocals Blue Room West Recording Studio, West Hollywood, Los Angeles, CA.","Juice's Vocals September 25, 2019. Halsey's Vocals June 30, 2020.",-,"Surfaced May 9, 2024.",3:24,Alternate Feature Demo Track,Original File 320kbps (.mp3)
1445,POST,90,Life's A Mess (feat. Halsey) [ v3 ],Juice WRLD,John Cunningham,"James Kang, John Cunningham, Max Lord & Rex Kudo",Song originally began as a solo Juice WRLD track.,,,"Juice's Vocals Home Recording Studio, Encino Hills, Los Angeles, CA. Halsey's Vocals Blue Room West Recording Studio, West Hollywood, Los Angeles, CA.","Juice's Vocals September 25, 2019. Halsey's Vocals June 30, 2020. File Exported December 2, 2021.","First Previewed December 2, 2021.","Surfaced December 2, 2021.",2:20,Alternate Feature Demo Track,128kbps (.mp3)
1446,POST,91,Life's A Mess ( v10 ),Juice WRLD,Charlie Handsome & Rex Kudo,Max Lord & Unknown,-,Juice Wrld - Life's a Mess v5 6_29,142 RRRGT REX,"Home Recording Studio, Encino Hills, Los Angeles, CA.","Recorded September 25, 2019. Files Exported June 29, 2020.",-,"Surfaced May 9, 2024.",1:30,Alternate Solo Demo Track,Original File 320kbps (.mp3)
1447,POST,92,Life's A Mess ( v11 ),Juice WRLD,Charlie Handsome & Rex Kudo,Max Lord & Unknown,-,Juice Wrld - Life's a Mess v6 6_29,142 RRRGT REX,"Home Recording Studio, Encino Hills, Los Angeles, CA.","Recorded September 25, 2019. .L/.R Files Exported June 29, 2020.",-,"Surfaced March 4, 2023.",3:25,Alternate Solo Demo Track,Original Files .L/.R 1152kbps (.wav)
1448,POST,93,Life's A Mess ( v12 ),Juice WRLD,Charlie Handsome & Rex Kudo,Max Lord & Unknown,-,Juice Wrld - Life's a Mess (final),142 RRRGT REX,"Home Recording Studio, Encino Hills, Los Angeles, CA.","Recorded September 25, 2019.",-,"Surfaced May 9, 2024.",2:59,Alternate Solo Demo Track,Original File 320kbps (.mp3)
1449,POST,94,Life's A Mess ( v2.5 ),Juice WRLD,Charlie Handsome & Rex Kudo,Max Lord & Unknown,-,Juice Wrld - 140 RRRGT rex v2.5 LIFES A MESS 1,140 RRRGT REX,"Home Recording Studio, Encino Hills, Los Angeles, CA.","Recorded September 25, 2019. Files Exported May 24, 2020.",-,"Surfaced May 9, 2024.",3:25,Alternate Solo Demo Track,Original File 2304kbps (.wav)
1450,POST,95,Life's A Mess ( v3 ),Juice WRLD,Charlie Handsome & Rex Kudo,Max Lord & Unknown,-,Juice Wrld - 140 RRRGT rex v3.0 LIFES A MESS 2,140 RRRGT REX,"Home Recording Studio, Encino Hills, Los Angeles, CA.","Recorded September 25, 2019. Files Exported May 26, 2020.",-,"Surfaced May 9, 2024.",3:29,Alternate Solo Demo Track,Original File 2304kbps (.wav)
1451,POST,96,Life's A Mess ( v4.1 ),Juice WRLD,Charlie Handsome & Rex Kudo,Max Lord & Unknown,-,File Name (1): Juice Wrld - 140 RRRGT rex v4.1 LIFES A MESS 4 File Name (2): lifes a mess,140 RRRGT REX,"Home Recording Studio, Encino Hills, Los Angeles, CA.","Recorded September 25, 2019. Files Exported May 29, 2020.",-,"Surfaced September 5, 2020.",3:32,Alternate Solo Demo Track,Original Files 2304kbps (.wav)
1452,POST,97,Life's A Mess ( v4 ),Juice WRLD,Charlie Handsome & Rex Kudo,Max Lord & Unknown,-,Juice Wrld - 140 RRRGT rex v4.0 LIFES A MESS 3,140 RRRGT REX,"Home Recording Studio, Encino Hills, Los Angeles, CA.","Recorded September 25, 2019. Files Exported May 28, 2020.",-,"Surfaced May 9, 2024.",3:27,Alternate Solo Demo Track,Original File 2304kbps (.wav)
1453,POST,98,Life's A Mess ( v5 ),Juice WRLD,Charlie Handsome & Rex Kudo,Max Lord & Unknown,-,LIFES A MESS v2 144,144 RRRGT REX,"Home Recording Studio, Encino Hills, Los Angeles, CA.","Recorded September 25, 2019.",-,"Surfaced August 30, 2020.",2:44,Alternate Solo Demo Track,Original File 320kbps (.mp3)
1454,POST,99,Life's A Mess ( v6 ),Juice WRLD,Charlie Handsome & Rex Kudo,Max Lord & Unknown,-,LIFES A MESS v3 144,144 RRRGT REX,"Home Recording Studio, Encino Hills, Los Angeles, CA.","Recorded September 25, 2019.",-,"Surfaced March 4, 2023.",2:58,Alternate Solo Demo Track,Original File 320kbps (.mp3)
1455,POST,100,Life's A Mess ( v7 ),Juice WRLD,"Charlie Handsome, Khaled Rohaim & Rex Kudo","Khaled Rohaim, Max Lord & Unknown",-,lifes a mess khaled draft,142 RRRGT REX,"Home Recording Studio, Encino Hills, Los Angeles, CA.","Recorded September 25, 2019. Files Exported June 9, 2020.",-,"Surfaced May 9, 2024.",3:22,Alternate Solo Demo Track,Original File 110kbps (.m4a)
1456,POST,101,Life's A Mess ( v8 ),Juice WRLD,"Charlie Handsome, Khaled Rohaim & Rex Kudo","Khaled Rohaim, Max Lord & Unknown",-,khaled-lifes a mess rough w drums,142 RRRGT REX,"Home Recording Studio, Encino Hills, Los Angeles, CA.","Recorded September 25, 2019.",-,"Surfaced March 7, 2022.",3:23,Alternate Solo Demo Track,Original File 320kbps (.mp3)
1457,POST,102,Life's A Mess ( v9 ),Juice WRLD,Charlie Handsome & Rex Kudo,"Khaled Rohaim, Max Lord & Unknown",-,lifes a mess v3.2 rough copy,142 RRRGT REX,"Home Recording Studio, Encino Hills, Los Angeles, CA.","Recorded September 25, 2019.",-,"Surfaced February 13, 2023.",3:23,Alternate Solo Demo Track,Original File 320kbps (.mp3)
1458,POST,103,Lonely Road (v2) Survive | Tripplet,Juice WRLD,Justin Craig & PD Beats,Chris Barnett,-,File Name: Tripplet WAV Session Title: Tripplet.ptx,tripplet it x dylan,"Glass Tree Creative Recording Studio, Downtown, Chicago, IL.","Recorded March 30, 2018. File Exported August 16, 2023.","First Previewed August 16, 2023.","Surfaced August 16, 2023. Session Surfaced November 15, 2023.",3:03,Alternate Demo Track,Studio Session & Original File 2117kbps (.wav)
1459,POST,104,Lose You (v2) Used To,Juice WRLD,Mitch Mula,Mitch Mula,-,Juice Wrld - Used to 24bit MASTER,,"Private Stock Recording Studio, Mayfair, Chicago, IL.","File Exported November 7, 2024.",-,"Surfaced August 17, 2025.",3:09,Alternate Demo Track,Original File 2304kbps (.wav)
1460,POST,105,Love No Hoe (v3) New Hit,Juice WRLD,The Beat Asylum,Juice WRLD & Marcus Gibson,-,File Name: Love No Hoe Session Title: new hit.ptx,BILLS 150BPM,"Unhkl Flex's Home Recording Studio, Matteson, Chicago, IL.","Recorded January 2, 2018.",-,"Surfaced December 20, 2023. Session Surfaced December 20, 2023.",2:53,Alternate Demo Track ( Complete ),Studio Session & Original File 320kbps (.mp3)
1461,POST,106,Love You Always (v2),Juice WRLD,Nick Mira,BJ Mekk,"Song is unfinished, contains an open verse.",File Name: Juice Wrld - Love you always Session Title: Juice Wrld - Love You Always.ptx,Instrumental: NM - Burrow 140BPM Beat Pack: NM - Juice 5.16,"Paramount Ameraycan Recording Studio, North Hollywood, Los Angeles, CA.","Recorded May 23, 2018. File Exported February 3, 2020.",-,"Surfaced December 10, 2020.",4:20,Alternate Demo Track ( Open Verse ),Studio Session & Original Files 3072kbps (.wav) 320kbps (.mp3)
1462,POST,107,Lucid Dreams (Remix) [feat. Lil Uzi Vert] { v2 } lucid dreams ( forget me ) | Lucid Dreams ( Pt. 1 ) Song was originally called 'Remember Me'.,Juice WRLD,Dominic Miller & Nick Mira,"Kesha Lee, Mike Tucci, Romel Williams, Tatsuya Sato & Unknown",Samples Sting's 'Shape Of My Heart'. Song originally began as a solo Juice WRLD track.,Lucid Dreams (Remix) - main (mastered ts),,"Juice's Vocals Enviyon Entertainment Recording Studio, Country Club Hills, Chicago, IL. Uzi's Vocals MilkBoy Recording Studio, Franklin Square, Philadelphia, PA.","Juice's Vocals June 13, 2017. Uzi's Vocals May 16, 2018. File Exported May 19, 2021.",-,-,4:00,Alternate Feature Demo & Remix Track ( Complete ),Original File 1411kbps (.wav)
1463,POST,108,Macaroni Sound (v1.1) Extra,Juice WRLD,Rex Kudo,Max Lord,-,File Name: Juice Wrld - macaroni sound v1.1 (DD2 ChicagoSUNS rex) Session Title (1): DD2 ChicagoSUNS rex v2 macaroni sound.ptx Session Title (2): DD2 ChicagoSUNS MLv2 macaroni sound.ptx Folder Title: DD2 ChicagoSuns rex,DD2 ChicagoSUNS 164,"Home Recording Studio, Encino Hills, Los Angeles, CA.","Recorded September 26, 2019.",-,"Surfaced January 25, 2026. Session Surfaced January 25, 2026.",2:49,Alternate Demo Track ( Complete ),Studio Session & Pro Tools Export
1464,POST,109,Man Of The Year ( v14 ) Man Of The Year ( 999 ) | M.O.T.Y. Song was originally called 'Breakthrough'.,Juice WRLD,"Heavy Mellow, Joe Reeves, Rex Kudo & Skrillex","Adam Lunn, Heavy Mellow, Max Lord, Rex Kudo & Unknown",-,MOTY skril 3 extra verse ref,MOTY skril 3 master instrumental,"Wendyhouse Production Studio, Shepherd's Bush, London, England.","Recorded July 6, 2019.",-,"Surfaced June 10, 2025. Session Surfaced June 10, 2025.",2:14,Alternate Demo Track ( Complete ),Studio Session & Original File 2117kbps (.wav)
1465,POST,110,Man Of The Year ( v16 ) Man Of The Year ( 999 ) | M.O.T.Y. Song was originally called 'Breakthrough'.,Juice WRLD,"Heavy Mellow, Joe Reeves, Rex Kudo & Skrillex","Adam Lunn, Heavy Mellow, Max Lord, Rex Kudo & Unknown",-,MOTY ref,,"Wendyhouse Production Studio, Shepherd's Bush, London, England.","Recorded July 6, 2019.",-,"Surfaced June 10, 2025. Session Surfaced June 10, 2025.",2:14,Alternate Demo Track ( Complete ),Studio Session & Original File 2117kbps (.wav)
1466,POST,111,Man Of The Year ( v18 ) Man Of The Year ( 999 ) | M.O.T.Y. Song was originally called 'Breakthrough'.,Juice WRLD,"Heavy Mellow, Joe Reeves, Rex Kudo & Skrillex","Adam Lunn, Heavy Mellow, Max Lord, Rex Kudo & Unknown","Originally released on Streaming Platforms as track #7 on 'Legends Never Die', but was replaced with an updated version containing a different vocal arrangement.",,,"Wendyhouse Production Studio, Shepherd's Bush, London, England.","Recorded July 6, 2019.",-,"Released July 10, 2020.",2:16,Alternate Demo Track ( Complete ),128kbps (.mp3)
1467,POST,112,Meagan Good (feat. Fivio Foreign) [v1] Never Ever Good,Juice WRLD,"Bordeaux, DJ Victoriouz, Mitch Mula & Non Native",Mitch Mula & Kajun Waters,Song originally began as a solo Juice WRLD track.,File Name: Megan Good v1 Session Title: T2 082620.ptx,Tag Only - Briss 97 BPM,"Juice's Vocals Private Stock Recording Studio, Mayfair, Chicago, IL.","Fivio's Vocals August 26-27, 2020.",-,"Surfaced April 6, 2021. Session Surfaced March 8, 2022.",2:37,Original Feature Demo Track,Studio Session & Original File 320kbps (.mp3)
1468,POST,113,Meagan Good (feat. Fivio Foreign) [v2] Never Ever Good,Juice WRLD,"Bordeaux, DJ Victoriouz, Mitch Mula & Non Native",Mitch Mula & Kajun Waters,Song originally began as a solo Juice WRLD track.,File Name: Megan Good v2 Session Title: Megan Good.ptx Folder Title: T2 082620,Tag Only - Briss 97 BPM,"Juice's Vocals Private Stock Recording Studio, Mayfair, Chicago, IL.","Fivio's Vocals August 26-27, 2020.",-,"Surfaced March 8, 2022. Session Surfaced March 8, 2022.",2:52,Alternate Feature Demo Track,Studio Session & Original File 320kbps (.mp3)
1469,POST,114,Meagan Good (feat. Fivio Foreign) [v8] Never Ever Good,Juice WRLD,"Bordeaux, DJ Victoriouz, Mitch Mula & Non Native",Mitch Mula & Kajun Waters,Song originally began as a solo Juice WRLD track.,File Name: Megan Good v8 Session Title: Megan Good.ptx Folder Title: T2 082620,Tag Only - Briss 97 BPM,"Juice's Vocals Private Stock Recording Studio, Mayfair, Chicago, IL.","Fivio's Vocals August 26-27, 2020.",-,"Surfaced March 8, 2022. Session Surfaced March 8, 2022.",2:52,Alternate Feature Demo Track,Studio Session & Original File 320kbps (.mp3)
1470,POST,115,Meagan Good ( v2 ) Never Ever Good,Juice WRLD,"Bordeaux, DJ Victoriouz, Mitch Mula & Non Native",Mitch Mula & Kajun Waters,-,File Name: Juice x Fivi v1 Session Title: T2 082620.ptx,Tag Only - Briss 97 BPM,"Private Stock Recording Studio, Mayfair, Chicago, IL.",".L/.R Files Exported August 26, 2020.",-,"Surfaced March 8, 2022. Session Surfaced March 8, 2022.",2:37,Alternate Solo Demo Track,Studio Session & Original Files .L/.R 1152kbps (.wav)
1471,POST,116,Meagan Good ( v3 ) Never Ever Good,Juice WRLD,"Bordeaux, DJ Victoriouz, Mitch Mula & Non Native",Mitch Mula & Kajun Waters,-,File Name: Juice x Fivi v2 Session Title: T2 082620.ptx,Tag Only - Briss 97 BPM,"Private Stock Recording Studio, Mayfair, Chicago, IL.",".L/.R Files Exported August 26, 2020.",-,"Surfaced March 8, 2022. Session Surfaced March 8, 2022.",2:37,Alternate Solo Demo Track,Studio Session & Original Files .L/.R 1152kbps (.wav)
1472,POST,117,Meagan Good ( v4.1 ) Never Ever Good,Juice WRLD,"Bordeaux, DJ Victoriouz, Mitch Mula & Non Native",Mitch Mula & Kajun Waters,-,File Name: Juice x Fivi v3.1 Session Title: T2 082620.ptx,Tag Only - Briss 97 BPM,"Private Stock Recording Studio, Mayfair, Chicago, IL.",".L/.R Files Exported August 27, 2020.",-,"Surfaced March 8, 2022. Session Surfaced March 8, 2022.",2:52,Alternate Solo Demo Track,Studio Session & Original Files .L/.R 1152kbps (.wav)
1473,POST,118,Meagan Good ( v4 ) Never Ever Good,Juice WRLD,"Bordeaux, DJ Victoriouz, Mitch Mula & Non Native",Mitch Mula & Kajun Waters,-,File Name: Juice x Fivi v3 Session Title: T2 082620.ptx,Tag Only - Briss 97 BPM,"Private Stock Recording Studio, Mayfair, Chicago, IL.",".L/.R Files Exported August 27, 2020.",-,"Surfaced March 8, 2022. Session Surfaced March 8, 2022.",2:52,Alternate Solo Demo Track,Studio Session & Original Files .L/.R 1152kbps (.wav)
1474,POST,119,Meagan Good ( v5 ) Never Ever Good,Juice WRLD,DJ Victoriouz & Mitch Mula,Mitch Mula,-,Juice Wrld - megan good 24BIT MASTER,Briss 97 BPM,"Private Stock Recording Studio, Mayfair, Chicago, IL.","File Exported November 7, 2024.",-,"Surfaced August 17, 2025.",2:36,Alternate Solo Demo Track,Original File 2304kbps (.wav)
1475,POST,120,Minus (feat. Trevor Daniel) Song was originally untitled.,Juice WRLD,Charlie Handsome,"Jamil Chammas, Ricky Reed & Unknown",Song originally began as a solo Juice WRLD track.,Lette 1,,"Juice's Vocals The Palm Pad Recording Studio, Hollywood Hills, Los Angeles, CA.","Juice's Vocals March 7-8, 2018.",-,"Surfaced February 16, 2021.",2:45,Feature Track,Original File 160kbps (.mp3)
1476,POST,121,Minus ( v3 ) Song was originally untitled.,Juice WRLD,Charlie Handsome,"Jamil Chammas, Ricky Reed & Unknown",-,JUICE MINUS 146v1,,"The Palm Pad Recording Studio, Hollywood Hills, Los Angeles, CA.","Recorded March 7-8, 2018.",-,"Surfaced January 16, 2023.",2:55,Alternate Solo Demo Track,Original File 320kbps (.mp3)
1477,POST,122,Minus ( v4 ) Song was originally untitled.,Juice WRLD,Charlie Handsome,"Jamil Chammas, Ricky Reed & Unknown",-,JUICE WRLD MINUS DEMO,,"The Palm Pad Recording Studio, Hollywood Hills, Los Angeles, CA.","Recorded March 7-8, 2018. File Exported October 17, 2024.",-,"Surfaced December 31, 2025.",3:04,Alternate Solo Demo Track,Original File 2117kbps (.wav)
1478,POST,123,Misery Avenue ( v4 ) Back To Me | This Is Me Song was originally untitled.,Juice WRLD,DJ L Beats,Marquis Robinson & Unknown,"Originally released on iTunes as a single track, but was later removed for unknown reasons.",,,"Complex 2010 Recording Studio, China Town, Chicago, IL.","Recorded February 2, 2018.",-,"Surfaced December 30, 2021.",4:01,Alternate Demo Track,128kbps (.mp3)
1479,POST,124,"Murder Scene* ( v2 ) Song is titled '14SSMLFIZZ', after the instrumental.",Juice WRLD,"Max Lord, Southside & Thank You Fizzle",Max Lord & Unknown,Sample's Julia Michael's 'Heaven'.,juice wrld14SSMLFIZZ brndo v2,14SSMLFIZZ brndo v2,"Home Recording Studio, Encino Hills, Los Angeles, CA.","Recorded July 27, 2019. File Exported January 26, 2023.","First Previewed January 26, 2024.","Surfaced February 22, 2024.",3:50,Alternate Demo Track ( Complete ),Original File 2822kbps (.wav)
1480,POST,125,"Murder Scene* ( v8 ) Song is titled '14SSMLFIZZ', after the instrumental.",Juice WRLD,"Max Lord, Southside & Thank You Fizzle",Max Lord & Unknown,Sample's Julia Michael's 'Heaven'.,14SSMLFIZZ brndo v2 MIX 7,14SSMLFIZZ brndo v2,"Home Recording Studio, Encino Hills, Los Angeles, CA.","Recorded July 27, 2019. File Exported July 9, 2024.",-,"Surfaced February 24, 2025.",3:47,Alternate Demo Track ( Complete ),Original File 262kbps (.m4a)
1481,POST,126,My Name (v2),Juice WRLD,CakeBoy Bally,James Kang,-,MY NAME_1,,"Blue Room West Recording Studio, West Hollywood, Los Angeles, CA.","Recorded September 10-11, 2018. File Exported November 9, 2021.",-,"Surfaced August 16, 2023.",1:50,Alternate Demo Track,Original Files 2304kbps (.wav) 320kbps (.mp3)
1482,POST,127,Neverland (v1),Juice WRLD,"Michael Omartian, Take A Daytrip & Unknown",Unknown,"Official edit made by Unknown , reusing Juice WRLD's vocals from ' Unknown '. Sample's Christopher Cross' 'Sailing'.",Juice WRLD - Neverland,,-,-,-,"Surfaced May 11, 2024.",3:29,Official Original Edit Demo Track,Original File 320kbps (.mp3)
1483,POST,128,Neverland (v2),Juice WRLD,"Michael Omartian, Take A Daytrip & Unknown",Unknown,"Official edit made by Unknown , reusing Juice WRLD's vocals from ' Unknown '. Sample's Christopher Cross' 'Sailing'.",Juice WRLD - Neverland B,,-,-,-,"Surfaced June 10, 2024.",3:27,Official Alternate Edit Demo Track,Original File 320kbps (.mp3)
1484,POST,129,Neverland (v3),Juice WRLD,"Michael Omartian, Take A Daytrip & Unknown",Unknown,"Official edit made by Unknown , reusing Juice WRLD's vocals from ' Unknown '. Sample's Christopher Cross' 'Sailing'.",Juice WRLD - Neverland C,,-,-,-,"Surfaced June 9, 2024.",3:27,Official Alternate Edit Demo Track,Original File 320kbps (.mp3)
1485,POST,130,New Girl (v5) Latex,Juice WRLD,"Joey88, Leaf & Toshiro Masuda",Juice WRLD & Marcus Gibson,Samples Toshiro Masuda's 'Sadness & Sorrow' from Naruto's original Soundtrack.,File Name: New Girl Session Title: new girl.ptx,naruto78bpm,"Unhkl Flex's Home Recording Studio, Matteson, Chicago, IL.","Recorded January 5, 2018.",-,"Surfaced December 4, 2023. Session Surfaced December 4, 2023.",4:09,Alternate Demo Track ( Complete ),Studio Session & Original File 320kbps (.mp3)
1486,POST,131,Newww Whip (v2) Snare Song was originally called 'Newww'.,Juice WRLD,CakeBoy Bally,2Fly,-,File Name: NEWWW WHIP Session Title: NEWWW.ptx,,"Blue Room West Recording Studio, West Hollywood, Los Angeles, CA.","Recorded September [ ? ], 2018. File Exported December 4, 2020.",-,"Surfaced March 21, 2026.",2:22,Alternate Demo Track,Original File 2117kbps (.wav)
1487,POST,132,No Coaster (feat. Polo G) [v1] Do The Most | The Coast,Juice WRLD,"Andrew Watt, Louis Bell & Nick Mira",Florian Ongonga & Todd Hurtt,Song originally began as a solo Juice WRLD track.,File Name: JUICE x POLO G - NO COSTER v2 RUFF Session Title: JUICE x POLO G - NO COSTER v2 for mix.ptx Folder Title: 11 COSTER,Instrumental: nm x lou x watt - goldfish 135BPM Loop (1): Idea 1 (Immortal Goldfish) - 01 - Slide Guitar 1 (130 BPM) Loop (2): Idea 1 (Immortal Goldfish) - 02 - Guitar 1 (130 BPM) Loop (3): Idea 1 (Immortal Goldfish) - 03 - Guitar Verse (130 BPM) Beat Pack: nick juice oct 29 2018,"Juice's Vocals Tree Sound Recording Studio, Norcross, Atlanta, GA.","Juice's Vocals November 29, 2018. Polo G's Vocals October 21, 2021.",-,"Surfaced June 22, 2022. Session Surfaced June 22, 2022.",3:47,Original Feature Demo Track,Studio Session & Pro Tools Export
1488,POST,133,No Coaster (feat. Polo G) [ v3 ] Do The Most | The Coast,Juice WRLD,"Andrew Watt, Louis Bell & Nick Mira",Florian Ongonga & Todd Hurtt,Song originally began as a solo Juice WRLD track.,,Instrumental: nm x lou x watt - goldfish 135BPM Loop (1): Idea 1 (Immortal Goldfish) - 01 - Slide Guitar 1 (130 BPM) Loop (2): Idea 1 (Immortal Goldfish) - 02 - Guitar 1 (130 BPM) Loop (3): Idea 1 (Immortal Goldfish) - 03 - Guitar Verse (130 BPM) Beat Pack: nick juice oct 29 2018,"Juice's Vocals Tree Sound Recording Studio, Norcross, Atlanta, GA.","Juice's Vocals November 29, 2018. Polo G's Vocals October 21, 2021.","First Previewed November 9, 2021.","Surfaced November 9, 2021.",3:47,Alternate Feature Demo Track,320kbps (.mp3)
1489,POST,134,No Smoke (v3) Get Smoked Song was originally called 'You Want Smoke?'.,Juice WRLD,Dorien Theus,Juice WRLD & Marcus Gibson,Shares the same instrumental as 'Break'.,File Name: NO SMOKE Session Title: you want smoke.ptx Folder Title: Wathca Doin,Instrumental: Break UT 165 Loop: sauceitdown 155,"Unhkl Flex's Home Recording Studio, Matteson, Chicago, IL.","Recorded December 10-19, 2017.",-,"Surfaced December 2, 2023. Session Surfaced December 2, 2023.",2:07,Alternate Demo Track ( Complete ),Studio Session & Original File 320kbps (.mp3)
1490,POST,135,Not Enough ( v4 ) I Need You | Out Of Luck Song was originally called 'Gun Next To Me'.,Juice WRLD,"Dr. Luke, Justin Craig, KBeaZy & PD Beats","Justin Craig, Tatsuya Sato & Unknown",Shares the same loop as ATEEZ's 'Dancing Like Butterfly Wings' & Bustafunk's 'Bouncy Delight'.,10 Not Enough - main (mastered ts),Loop: MdL TMS Guitar Loop - 90 BPM - G Major,"Glass Tree Creative Recording Studio, Downtown, Chicago, IL.","Recorded April 26-27, 2018. File Exported August 31, 2021.",-,"Surfaced August 28, 2022.",2:40,Alternate Demo Track,Original File 1411kbps (.wav)
1491,POST,136,Off The Rip ( v2 ) Gamble,Juice WRLD,Richie Souf,Max Lord & Unknown,-,OFF THE RIP,rs_1957_010619_3,"Rented Home Recording Studio, Beverly Hills, Los Angeles, CA.","Recorded February 13, 2019. File Exported November 9, 2021","First Previewed November 12, 2021.","Surfaced May 2, 2022.",1:53,Alternate Demo Track,Original Files 2117kbps (.wav) 320kbps (.mp3)
1492,POST,137,"Oh Yeah, I Did (v2) Boondocks | Broke To Rich",Juice WRLD,Diego Ave & Mally Mall,2Fly,-,File Name: OH YEAH I DID_1 Session Title: OH YEAH I DID.ptx,1 Juice Gtrs 148npm_01,"Paramount Recording Studio, Santa Monica, Los Angeles, CA.","Recorded July 9, 2018. File Exported December 4, 2020.",-,"Surfaced December 5, 2025. Session Surfaced October 13, 2025.",1:43,Alternate Demo Track,Studio Session & Original File 2117kbps (.wav)
1493,POST,138,"Oh Yeah, I Did ( v3 ) Boondocks | Broke To Rich",Juice WRLD,"Diego Ave, Mally Mall & Unknown",2Fly & Unknown,-,,,"Paramount Recording Studio, Santa Monica, Los Angeles, CA.","Recorded July 9, 2018.",-,"Surfaced October 6, 2020.",1:43,Alternate Demo Track,128kbps (.mp3)
1494,POST,139,Out My Face (v2) Arrow | Going M.I.A | M.I.A,Juice WRLD,Nick Mira,Juice WRLD & Marcus Gibson,-,File Name: Arrow Session Title: arrow.ptx,Instrumental: NM - Arrow 85 BPM Beat Pack: 11.25.17 Juice,"Unhkl Flex's Home Recording Studio, Matteson, Chicago, IL.","Recorded December 20, 2017.",-,"Surfaced October 10, 2023. Session Surfaced October 10, 2023.",3:00,Alternate Demo Track ( Complete ),Studio Session & Original File 320kbps (.mp3)
1495,POST,140,Outta Pocket (feat. Valee) [v2],Juice WRLD,Nick Mira,BJ Mekk,-,File Name: Juice Wrld Feat. A1 - Outta Pocket Session Title: Juice Wrld - Outta Pocket.ptx,Instrumental: NM - Sobb 160BPM Loop Stems: NM_Thoughtful 165 Loop Kit: Nick Mira - Mira Mozart Vol. 1 Beat Pack: NM - Juice 5.16,"Paramount Ameraycan Recording Studio, North Hollywood, Los Angeles, CA.","Recorded May 22, 2018. File Exported February 3, 2020.",-,"Surfaced April 17, 2022. Session Surfaced April 17, 2022.",4:24,Alternate Feature Demo Track ( Complete ),Studio Session & Original Files 3072kbps (.wav) 320kbps (.mp3)
1496,POST,141,Pull Up In The Range (feat. NLE Choppa) [ v1 ] Conjuring | Won't Die Song was originally untitled.,Juice WRLD,"Boi-1da, Jahaan Sweet & TBHits",Billy Hickey & Unknown,Song originally began as a solo Juice WRLD track.,NLE Choppa - Pull Up In The Range - 7.19.23am,3030 - ILL JAHAAN TOMMY STUPID BEAT,"Juice's Vocals Paramount Recording Studio, Santa Monica, Los Angeles, CA.","Juice's Vocals December 18-19, 2018. File Exported July 19, 2023.","First Previewed June 6, 2024.","Surfaced August 14, 2024.",2:10,Original Feature Demo Track,Original File 320kbps (.mp3)
1497,POST,142,Pull Up In The Range (feat. NLE Choppa) [ v2 ] Conjuring | Won't Die Song was originally untitled.,Juice WRLD,"Boi-1da, Jahaan Sweet & TBHits",Billy Hickey & Unknown,Song originally began as a solo Juice WRLD track.,NLE Choppa - Pull Up In The Range.OPEN VERSE - 12.28.23am,3030 - ILL JAHAAN TOMMY STUPID BEAT,"Juice's Vocals Paramount Recording Studio, Santa Monica, Los Angeles, CA.","Juice's Vocals December 18-19, 2018. File Exported December 28, 2023.",-,"Surfaced August 14, 2024.",3:05,Alternate Feature Demo Track,Original File 320kbps (.mp3)
1498,POST,143,Push Me Away* (feat. Babyy9LF) [ v1 ] Song is untitled.,Juice WRLD,PrettyBoy Pablo,Babyy9LF & PrettyBoy Pablo,Song originally began as a solo Juice WRLD track.,,,"Juice's Vocals Penthouse Recording Studio, Times Square, New York City, NY.","Juice's Vocals February 8, 2018.",-,"Surfaced October 11, 2023.",3:11,Original Feature Demo Track,320kbps (.mp3)
1499,POST,144,Push Me Away* (feat. Babyy9LF) [ v2 ] Song is untitled.,Juice WRLD,PrettyBoy Pablo,Babyy9LF & PrettyBoy Pablo,Song originally began as a solo Juice WRLD track.,,,"Juice's Vocals Penthouse Recording Studio, Times Square, New York City, NY.","Juice's Vocals February 8, 2018.",-,"Surfaced January 19, 2024.",2:43,Alternate Feature Demo Track,128kbps (.mp3)
1500,POST,145,Rain Dance ( v4 ),Juice WRLD,"Carlton McDowell, CHASETHEMONEY & Noir",Max Lord & Unknown,"Originally released on Streaming Platforms as a single track, but was later removed for unknown reasons.",,,"Home Recording Studio, Encino Hills, Los Angeles, CA.","Recorded September 23, 2019.","First Previewed June 28, 2022.","Released July 4, 2022.",2:08,Alternate Demo Track,128kbps (.mp3)
1501,POST,146,Relocate ( v2 ) No Russian,Juice WRLD,Nick Mira,Max Lord & Unknown,-,12. Relocate (JUICE MOM INTRO),Instrumental: NM - Fable 166BPM Beat Pack: Nick Mira - Juice WRLD 8.4,"Home Recording Studio, Encino Hills, Los Angeles, CA.","Recorded August 4, 2019. .L/.R Files Exported November 2, 2021.",-,"Surfaced February 17, 2024.",3:27,Alternate Demo Track,Original Files .L/.R 1058kbps (.wav)
1502,POST,147,Reminds Me Of You (feat. The Kid LAROI) [v1.5] Reminds Me ( Remix ),Juice WRLD,"Aaron Joseph, Dr. Luke, Sam Sumser, Sean Small & Theron Thomas",Dr. Luke & Unknown,Remixes Kim Petra's 'Reminds Me'. Song originally began as a solo Juice WRLD track.,reminds me juice 1.5,,"Juice's Vocals Dr. Luke's Private Recording Studio, West Hollywood, Los Angeles, CA.","Juice's Vocals May 3, 2019.",-,"Surfaced December 9, 2024.",2:38,Alternate Feature Demo Track,Original File 192kbps (.mp3)
1503,POST,148,Repo ( v4 ) Cheat Code | No Depot,Juice WRLD,Dorien Theus & Nick Mira,"Oz On The Track, Unknown & Young Era",-,Juice WRLD - Repo 3rd,,"[ ? ], [ ? ], Los Angeles, CA.","Recorded March 7-8, 2018.",-,"Surfaced December 4, 2022.",2:00,Alternate Demo Track,Original File 320kbps (.mp3)
1504,POST,149,Right Or Wrong (v2),Juice WRLD,Mitch Mula,Mitch Mula,-,Juice Wrld - right or wrong 24bit MASTER,,"Private Stock Recording Studio, Mayfair, Chicago, IL.","Recorded January 31, 2018. File Exported November 7, 2024.",-,"Surfaced August 17, 2025.",2:58,Alternate Demo Track,Original File 2304kbps (.wav)
1505,POST,150,Ritual (with Marcus Gibson) [v3] Mothership | Richual Song was originally untitled.,Juice WRLD & Marcus Gibson,The Beat Asylum,Marcus Gibson,-,File Name: RITUAL Session Title: RICHUAL.ptx Folder Title: Juice & Gdot,KODAK MOMENT BPM143,"Unhkl Flex's Home Recording Studio, Matteson, Chicago, IL.","Recorded January 10, 2018. File Exported January 4, 2021.",-,"Surfaced August 31, 2023. Session Surfaced January 20, 2024.",3:48,Alternate Demo Track,Studio Session & Original File 320kbps (.mp3)
1506,POST,151,Rockstar In His Prime (v2) Deal With This Hurt Song was originally called 'Deal Wit' This Hurt'.,Juice WRLD,Dee Jae & T-Minus,Max Lord,-,rockstar in his prime ML mix v1,TMINUS deejaeharmonica_2,"Serenity West Recording Studio, Hollywood, Los Angeles, CA.","Recorded December 22-23, 2018.",-,"Surfaced August 25, 2023.",3:24,Alternate Demo Track,Original File 320kbps (.mp3)
1507,POST,152,Rockstar In His Prime (v2) [Mix 2] Deal With This Hurt Song was originally called 'Deal Wit' This Hurt'.,Juice WRLD,Dee Jae & T-Minus,Max Lord,-,rockstar in his prime ML mix v2,TMINUS deejaeharmonica_2,"Serenity West Recording Studio, Hollywood, Los Angeles, CA.","Recorded December 22-23, 2018.",-,"Surfaced August 25, 2023.",3:27,Alternate Demo Track,Original File 320kbps (.mp3)
1508,POST,153,Rockstar In His Prime (v2) [Mix 3] Deal With This Hurt Song was originally called 'Deal Wit' This Hurt'.,Juice WRLD,Dee Jae & T-Minus,Max Lord,-,rockstar in his prime ML mix v3,TMINUS deejaeharmonica_2,"Serenity West Recording Studio, Hollywood, Los Angeles, CA.","Recorded December 22-23, 2018.",-,"Surfaced August 25, 2023.",3:27,Alternate Demo Track,Original File 320kbps (.mp3)
1509,POST,154,Rollie (feat. French Montana) [ v6 ] Something To Prove Song is titled after the instrumental.,Juice WRLD,Jamz,PrettyBoy Pablo & Unknown,Song originally began as a solo Juice WRLD track.,_French ft JUICE WRLD pre mix 6,ROLLIE JAMZ BEAT 163TEMPO,"Juice's Vocals Penthouse Recording Studio, Times Square, New York City, NY.","Juice's Vocals February 5, 2018.",-,"Surfaced August 21, 2021.",2:56,Alternate Feature Demo Track,Original File 320kbps (.mp3)
1510,POST,155,Sic 'Em ( v2 ) Song was originally untitled.,Juice WRLD,HermezGTB,HermezGTB & Kevin Celik,-,HermezGTB x KC JuiceWRLD SiccEm bm150-1,,"Paramount Track Record North Studio, North Hollywood, Los Angeles, CA.","Recorded December 5, 2018.",-,"Surfaced July 18, 2025.",3:12,Alternate Demo Track,Original File 120kbps (.m4a)
1511,POST,156,Sic 'Em ( v4 ) Song was originally untitled.,Juice WRLD,HermezGTB,HermezGTB & Kevin Celik,-,Hermez x KC Juice SiccEm RECENT 3,,"Paramount Track Record North Studio, North Hollywood, Los Angeles, CA.","Recorded December 5, 2018.",-,"Surfaced September 12, 2025.",3:12,Alternate Demo Track,Original File 122kbps (.m4a)
1512,POST,157,Sip ( v3 ) Always Workin',Juice WRLD,DJ Smitty & PipMadeIt,2Fly & Unknown,-,pip smitty juiceworld always workin 150 bpm,,"Paramount Recording Studio, Santa Monica, Los Angeles, CA.","Recorded July 7-8, 2018.",-,"Surfaced February 6, 2021.",3:12,Alternate Demo Track,Original File 320kbps (.mp3)
1513,POST,158,Slim Body (feat. Lil Mosey) Song is titled after the instrumental.,Juice WRLD,Jamz,PrettyBoy Pablo & Unknown,Song originally began as a solo Juice WRLD track.,MOSEY x JUICE - OPEN VERSE,Instrumental: SLIM BODY JAMZ BEAT 117TEMPO Open Verse File: juice - slim body,"Juice's Vocals Penthouse Recording Studio, Times Square, New York City, NY.","Juice's Vocals February 5, 2018.","First Previewed January 14, 2023.","Surfaced March 20, 2023.",3:36,Feature Track,Original File 320kbps (.mp3)
1514,POST,159,Smile (feat. The Weeknd) [v1.1] Song was originally called 'Sad'.,Juice WRLD,"Cxdy, Nick Mira & Taz Taylor",BJ Mekk & Unknown,Song originally began as a solo Juice WRLD track.,Juice Wrld - SAD K L 1.1,MIDI: NM_Avatar,"Juice's Vocals Paramount Ameraycan Recording Studio, North Hollywood, Los Angeles, CA.","Juice's Vocals May 26, 2018.",-,"Surfaced December 9, 2024.",3:01,Alternate Feature Demo Track ( Complete ),Original File 320kbps (.mp3)
1515,POST,160,Smile (feat. The Weeknd) [v1.2] Song was originally called 'Sad'.,Juice WRLD,"Cxdy, Nick Mira & Taz Taylor",BJ Mekk & Unknown,Song originally began as a solo Juice WRLD track.,Juice Wrld - SAD K L 1.2,MIDI: NM_Avatar,"Juice's Vocals Paramount Ameraycan Recording Studio, North Hollywood, Los Angeles, CA.","Juice's Vocals May 26, 2018.",-,"Surfaced December 9, 2024.",3:01,Alternate Feature Demo Track ( Complete ),Original File 320kbps (.mp3)
1516,POST,161,Smile (feat. The Weeknd) [v1.6] Song was originally called 'Sad'.,Juice WRLD,"Cxdy, Nick Mira & Taz Taylor",BJ Mekk & Unknown,Song originally began as a solo Juice WRLD track.,SAD 1.6 REF,MIDI: NM_Avatar,"Juice's Vocals Paramount Ameraycan Recording Studio, North Hollywood, Los Angeles, CA.","Juice's Vocals May 26, 2018.",-,"Surfaced December 9, 2024.",3:22,Alternate Feature Demo Track ( Complete ),Original File 320kbps (.mp3)
1517,POST,162,Smile (feat. The Weeknd) [ v2 ] Song was originally called 'Sad'.,Juice WRLD,"Cxdy, Nick Mira & Taz Taylor",BJ Mekk & Unknown,Song originally began as a solo Juice WRLD track.,Sad - 72420c,MIDI: NM_Avatar,"Juice's Vocals Paramount Ameraycan Recording Studio, North Hollywood, Los Angeles, CA.","Juice's Vocals May 26, 2018. File Exported July 24, 2020.",-,"Surfaced December 9, 2024.",3:01,Alternate Feature Demo Track ( Complete ),Original File 1411kbps (.wav)
1518,POST,163,Smile (feat. Zay Loco) Song was originally called 'Sad'.,Juice WRLD,Nick Mira,BJ Mekk & Unknown,Song originally began as a solo Juice WRLD track.,,Instrumental: NM - Plea 155BPM MIDI: NM_Avatar Beat Pack: NM - Juice 5.16,"Juice's Vocals Paramount Ameraycan Recording Studio, North Hollywood, Los Angeles, CA.","Juice's Vocals May 26, 2018.",-,"Resurfaced February 1, 2026.",3:20,Feature Track ( Complete ),128kbps (.mp3)
1519,POST,164,Smile (v2) Song was originally called 'Sad'.,Juice WRLD,Nick Mira,BJ Mekk,"Song is unfinished, contains an open verse.",File Name: Juice Wrld - Sad Session Title: Juice Wrld - Sad.ptx,Instrumental: NM - Plea 155BPM MIDI: NM_Avatar Beat Pack: NM - Juice 5.16,"Paramount Ameraycan Recording Studio, North Hollywood, Los Angeles, CA.","Recorded May 26, 2018. File Exported February 3, 2020.",-,"Surfaced October 2, 2020. Session Surfaced October 2, 2020.",3:18,Alternate Solo Demo Track ( Open Verse ),Studio Session & Original Files 3072kbps (.wav) 320kbps (.mp3)
1520,POST,165,Smile ( v3 ) Song was originally called 'Sad'.,Juice WRLD,Nick Mira,BJ Mekk & Unknown,"Song is unfinished, contains an open verse.",Sad (extended 2track),Instrumental: NM - Plea 155BPM MIDI: NM_Avatar Beat Pack: NM - Juice 5.16,"Paramount Ameraycan Recording Studio, North Hollywood, Los Angeles, CA.","Recorded May 26, 2018. File Exported July 20, 2020.",-,"Surfaced December 9, 2024.",3:22,Alternate Solo Demo Track ( Open Verse ),Original File 2304kbps (.wav)
1521,POST,166,So Fake (v2) Song was originally untitled.,Juice WRLD,Richie Souf,Matthew Harvey,-,File Name: JuiceWrld - So Fake Session Title: JuiceWRLD.ptx,rs_1664_120717_9,"The Warehouse Recording Studio, Gastown, Vancouver, British Columbia, Canada.","Recorded June 9, 2018. File Exported June 24, 2021. Acapella File Exported August 26, 2021.","First Previewed June 25, 2021.","Surfaced November 28, 2021. Session Surfaced January 3, 2024.",2:02,Alternate Demo Track,Studio Session & Original Files 1411kbps (.wav) 320kbps (.mp3)
1522,POST,167,Sometimes ( v8 ) Song was originally called 'Hate The World'.,Juice WRLD,"Danny Wolf, Otxhello & Subhaan Rahmaan",Todd Bergman & Viko Marley,"Originally released on Streaming Platforms as track #5 on 'Fighting Demons (Digital Deluxe Edition)', but was replaced with an updated version containing a different instrumental and a slightly different mix.",SOMETIME JW 102021 vikomix8,,"Paramount Track Record North Studio, North Hollywood, Los Angeles, CA.","Recorded December 2, 2018. File Exported November 9, 2021.",-,"Released March 18, 2022.",4:59,Alternate Demo Track,Original File 2304kbps (.wav)
1523,POST,168,"Speed Me Up (feat. Oliver Tree, Sueco & Wiz Khalifa) Keep Up Song was originally titled 'Sonic Fries', after the instrumental.",Juice WRLD,Take A Daytrip & Zak Aron,Max Lord & Unknown,Song originally began as a solo Juice WRLD track.,,,"Juice's Vocals Home Recording Studio, Encino Hills, Los Angeles, CA.","Juice's Vocals November 8, 2019.",-,"Released February 11, 2020. Resurfaced September 7, 2025.",3:34,Feature Track ( Complete ),320kbps (.mp3)
1524,POST,169,Stay High (v2),Juice WRLD,2Fly & Sid Mallick,2Fly,-,File Name: STAY HIGH NEW VERSION Session Title (1): SESSION 14.ptx Session Title (2): STAY HIGH.ptx,Instrumental (1): AROUND THE WORLD Instrumental (2): STAY HIGH VOCALS INSTRUMENTAL,"Paramount Recording Studio, Santa Monica, Los Angeles, CA.","Recorded July 11, 2018. File Exported April 10, 2020.",-,"Surfaced March 26, 2022. Session Surfaced June 22, 2022.",3:32,Alternate Demo Track,Studio Session & Original Files 2117kbps (.wav) 192kbps (.mp3)
1525,POST,170,Stay High ( v3 ),Juice WRLD,"2Fly, Khaled Rohaim & Sid Mallick",2Fly & Khaled Rohaim,-,File Name: Khaled stay high rough fo r mix Session Title: juice stay high.logicx Folder Title: Khaled Juice Stay High m ixes,inst ref,"Paramount Recording Studio, Santa Monica, Los Angeles, CA.","Recorded July 11, 2018. File Exported July 8, 2020.",,"Multi-Tracks Surfaced October 17, 2022.",3:31,Alternate Demo Track,Multi-Track Stems & Logic Pro Export
1526,POST,171,Stay High ( v6 ),Juice WRLD,"2Fly, Khaled Rohaim & Sid Mallick",2Fly & Khaled Rohaim,-,khaled- Juice stay high REFERENCE MASTER,,"Paramount Recording Studio, Santa Monica, Los Angeles, CA.","Recorded July 11, 2018. File Exported July 9, 2020.",-,"Surfaced March 12, 2022.",2:48,Alternate Demo Track,Original File 2117kbps (.wav)
1527,POST,172,Stay High ( v7 ),Juice WRLD,"2Fly, Khaled Rohaim & Sid Mallick",2Fly & Khaled Rohaim,-,khaled- Juice STAY HIGH MIX FINAL NO MASTER,,"Paramount Recording Studio, Santa Monica, Los Angeles, CA.","Recorded July 11, 2018. File Exported July 9, 2020.",-,"Surfaced March 12, 2022.",2:48,Alternate Demo Track,Original File 2117kbps (.wav)
1528,POST,173,Stop Talking (v3) Song was originally called 'Stick Talk Shit'.,Juice WRLD,The Beat Asylum,Juice WRLD & Marcus Gibson,-,File Name: Stop Talking Session Title: stick talk shit.ptx Folder Title: Stick Talk Shit,LOCKED IN BPM150,"Unhkl Flex's Home Recording Studio, Matteson, Chicago, IL.","Recorded January 1-2, 2018.",-,"Surfaced December 31, 2023. Session Surfaced December 31, 2023.",3:15,Alternate Demo Track ( Complete ),Studio Session & Original File 320kbps (.mp3)
1529,POST,174,"Suicidal (Remix) [feat. Juice WRLD] {v2.1} Song was originally titled 'Be Mine', after the instrumental.",YNW Melly,Z3N,"AyoJuan, Chris Perez & Max Lord",Song originally began as a solo YNW Melly track.,YNW Melly Juice WRLD - be mine ML mix v2.1 ruff,MELLY BE MINE,"Melly's Vocals Fine Line Recording Studio, Miami Lakes, Hialeah, FL. Juice's Vocals Home Recording Studio, Encino Hills, Los Angeles, CA.","Melly's Vocals February 10, 2019. Juice's Vocals October 7-8, 2019. File Exported December 21, 2019.",-,"Surfaced June 16, 2023.",4:34,Alternate Feature Demo & Remix Track,Original File 2304kbps (.wav)
1530,POST,175,"Suicidal (Remix) [feat. Juice WRLD] { v3 } Song was originally titled 'Be Mine', after the instrumental.",YNW Melly,Z3N,"AyoJuan, Chris Perez, Justin Craig & Max Lord",Song originally began as a solo YNW Melly track.,Be Mine (JcraigMix1),,"Melly's Vocals Fine Line Recording Studio, Miami Lakes, Hialeah, FL. Juice's Vocals Home Recording Studio, Encino Hills, Los Angeles, CA.","Melly's Vocals February 10, 2019. Juice's Vocals October 7-8, 2019. File Exported December 29, 2019.",-,"Surfaced July 24, 2023.",4:06,Alternate Feature Demo & Remix Track,Original File 2304kbps (.wav)
1531,POST,176,"Suicidal (Remix) [feat. Juice WRLD] { v4 } Song was originally titled 'Be Mine', after the instrumental.",YNW Melly,Z3N,"AyoJuan, Chris Perez, Justin Craig & Max Lord",Song originally began as a solo YNW Melly track.,Be Mine (JcraigMix2),,"Melly's Vocals Fine Line Recording Studio, Miami Lakes, Hialeah, FL. Juice's Vocals Home Recording Studio, Encino Hills, Los Angeles, CA.","Melly's Vocals February 10, 2019. Juice's Vocals October 7-8, 2019. File Exported February 4, 2020.",-,"Surfaced November 22, 2024.",4:20,Alternate Feature Demo & Remix Track,Original File 2304kbps (.wav)
1532,POST,177,"Suicidal (Remix) [feat. Juice WRLD] { v5 } Song was originally titled 'Be Mine', after the instrumental.",YNW Melly,Z3N,"AyoJuan, Chris Perez, Justin Craig & Max Lord",Song originally began as a solo YNW Melly track.,Be Mine Pre Master,,"Melly's Vocals Fine Line Recording Studio, Miami Lakes, Hialeah, FL. Juice's Vocals Home Recording Studio, Encino Hills, Los Angeles, CA.","Melly's Vocals February 10, 2019. Juice's Vocals October 7-8, 2019. File Exported February 4, 2020.",-,"Surfaced November 22, 2024.",4:20,Alternate Feature Demo & Remix Track,Original File 2304kbps (.wav)
1533,POST,178,"Suicidal (Remix) [feat. Juice WRLD] { v6 } Song was originally titled 'Be Mine', after the instrumental.",YNW Melly,Z3N,"AyoJuan, Chris Perez, Justin Craig & Max Lord",Song originally began as a solo YNW Melly track.,Suicidal Juice Wrld Remix (JcraigMix) Master1,,"Melly's Vocals Fine Line Recording Studio, Miami Lakes, Hialeah, FL. Juice's Vocals Home Recording Studio, Encino Hills, Los Angeles, CA.","Melly's Vocals February 10, 2019. Juice's Vocals October 7-8, 2019. File Exported February 4, 2020.",-,"Surfaced November 22, 2024.",4:20,Alternate Feature Demo & Remix Track,Original Files 2117kbps (.wav) 160kbps (.mp3)
1534,POST,179,Take Me Home ( v2 ) W.B.R.F.L. | What Being Rich Feels Like,Juice WRLD,DJ Smitty & PipMadeIt,2Fly & Unknown,-,pip smitty juiceworld wbrfl 140 bpm,,"Paramount Recording Studio, Santa Monica, Los Angeles, CA.","Recorded July [ ? ], 2018.",-,"Surfaced April 29, 2021.",2:03,Alternate Demo Track,Original File 320kbps (.mp3)
1535,POST,180,Take Me Home ( v3 ) W.B.R.F.L. | What Being Rich Feels Like,Juice WRLD,Unknown,2Fly & Unknown,-,,,"Paramount Recording Studio, Santa Monica, Los Angeles, CA.","Recorded July [ ? ], 2018.",-,"Surfaced September 6, 2021.",3:10,Alternate Demo Track,320kbps (.mp3)
1536,POST,181,The Light (v1.2) [Mix 8],Juice WRLD,"Gezin, Hurtboy AG & ManOhManFoster",Max Lord,-,Juice Wrld - the light ML mix 8,argosy 4 gezin foster hurt,"Myconian Avaton Hotel Recording Studio, Elia Beach, Elia, Mykonos, Greece.","Recorded August 20, 2019. File Exported April 27, 2021.",-,"Surfaced August 23, 2023.",2:50,Alternate Demo Track,Original File 2117kbps (.wav)
1537,POST,182,The Light (v1.2) [Mix 9],Juice WRLD,"Gezin, Hurtboy AG & ManOhManFoster","Colin Leonard, Max Lord & Unknown",-,THE LIGHT (MAIN) (MIX 9) SING MASTER,,"Myconian Avaton Hotel Recording Studio, Elia Beach, Elia, Mykonos, Greece.","Recorded August 20, 2019.",-,"Surfaced June 17, 2022.",2:50,Alternate Demo Track,Original File 1411kbps (.wav)
1538,POST,183,The Party Never Ends (v4) B485 | I See In The Dark | Let The Party Start,Juice WRLD,"Carlton McDowell, SoundsBy8 & Unknown",Max Lord & Unknown,-,b487 v4.0 intro only,,"Rented Private Estate Recording Studio, Bermuda Dunes, CA.","Recorded April 11-21, 2019. File Exported March 9, 2023.","First Teased March 17, 2024.","Surfaced June 6, 2025.",1:01,Alternate Demo Track,Original File 2117kbps (.wav)
1539,POST,184,"The Party Never Ends & Rental (Intro) [Merged] {v2} B485 | I See In The Dark | Let The Party Start & Cha-Ching Rental was originally titled 'K', after the instrumental.",Juice WRLD,"Carlton McDowell, Seezyn, SoundsBy8 & Unknown",Max Lord & Unknown,-,TPNE intro b485 rental merged v2,,"Rental Vocals Rented Home Recording Studio, West Hollywood, Los Angeles, CA. The Party Never Ends Vocals Rented Private Estate Recording Studio, Bermuda Dunes, CA.","Rental Vocals November 10, 2018. The Party Never Ends Vocals April 11-21, 2019.",-,"Surfaced January 25, 2026.",5:11,Alternate Edit Demo Track,Original File 3072kbps (.wav)
1540,POST,185,The Way (with XXXTENTACION) [v1] D.Y.K.T.W. Song was originally called 'Do You Know The Way?'.,Juice WRLD & XXXTENTACION,John Cunningham & Robbie Soukiasyan,John Cunningham & Max Lord,"Official edit made by John Cunningham & Max Lord, reusing Juice WRLD's vocals from 'Traveling'.",DoYouKnowTheWay InProg1,,"Juice's Vocals Paramount Recording Studio, Santa Monica, Los Angeles, CA.","XXX's Vocals February [ ? ], 2018. Juice's Vocals June 17-18, 2018.","First Previewed April 14, 2022.","Surfaced April 20, 2022.",3:50,Official Original Edit Demo Track,Original File 320kbps (.mp3)
1541,POST,186,The Way (with XXXTENTACION) [ v2 ] D.Y.K.T.W. Song was originally called 'Do You Know The Way?'.,Juice WRLD & XXXTENTACION,John Cunningham & Robbie Soukiasyan,John Cunningham & Max Lord,"Official edit made by John Cunningham & Max Lord, reusing Juice WRLD's vocals from 'Traveling'.",,,"Juice's Vocals Paramount Recording Studio, Santa Monica, Los Angeles, CA.","XXX's Vocals February [ ? ], 2018. Juice's Vocals June 17-18, 2018.","First Previewed May 12, 2022.","Surfaced May 14, 2022.",3:50,Official Alternate Edit Demo Track,320kbps (.mp3)
1542,POST,187,Thousand Times (feat. Miley Cyrus) Been Through This,Juice WRLD,Ilya Salmanzadeh & Max Martin,"Cory Bice, Ilya Salmanzadeh & Unknown",Song originally began as a solo Juice WRLD track.,,,"Juice's Vocals MXM Recording Studio, West Hollywood, Los Angeles, CA.","Juice's Vocals February 1, 2019.",-,"Surfaced July 7, 2020.",3:16,Throwaway Track,320kbps (.mp3)
1543,POST,188,Titanic (v1) [Pre-Master] Song was originally called 'Midnight'.,Juice WRLD,"DY Krazy, Maher Woo-Shear & Rex Kudo",Max Lord,-,Juice Wrld - midnight v1.0 (DYLONDONVIBE12rex) PREMASTER,DYLONDONVIBE12rex,"Home Recording Studio, Encino Hills, Los Angeles, CA.","Recorded July 16, 2019. File Exported July 8, 2020.",-,"Surfaced August 16, 2023.",2:56,Alternate Demo Track,Original File 2117kbps (.wav)
1544,POST,189,Titanic ( v2 ) Song was originally called 'Midnight'.,Juice WRLD,"DY Krazy, Maher Woo-Shear & Rex Kudo","Max Lord, Tatsuya Sato & Unknown",-,03 Midnight - main (mastered ts),,"Home Recording Studio, Encino Hills, Los Angeles, CA.","Recorded July 16, 2019. File Exported July 8, 2020.",-,"Surfaced September 16, 2022.",2:56,Alternate Demo Track,Original File 1411kbps (.wav)
1545,POST,190,To The Face (v2) Up In London,Juice WRLD,Cecil Remmler & Marek Pompetzki,Cecil Remmler & Marek Pompetzki,-,Juice World - To the Face (prod FNSHRS),,"Kung Fu Recording Studios, Kreuzberg, Berlin, Germany.","Recorded June 30, 2018.",-,"Surfaced April 29, 2024.",3:50,Alternate Demo Track,Studio Session & Original File 320kbps (.mp3)
1546,POST,191,To The Grave (v2),Juice WRLD,Nick Mira,Justin Craig & Robert Mefford,-,File Name: TO THE GRAVE (JcraigMix) Session Title: 417-1.ptx Folder Title: TO THE GRAVE,Instrumental: NM - Olde 149BPM Loop Stems: NM_Ivy 140 Loop Kit: Nick Mira - Gasolina 2 Beat Pack: Nick Mira - March 18,"Glass Tree Creative Recording Studio, Downtown, Chicago, IL.","Recorded April 17, 2018. File Exported February 8, 2020.",-,"Surfaced March 27, 2021. Session Surfaced June 28, 2023.",2:21,Alternate Demo Track,Studio Session & Original Files 2117kbps (.wav) 160kbps (.mp3)
1547,POST,192,Together (feat. G Herbo) [v1] Forever | My Gang,Juice WRLD,Hit-Boy & No I.D.,Max Lord & Nick White,Samples Mariah Carey's 'We Belong Together'. Song originally began as a solo Juice WRLD track.,Together - Mbw Mix V1 - Swerv x Juice,NOID x HB mariah,"Juice's Vocals Blue Room West Recording Studio, West Hollywood, Los Angeles, CA.","Juice's Vocals January 22, 2019.",-,"Surfaced June 14, 2025.",2:49,Original Feature Demo Track,Original File 320kbps (.mp3)
1548,POST,193,Together (feat. G Herbo) [v4] Forever | My Gang,Juice WRLD,Hit-Boy & No I.D.,Max Lord & Nick White,Samples Mariah Carey's 'We Belong Together'. Song originally began as a solo Juice WRLD track.,Together - Mbw Mix V4 - Swerv x Juice,NOID x HB mariah,"Juice's Vocals Blue Room West Recording Studio, West Hollywood, Los Angeles, CA.","Juice's Vocals January 22, 2019.",-,"Surfaced February 16, 2026.",2:43,Alternate Feature Demo Track,Original File 320kbps (.mp3)
1549,POST,194,Together (feat. G Herbo) [ v5 ] Forever | My Gang,Juice WRLD,Hit-Boy & No I.D.,Max Lord & Nick White,Samples Mariah Carey's 'We Belong Together'. Song originally began as a solo Juice WRLD track.,Together - Mbw Mix V1 2025- Swerv x Juice,NOID x HB mariah,"Juice's Vocals Blue Room West Recording Studio, West Hollywood, Los Angeles, CA.","Juice's Vocals January 22, 2019.",-,"Surfaced February 16, 2026.",3:00,Alternate Feature Demo Track,Original File 320kbps (.mp3)
1550,POST,195,Tonight (feat. Valee) [v2],Juice WRLD,Murda Beatz & Smokescreen,BJ Mekk,-,File Name: Juice Wrld - Tonight Session Title: Juice Wrld - Tonight.ptx Folder Title: Juice Wrld -Tonight,chi chi 135,"Paramount Ameraycan Recording Studio, North Hollywood, Los Angeles, CA.","Recorded May 22, 2018. File Exported February 3, 2020.",-,"Surfaced June 11, 2021. Session Surfaced June 11, 2021.",3:19,Alternate Feature Demo Track ( Complete ),Studio Session & Original Files 3072kbps (.wav) 320kbps (.mp3)
1551,POST,196,Tribe (feat. M.I.A.) [ v1 ],Juice WRLD,"Heavy Mellow, Rex Kudo & Unknown","Heavy Mellow, Manny Marroquin, Matteo Galesi, Rex Kudo & Unknown",Song originally began as a solo Juice WRLD track.,M-TRIBE-mix-1-16Bit.wav,Instrumental Stems: Tribe,"Juice's Vocals Matteo Galesi's Tileyard Recording Studio, London, England. M.I.A.'s Vocals Rex Kudo's Home Recording Studio, Pacific Palisades, Los Angeles, CA.","Juice's Vocals July 9, 2019. M.I.A.'s Vocals May 19. 2020. File Exported May 19, 2020.","First Previewed January 7, 2022.","Surfaced March 1, 2022.",3:05,Original Feature Demo Track,Original File 125kbps (.m4a)
1552,POST,197,Tribe (feat. M.I.A.) [ v2 ],Juice WRLD,"Heavy Mellow, Rex Kudo & Unknown","Heavy Mellow, Matteo Galesi, Rex Kudo & Unknown",Song originally began as a solo Juice WRLD track.,2020.07.28 TRIBE - MIA ft. JUICE WRLD 103 BPM PT REF,Instrumental Stems: Tribe,"Juice's Vocals Matteo Galesi's Tileyard Recording Studio, London, England. M.I.A.'s Vocals Rex Kudo's Home Recording Studio, Pacific Palisades, Los Angeles, CA.","Juice's Vocals July 9, 2019. M.I.A.'s Vocals May 19-20. 2020. File Exported July 28, 2020.",-,"Surfaced December 5, 2022.",3:04,Alternate Feature Demo Track,Original File 320kbps (.mp3)
1553,POST,198,Tribe (feat. M.I.A.) [ v3 ],Juice WRLD,"Heavy Mellow, Rex Kudo & Unknown","Heavy Mellow, Manny Marroquin, Matteo Galesi, Rex Kudo & Unknown",Song originally began as a solo Juice WRLD track.,M-TRIBE-update.2-16Bit,Instrumental Stems: Tribe,"Juice's Vocals Matteo Galesi's Tileyard Recording Studio, London, England. M.I.A.'s Vocals Rex Kudo's Home Recording Studio, Pacific Palisades, Los Angeles, CA.","Juice's Vocals July 9, 2019. M.I.A.'s Vocals May 19-20. 2020. File Exported November 16, 2020.",-,"Surfaced October 24, 2022.",2:55,Alternate Feature Demo Track,Original File 1411kbps (.wav)
1554,POST,199,Tribe (feat. M.I.A.) [ v5 ],Juice WRLD,"Heavy Mellow, Rex Kudo & Unknown","Heavy Mellow, Manny Marroquin, Matteo Galesi, Rex Kudo & Unknown",Song originally began as a solo Juice WRLD track.,M-TRIBE-update.4.MAIN,Instrumental Stems: Tribe,"Juice's Vocals Matteo Galesi's Tileyard Recording Studio, London, England. M.I.A.'s Vocals Rex Kudo's Home Recording Studio, Pacific Palisades, Los Angeles, CA.","Juice's Vocals July 9, 2019. M.I.A.'s Vocals May 19-20. 2020. File Exported January 28, 2021.",-,"Surfaced October 24, 2022.",2:55,Alternate Feature Demo Track,Original File 2117kbps (.wav)
1555,POST,200,Until The Plug Comes Back Around (v2.5) Song was originally called 'Ration'.,Juice WRLD,"Audio Jacc, Gezin, Max Lord & No Love For The Middle Child",Max Lord,-,Juice Wrld - ration ML mix v2.5 (jga 1 gezin ML),Instrumental: jga 1 Loop: night in london_143BPM_Dm - Part_1 Instrumental Stems: jga 1_2,"Home Recording Studio, Encino Hills, Los Angeles, CA.","Recorded October 7-8, 2019.",-,"Surfaced May 26, 2024.",2:55,Alternate Demo Track,Original File 320kbps (.mp3)
1556,POST,201,Until The Plug Comes Back Around ( v3 ) Song was originally called 'Ration'.,Juice WRLD,"Audio Jacc, Gezin, Max Lord & No Love For The Middle Child",Max Lord & Unknown,-,16. Until The Plug Comes Back Around - ration v1.2 (jga 1 gezin),Instrumental: jga 1 Loop: night in london_143BPM_Dm - Part_1 Instrumental Stems: jga 1_2,"Home Recording Studio, Encino Hills, Los Angeles, CA.","Recorded October 7-8, 2019. .L/.R Files Exported November 2, 2021.",-,"Surfaced January 5, 2024.",3:34,Alternate Demo Track,Original Files .L/.R 1058kbps (.wav)
1557,POST,202,Wait 4 Me (feat. G Herbo) 808 Freestyle | Wait For Me | Split My Brains,Juice WRLD & G Herbo,"Max Lord, Rex Kudo & Southside",Max Lord & Nick White,Shares a very similar instrumental with Pyrex's 'Break Through'. Song originally began as a solo Juice WRLD track.,Wait 4 me V1- Swerv x Juice (Mbw),Instrumental: SML39REX Open Verse File: Herbert open wait 4 me v1.2 (SML39rex) Fm 160bpm,"Juice's Vocals Home Recording Studio, Encino Hills, Los Angeles, CA.","Juice's Vocals June 27, 2019. File Exported November 13, 2024.",-,"Surfaced June 14, 2025.",3:24,Feature Track,Original File 251kbps (.m4a)
1558,POST,203,Wait 4 Me (v1.2) 808 Freestyle | Wait For Me | Split My Brains,Juice WRLD,"Max Lord, Rex Kudo & Southside",Max Lord & Nick White,Open verse version of the song which was sent to G Herbo. Shares a very similar instrumental with Pyrex's 'Break Through'.,Herbert open wait 4 me v1.2 (SML39rex) Fm 160bpm,SML39REX,"Home Recording Studio, Encino Hills, Los Angeles, CA.","Recorded June 27, 2019. File Exported September 12, 2024.",-,"Surfaced February 16, 2026.",3:24,Alternate Demo Track ( Open Verse ),Original File 262kbps (.m4a)
1559,POST,204,Wandered To L.A. (feat. Justin Bieber) [ v2 ] Song was originally called 'Toxic Hotel Room'.,Juice WRLD,HARV & Louis Bell,Louis Bell & Unknown,Song originally began as a solo Juice WRLD track.,Wandered To LA (feat - Justin Bieber) (11.16.2021) (LB Version 1),Instrumental Stems: Wander To LA x HARV HARV,"Juice's Vocals Electric Feel Recording Studio, West Hollywood, Los Angeles, CA.","Juice's Vocals March 1, 2018. .L/.R Files Exported November 16, 2021.",-,"Surfaced August 21, 2025.",3:24,Alternate Feature Demo Track ( Complete ),Original Files .L/.R 1058kbps (.wav)
1560,POST,205,Wandered To L.A. ( v2 ) Song was originally called 'Toxic Hotel Room'.,Juice WRLD,HARV & Louis Bell,Louis Bell & Unknown,Open verse version of the song which was sent to Justin Bieber.,,,"Electric Feel Recording Studio, West Hollywood, Los Angeles, CA.","Recorded March 1, 2018.",-,"Surfaced September 19, 2022.",2:10,Alternate Solo Demo Track ( Open Verse ),320kbps (.mp3)
1561,POST,206,Wishing Well ( v2 ) I Can't Breathe Song was originally called 'Lauryn Hill'.,Juice WRLD,Chopsquad DJ & Dr. Luke,2Fly & Unknown,-,Juice WRLD - Lauryn Hill (Wishing Well) 1.5 alt b,BOOMINATI DJ 213 (luke),"Blue Room West Recording Studio, West Hollywood, Los Angeles, CA.","Recorded April 9, 2018.",-,"Surfaced December 9, 2024.",3:15,Alternate Demo Track,Original File 320kbps (.mp3)
1562,POST,207,Worth It ( v4 ) Common Sense,Juice WRLD,G. Ry & Hit-Boy,Max Lord,"Song is unfinished, contains an open verse.",Juice Wrld - chalice 2018 236 v4 worth it OPEN,chalice 2018-236 v4,"Rented Home Recording Studio, Beverly Hills, Los Angeles, CA.","Recorded February 7-15, 2019.",-,"Surfaced November 24, 2024.",2:23,Alternate Demo Track ( Open Verse ),Original File 320kbps (.mp3)
1563,POST,208,You Wouldn't Understand (v2.2) Outrage | U Wouldn't Understand,Juice WRLD,"Gezin, Max Lord, Nedo & Nils",Max Lord,Samples YNW Melly's 'Nobody's Around'.,juice wrld - u wouldnt understand v2.2 ML MIX,LAFC 4_Master,"Rented Home Recording Studio, West Hollywood, Los Angeles, CA.","Recorded November 9, 2018. File Exported March 6, 2021.",-,"Surfaced August 25, 2023.",2:50,Alternate Demo Track,Original Files 2117kbps (.wav) 320kbps (.mp3)
1564,POST,209,You Wouldn't Understand (v2.5) Outrage | U Wouldn't Understand,Juice WRLD,"Gezin, Max Lord, Nedo & Nils",Max Lord,Samples YNW Melly's 'Nobody's Around'.,juice wrld - u wouldnt understand v2.5 ML MIX,LAFC 4_Master,"Rented Home Recording Studio, West Hollywood, Los Angeles, CA.","Recorded November 9, 2018.",-,"Surfaced June 9, 2025.",2:50,Alternate Demo Track,Original File 320kbps (.mp3)
1565,POST,210,You Wouldn't Understand (v2.7) Outrage | U Wouldn't Understand,Juice WRLD,"Gezin, Max Lord, Nedo & Nils",Max Lord,Samples YNW Melly's 'Nobody's Around'.,juice wrld - u wouldnt understand v2.7 ML MIX,LAFC 4_Master,"Rented Home Recording Studio, West Hollywood, Los Angeles, CA.","Recorded November 9, 2018. File Exported March 7, 2021.",-,"Surfaced August 25, 2023.",2:50,Alternate Demo Track,Original File 320kbps (.mp3)
1566,POST,211,You Wouldn't Understand (v2.7) [Mix 2] Outrage | U Wouldn't Understand,Juice WRLD,"Gezin, Max Lord, Nedo & Nils",Max Lord,Samples YNW Melly's 'Nobody's Around'.,juice wrld - u wouldnt understand v2.7 ML MIX 2,LAFC 4_Master,"Rented Home Recording Studio, West Hollywood, Los Angeles, CA.","Recorded November 9, 2018. File Exported March 7, 2021.",-,"Surfaced December 25, 2024.",2:50,Alternate Demo Track,Original File 320kbps (.mp3)
1567,POST,212,You Wouldn't Understand (v3.1) Outrage | U Wouldn't Understand,Juice WRLD,"Gezin, Max Lord, Nedo & Nils",Max Lord,Samples YNW Melly's 'Nobody's Around'.,juice wrld - u wouldnt understand v3.1 ML MIX,LAFC 4_Master,"Rented Home Recording Studio, West Hollywood, Los Angeles, CA.","Recorded November 9, 2018. File Exported March 8, 2021.",-,"Surfaced August 25, 2023.",2:50,Alternate Demo Track,Original File 320kbps (.mp3)
1568,POST,213,You Wouldn't Understand (v3.2) Outrage | U Wouldn't Understand,Juice WRLD,"Gezin, Max Lord, Nedo & Nils",Max Lord,Samples YNW Melly's 'Nobody's Around'.,juice wrld - u wouldnt understand v3.2 mixed bass,LAFC 4_Master,"Rented Home Recording Studio, West Hollywood, Los Angeles, CA.","Recorded November 9, 2018. File Exported March 8, 2021.",-,"Surfaced August 25, 2023.",2:50,Alternate Demo Track,Original File 320kbps (.mp3)
1569,POST,214,You Wouldn't Understand (v3.3) Outrage | U Wouldn't Understand,Juice WRLD,"Gezin, Max Lord, Nedo & Nils",Max Lord,Samples YNW Melly's 'Nobody's Around'.,juice wrld - u wouldnt understand v3.3 ML inkey,LAFC 4_Master,"Rented Home Recording Studio, West Hollywood, Los Angeles, CA.","Recorded November 9, 2018. File Exported March 8, 2021.",-,"Surfaced August 25, 2023.",2:50,Alternate Demo Track,Original File 320kbps (.mp3)
1570,POST,215,You Wouldn't Understand (v3.4) Outrage | U Wouldn't Understand,Juice WRLD,"Gezin, Max Lord, Nedo & Nils",Max Lord,Samples YNW Melly's 'Nobody's Around'.,juice wrld - u wouldnt understand ML MIX v3.4,LAFC 4_Master,"Rented Home Recording Studio, West Hollywood, Los Angeles, CA.","Recorded November 9, 2018. File Exported March 8, 2021.",-,"Surfaced August 25, 2023.",2:50,Alternate Demo Track,Original File 320kbps (.mp3)
1571,POST,216,You Wouldn't Understand (v3.4) [LIM] Outrage | U Wouldn't Understand,Juice WRLD,"Gezin, Max Lord, Nedo & Nils",Max Lord,Samples YNW Melly's 'Nobody's Around'.,juice wrld - u wouldnt understand ML MIX v3.4 LIM,LAFC 4_Master,"Rented Home Recording Studio, West Hollywood, Los Angeles, CA.","Recorded November 9, 2018. File Exported March 9, 2021.",-,"Surfaced August 25, 2023.",2:50,Alternate Demo Track,Original File 320kbps (.mp3)
1572,POST,217,You Wouldn't Understand (v3.4) [Mix 2] Outrage | U Wouldn't Understand,Juice WRLD,"Gezin, Max Lord, Nedo & Nils",Max Lord,Samples YNW Melly's 'Nobody's Around'.,juice wrld - u wouldnt understand ML MIX v3.4 2,LAFC 4_Master,"Rented Home Recording Studio, West Hollywood, Los Angeles, CA.","Recorded November 9, 2018. File Exported March 9, 2021.",-,"Surfaced December 25, 2024.",2:50,Alternate Demo Track,Original File 320kbps (.mp3)
1573,POST,218,You Wouldn't Understand (v3) Outrage | U Wouldn't Understand,Juice WRLD,"Gezin, Max Lord, Nedo & Nils",Max Lord,Samples YNW Melly's 'Nobody's Around'.,juice wrld - u wouldnt understand v3.0 ML MIX,LAFC 4_Master,"Rented Home Recording Studio, West Hollywood, Los Angeles, CA.","Recorded November 9, 2018. File Exported March 8, 2021.",-,"Surfaced December 25, 2024.",2:50,Alternate Demo Track,Original File 320kbps (.mp3)
1574,POST,219,You Wouldn't Understand (v3) [Mix 2] Outrage | U Wouldn't Understand,Juice WRLD,"Gezin, Max Lord, Nedo & Nils",Max Lord,Samples YNW Melly's 'Nobody's Around'.,juice wrld - u wouldnt understand v3.0 ML MIX 2,LAFC 4_Master,"Rented Home Recording Studio, West Hollywood, Los Angeles, CA.","Recorded November 9, 2018. File Exported March 8, 2021.",-,"Surfaced December 25, 2024.",2:50,Alternate Demo Track,Original File 320kbps (.mp3)
1575,POST,220,You Wouldn't Understand (v3) [Mix 3] Outrage | U Wouldn't Understand,Juice WRLD,"Gezin, Max Lord, Nedo & Nils",Max Lord,Samples YNW Melly's 'Nobody's Around'.,juice wrld - u wouldnt understand v3.0 ML MIX 3,LAFC 4_Master,"Rented Home Recording Studio, West Hollywood, Los Angeles, CA.","Recorded November 9, 2018. File Exported March 8, 2021.",-,"Surfaced August 25, 2023.",2:50,Alternate Demo Track,Original File 320kbps (.mp3)
1576,POST,221,Your Mom (v1.1) Baked Up | Ur Mom Song was originally untitled.,Juice WRLD,Styn,Max Lord,-,File Name: Juice Wrld - ur mom v1.1 TIJD Session Title: RIDDER TIJD styn v1.1.ptx Folder Title: RIDDER TIJD styn,RIDDER TIJD [prod by styn],"Rented Private Estate Recording Studio, Bermuda Dunes, CA.","Recorded April 19, 2019. File Exported December 24, 2023.",-,"Surfaced January 21, 2026. Session Surfaced January 25, 2026.",2:23,Alternate Demo Track ( Complete ),Studio Session & Original Files 2822kbps (.wav) 320kbps (.mp3) 262kbps (.m4a)
1578,POST,1,Man Of The Year ( v10 ) Man Of The Year ( 999 ) | M.O.T.Y. Song was originally called 'Breakthrough'.,Juice WRLD,"Heavy Mellow, Joe Reeves, Rex Kudo & Skrillex","Adam Lunn, Heavy Mellow, Max Lord, Rex Kudo & Unknown",-,Session Title: moty for skrill 3 heavy edits w rex so close .als Folder Title: moty for skrill Project,,"Wendyhouse Production Studio, Shepherd's Bush, London, England.","Recorded July 6, 2019.",-,"Surfaced June 10, 2025. Session Surfaced June 10, 2025.",4:24,Alternate Demo Track ( Unexported ) [ Complete ],Studio Session & Ableton Export
1579,POST,2,Man Of The Year ( v11 ) Man Of The Year ( 999 ) | M.O.T.Y. Song was originally called 'Breakthrough'.,Juice WRLD,"Heavy Mellow, Joe Reeves, Rex Kudo & Skrillex","Adam Lunn, Heavy Mellow, Max Lord, Rex Kudo & Unknown",-,Session Title: moty for skrill 3 heavy edits w rex so close fuck.als Folder Title: moty for skrill Project,,"Wendyhouse Production Studio, Shepherd's Bush, London, England.","Recorded July 6, 2019.",-,"Surfaced June 10, 2025. Session Surfaced June 10, 2025.",3:51,Alternate Demo Track ( Unexported ) [ Complete ],Studio Session & Ableton Export
1580,POST,3,Man Of The Year ( v12 ) Man Of The Year ( 999 ) | M.O.T.Y. Song was originally called 'Breakthrough'.,Juice WRLD,"Heavy Mellow, Joe Reeves, Rex Kudo & Skrillex","Adam Lunn, Heavy Mellow, Max Lord, Rex Kudo & Unknown",-,Session Title: moty for skrill 3 heavy edits w rex so close sonnys awake now.als Folder Title: moty for skrill Project,,"Wendyhouse Production Studio, Shepherd's Bush, London, England.","Recorded July 6, 2019.",-,"Surfaced June 10, 2025. Session Surfaced June 10, 2025.",3:40,Alternate Demo Track ( Unexported ) [ Complete ],Studio Session & Ableton Export
1581,POST,4,Man Of The Year ( v13 ) Man Of The Year ( 999 ) | M.O.T.Y. Song was originally called 'Breakthrough'.,Juice WRLD,"Heavy Mellow, Joe Reeves, Rex Kudo & Skrillex","Adam Lunn, Heavy Mellow, Max Lord, Rex Kudo & Unknown",-,Session Title: moty for skrill 3 heavy edits w rex so close sonnys awake now 2.als Folder Title: moty for skrill Project,,"Wendyhouse Production Studio, Shepherd's Bush, London, England.","Recorded July 6, 2019.",-,"Surfaced June 10, 2025. Session Surfaced June 10, 2025.",3:29,Alternate Demo Track ( Unexported ) [ Complete ],Studio Session & Ableton Export
1582,POST,5,Man Of The Year ( v15 ) Man Of The Year ( 999 ) | M.O.T.Y. Song was originally called 'Breakthrough'.,Juice WRLD,"Heavy Mellow, Joe Reeves, Rex Kudo & Skrillex","Adam Lunn, Heavy Mellow, Max Lord, Rex Kudo & Unknown",-,Session Title: MOTY skril 4.als Folder Title: moty for skrill Project,,"Wendyhouse Production Studio, Shepherd's Bush, London, England.","Recorded July 6, 2019.",-,"Surfaced June 10, 2025. Session Surfaced June 10, 2025.",2:18,Alternate Demo Track ( Unexported ) [ Complete ],Studio Session & Ableton Export
1583,POST,6,Man Of The Year ( v17 ) Man Of The Year ( 999 ) | M.O.T.Y. Song was originally called 'Breakthrough'.,Juice WRLD,"Heavy Mellow, Joe Reeves, Rex Kudo & Skrillex","Adam Lunn, Heavy Mellow, Max Lord, Rex Kudo & Unknown",-,Session Title: MOTY skril mix basic stems.als Folder Title: MOTY skril mix basic stems Project,,"Wendyhouse Production Studio, Shepherd's Bush, London, England.","Recorded July 6, 2019.",-,"Surfaced June 10, 2025. Session Surfaced June 10, 2025.",2:40,Alternate Demo Track ( Unexported ) [ Complete ],Studio Session & Ableton Export
1584,POST,7,Man Of The Year ( v2 ) Man Of The Year ( 999 ) | M.O.T.Y. Song was originally called 'Breakthrough'.,Juice WRLD,"Heavy Mellow, Joe Reeves, Rex Kudo & Skrillex","Adam Lunn, Heavy Mellow, Max Lord, Rex Kudo & Unknown",-,Session Title: juice wrld man of the year jul 6 2020.als Folder Title: juice wrld man of the year jul 6 2020 Project,,"Wendyhouse Production Studio, Shepherd's Bush, London, England.","Recorded July 6, 2019.",-,"Surfaced June 10, 2025. Session Surfaced June 10, 2025.",2:20,Alternate Demo Track ( Unexported ) [ Complete ],Studio Session & Ableton Export
1585,POST,8,Man Of The Year ( v3 ) Man Of The Year ( 999 ) | M.O.T.Y. Song was originally called 'Breakthrough'.,Juice WRLD,"Heavy Mellow, Joe Reeves, Rex Kudo & Skrillex","Adam Lunn, Heavy Mellow, Max Lord, Rex Kudo & Unknown",-,Session Title: juice wrld man of the year jul 6 2020.als2.als Folder Title: juice wrld man of the year jul 6 2020 Project,,"Wendyhouse Production Studio, Shepherd's Bush, London, England.","Recorded July 6, 2019.",-,"Surfaced June 10, 2025. Session Surfaced June 10, 2025.",2:23,Alternate Demo Track ( Unexported ) [ Complete ],Studio Session & Ableton Export
1586,POST,9,Man Of The Year ( v4 ) Man Of The Year ( 999 ) | M.O.T.Y. Song was originally called 'Breakthrough'.,Juice WRLD,"Heavy Mellow, Joe Reeves, Rex Kudo & Skrillex","Adam Lunn, Heavy Mellow, Max Lord, Rex Kudo & Unknown",-,Session Title: juice wrld man of the year jul 6 2020 roughed up vocals intro.als Folder Title: juice wrld man of the year jul 6 2020 Project,,"Wendyhouse Production Studio, Shepherd's Bush, London, England.","Recorded July 6, 2019.",-,"Surfaced June 10, 2025. Session Surfaced June 10, 2025.",2:23,Alternate Demo Track ( Unexported ) [ Complete ],Studio Session & Ableton Export
1587,POST,10,Man Of The Year ( v5 ) Man Of The Year ( 999 ) | M.O.T.Y. Song was originally called 'Breakthrough'.,Juice WRLD,"Heavy Mellow, Joe Reeves, Rex Kudo & Skrillex","Adam Lunn, Heavy Mellow, Max Lord, Rex Kudo & Unknown",-,Session Title: juice wrld man of the year jul 6 2020 roughed up vocals intro flattened.als Folder Title: juice wrld man of the year jul 6 2020 Project,,"Wendyhouse Production Studio, Shepherd's Bush, London, England.","Recorded July 6, 2019.",-,"Surfaced June 10, 2025. Session Surfaced June 10, 2025.",2:23,Alternate Demo Track ( Unexported ) [ Complete ],Studio Session & Ableton Export
1588,POST,11,Man Of The Year ( v6 ) Man Of The Year ( 999 ) | M.O.T.Y. Song was originally called 'Breakthrough'.,Juice WRLD,"Heavy Mellow, Joe Reeves, Rex Kudo & Skrillex","Adam Lunn, Heavy Mellow, Max Lord, Rex Kudo & Unknown",-,Session Title: moty for skrill.als Folder Title: moty for skrill Project,,"Wendyhouse Production Studio, Shepherd's Bush, London, England.","Recorded July 6, 2019.",-,"Surfaced June 10, 2025. Session Surfaced June 10, 2025.",2:26,Alternate Demo Track ( Unexported ) [ Complete ],Studio Session & Ableton Export
1589,POST,12,Man Of The Year ( v7 ) Man Of The Year ( 999 ) | M.O.T.Y. Song was originally called 'Breakthrough'.,Juice WRLD,"Heavy Mellow, Joe Reeves, Rex Kudo & Skrillex","Adam Lunn, Heavy Mellow, Max Lord, Rex Kudo & Unknown",-,Session Title: moty for skrill 2.als Folder Title: moty for skrill Project,,"Wendyhouse Production Studio, Shepherd's Bush, London, England.","Recorded July 6, 2019.",-,"Surfaced June 10, 2025. Session Surfaced June 10, 2025.",2:56,Alternate Demo Track ( Unexported ) [ Complete ],Studio Session & Ableton Export
1590,POST,13,Man Of The Year ( v8 ) Man Of The Year ( 999 ) | M.O.T.Y. Song was originally called 'Breakthrough'.,Juice WRLD,"Heavy Mellow, Joe Reeves, Rex Kudo & Skrillex","Adam Lunn, Heavy Mellow, Max Lord, Rex Kudo & Unknown",-,Session Title: moty for skrill 3.als Folder Title: moty for skrill Project,,"Wendyhouse Production Studio, Shepherd's Bush, London, England.","Recorded July 6, 2019.",-,"Surfaced June 10, 2025. Session Surfaced June 10, 2025.",4:02,Alternate Demo Track ( Unexported ) [ Complete ],Studio Session & Ableton Export
1591,POST,14,Man Of The Year ( v9 ) Man Of The Year ( 999 ) | M.O.T.Y. Song was originally called 'Breakthrough'.,Juice WRLD,"Heavy Mellow, Joe Reeves, Rex Kudo & Skrillex","Adam Lunn, Heavy Mellow, Max Lord, Rex Kudo & Unknown",-,Session Title: moty for skrill 3 heavy edits w rex.als Folder Title: moty for skrill Project,,"Wendyhouse Production Studio, Shepherd's Bush, London, England.","Recorded July 6, 2019.",-,"Surfaced June 10, 2025. Session Surfaced June 10, 2025.",3:43,Alternate Demo Track ( Unexported ) [ Complete ],Studio Session & Ableton Export
1592,POST,15,No Coaster (feat. Polo G) [v2] Do The Most | The Coast,Juice WRLD,"Andrew Watt, Louis Bell & Nick Mira",Florian Ongonga & Todd Hurtt,Song originally began as a solo Juice WRLD track.,Session Title: JUICE x POLO G - NO COSTER v3 for mix.ptx Folder Title: 11 COSTER,Instrumental: nm x lou x watt - goldfish 135BPM Loop (1): Idea 1 (Immortal Goldfish) - 01 - Slide Guitar 1 (130 BPM) Loop (2): Idea 1 (Immortal Goldfish) - 02 - Guitar 1 (130 BPM) Loop (3): Idea 1 (Immortal Goldfish) - 03 - Guitar Verse (130 BPM) Beat Pack: nick juice oct 29 2018,"Juice's Vocals Tree Sound Recording Studio, Norcross, Atlanta, GA.","Juice's Vocals November 29, 2018. Polo G's Vocals October 21, 2021.",-,"Surfaced June 22, 2022. Session Surfaced June 22, 2022.",5:12,Alternate Feature Demo Track ( Unexported ),Studio Session & Pro Tools Export
1593,POST,16,Sexual Healing (v2) Song was originally untitled.,Juice WRLD,Danny Wolf,Kevin Celik,-,Session Title: JUICE 12.4 1 NEW.ptx Folder Title: JUICE 12.4 1,Dusty World (160bpm),"Paramount Track Record North Studio, North Hollywood, Los Angeles, CA.","Recorded December 5, 2018.",-,"Surfaced September 24, 2025. Session Surfaced September 24, 2025.",2:29,Alternate Demo Track ( Unexported ),Studio Session & Pro Tools Export
1594,,,,,,,,,,,,,,,,
